card_id,name,card_type,set,number,wiki_url,hp,stage,energy_type,weakness,retreat,prize,ability_text,attacks,effect_text,rulings
1,Basic {G} Energy,BASIC_ENERGY,Base Set,99,https://bulbapedia.bulbagarden.net/wiki/Basic_Grass_Energy_%28TCG%29,,,GRASS,,,,,,,
2,Basic {R} Energy,BASIC_ENERGY,Base Set,98,https://bulbapedia.bulbagarden.net/wiki/Basic_Fire_Energy_%28TCG%29,,,FIRE,,,,,,,
3,Basic {W} Energy,BASIC_ENERGY,Base Set,102,https://bulbapedia.bulbagarden.net/wiki/Basic_Water_Energy_%28TCG%29,,,WATER,,,,,,,
4,Basic {L} Energy,BASIC_ENERGY,Base Set,100,https://bulbapedia.bulbagarden.net/wiki/Basic_Lightning_Energy_%28TCG%29,,,LIGHTNING,,,,,,,
5,Basic {P} Energy,BASIC_ENERGY,Base Set,101,https://bulbapedia.bulbagarden.net/wiki/Basic_Psychic_Energy_%28TCG%29,,,PSYCHIC,,,,,,,
6,Basic {F} Energy,BASIC_ENERGY,Base Set,97,https://bulbapedia.bulbagarden.net/wiki/Basic_Fighting_Energy_%28TCG%29,,,FIGHTING,,,,,,,
7,Basic {D} Energy,BASIC_ENERGY,Diamond & Pearl,129,https://bulbapedia.bulbagarden.net/wiki/Basic_Darkness_Energy_%28TCG%29,,,DARKNESS,,,,,,,
8,Basic {M} Energy,BASIC_ENERGY,Diamond & Pearl,130,https://bulbapedia.bulbagarden.net/wiki/Basic_Metal_Energy_%28TCG%29,,,METAL,,,,,,,
9,Boomerang Energy,SPECIAL_ENERGY,Twilight Masquerade,166,https://bulbapedia.bulbagarden.net/wiki/Boomerang_Energy_%28Twilight_Masquerade_166%29,,,COLORLESS,,,,,,,"If the Stadium card  is in play, Boomerang Energy's effect will be nullified, and thus it will not reattach itself from the discard pile after being discarded due to an attack effect."
10,Neo Upper Energy,SPECIAL_ENERGY,Temporal Forces,162,https://bulbapedia.bulbagarden.net/wiki/Neo_Upper_Energy_%28Temporal_Forces_162%29,,,COLORLESS,,,,,,,
11,Mist Energy,SPECIAL_ENERGY,Temporal Forces,161,https://bulbapedia.bulbagarden.net/wiki/Mist_Energy_%28Temporal_Forces_161%29,,,COLORLESS,,,,,,,
12,Legacy Energy,SPECIAL_ENERGY,Twilight Masquerade,167,https://bulbapedia.bulbagarden.net/wiki/Legacy_Energy_%28Twilight_Masquerade_167%29,,,RAINBOW,,,,,,,"Legacy Energy's effect of reducing Prize cards taken by the opponent stacks with other effects that also reduce Prize cards taken (eg. 's ""Shadowy Concealment"" Ability, , etc.). ; * Consider the situation where this stacking of Prize card-reducing effects is greater than the number of Prize cards a Pokémon normally gives up when it is Knocked Out; for example, a Pokémon that normally only gives up 1 Prize card has both Legacy Energy and ""Vessel of Life""  attached to it, and both cards reduce the Prize cards that Pokémon gives up by 2. In this situation, if that Pokémon is Knocked Out by attack damage from the opponent, Legacy Energy's effect still activates, and the effect may not be applied again during the game."
13,Enriching Energy,SPECIAL_ENERGY,Surging Sparks,191,https://bulbapedia.bulbagarden.net/wiki/Enriching_Energy_%28Surging_Sparks_191%29,,,COLORLESS,,,,,,,
14,Spiky Energy,SPECIAL_ENERGY,Journey Together,159,https://bulbapedia.bulbagarden.net/wiki/Spiky_Energy_%28Journey_Together_159%29,,,COLORLESS,,,,,,,
15,Team Rocket's Energy,SPECIAL_ENERGY,Destined Rivals,182,https://bulbapedia.bulbagarden.net/wiki/Team_Rocket%27s_Energy_%28Destined_Rivals_182%29,,,COLORLESS,,,,,,,
16,Prism Energy,SPECIAL_ENERGY,Next Destinies,93,https://bulbapedia.bulbagarden.net/wiki/Prism_Energy_%28Next_Destinies_93%29,,,COLORLESS,,,,,,,"On September 11, 2025, the official Pokémon website announced a minor  for the  print of Prism Energy. The updated effect states that this card provides Energy only while it is attached to a Pokémon, matching its updated  print."
17,Ignition Energy,SPECIAL_ENERGY,White Flare,086,https://bulbapedia.bulbagarden.net/wiki/Ignition_Energy_%28White_Flare_86%29,,,COLORLESS,,,,,,,
18,Grow Grass Energy,SPECIAL_ENERGY,Perfect Order,086,https://bulbapedia.bulbagarden.net/wiki/Growing_G_Energy_%28Perfect_Order_86%29,,,GRASS,,,,,,,
19,Telepath Psychic Energy,SPECIAL_ENERGY,,,https://bulbapedia.bulbagarden.net/wiki/Espathra_%28Pok%C3%A9mon%29,,,PSYCHIC,,,,,,,
20,Rock Fighting Energy,SPECIAL_ENERGY,,,https://bulbapedia.bulbagarden.net/wiki/Type_%28TCG%29,,,FIGHTING,,,,,,,
21,Scrafty,POKEMON,Champion's Path,042,https://bulbapedia.bulbagarden.net/wiki/Scrafty_%28Champion%27s_Path_42%29,120,STAGE1,DARKNESS,GRASS,1,1,,"Nab ’n’ Dash(0/COLORLESS): Search your deck for a number of cards up to the number of your Benched Pokémon and put them into your hand. Then, shuffle your deck. || High Jump Kick(100/DARKNESS+COLORLESS+COLORLESS): ",,
22,Hippopotas,POKEMON,Ultra Prism,68,https://bulbapedia.bulbagarden.net/wiki/Hippopotas_%28Ultra_Prism_68%29,90,BASIC,FIGHTING,GRASS,3,1,,Push Down(10/FIGHTING): Switch out your opponent’s Active Pokémon to the Bench. (Your opponent chooses the new Active Pokémon.),,
23,Hippowdon,POKEMON,Ultra Prism,69,https://bulbapedia.bulbagarden.net/wiki/Hippowdon_%28Ultra_Prism_69%29,160,STAGE1,FIGHTING,GRASS,4,1,,Ram(60/FIGHTING+FIGHTING):  || Super Sandstorm(150/FIGHTING+FIGHTING+COLORLESS): This attack also does 40 damage to each Benched Pokémon that has any damage counters on it (both yours and your opponent’s). (Don’t apply Weakness and Resistance for Benched Pokémon.),,
24,Team Rocket's Kangaskhan ex,POKEMON,Ascended Heroes,162,https://bulbapedia.bulbagarden.net/wiki/Team_Rocket%27s_Kangaskhan_ex_%28Ascended_Heroes_162%29,230,BASIC,COLORLESS,FIGHTING,2,2,,"Comet Punch(0/COLORLESS+COLORLESS): Flip 4 coins. This attack does 30 damage for each heads. || Wicked Impact(120/COLORLESS+COLORLESS+COLORLESS): If you played a Supporter card that has “Team Rocket” in its name from your hand during this turn, this attack does 100 more damage.",,
25,Pinsir,POKEMON,Jungle,9,https://bulbapedia.bulbagarden.net/wiki/Pinsir_%28Jungle_9%29,110,BASIC,GRASS,FIRE,2,1,,"Slow Crunch(0/GRASS+COLORLESS): Discard all Energy from this Pokémon. At the end of your opponent’s next turn, the Defending Pokémon will be Knocked Out. || Superpowered Horns(100/GRASS+COLORLESS+COLORLESS): ",,
26,Leafeon,POKEMON,,,https://bulbapedia.bulbagarden.net/wiki/Leafeon_%28Pok%C3%A9mon%29,120,STAGE1,GRASS,FIRE,1,1,,"Leaflet Blessings(0/COLORLESS): Attach a Basic {G} Energy card from your hand to 1 of your Benched Pokémon. If you do, heal all damage from that Pokémon. || Solar Beam(70/GRASS+COLORLESS): ",,
27,Iron Leaves,POKEMON,Twilight Masquerade,019,https://bulbapedia.bulbagarden.net/wiki/Iron_Leaves_%28Twilight_Masquerade_19%29,120,BASIC,GRASS,FIRE,1,1,,"Recovery Net(0/GRASS): Put up to 2 Pokémon from your discard pile into your hand. || Avenging Edge(100/GRASS+COLORLESS+COLORLESS): If any of your Pokémon were Knocked Out by damage from an attack during your opponent’s last turn, this attack does 60 more damage.",,
28,Poltchageist,POKEMON,Twilight Masquerade,020,https://bulbapedia.bulbagarden.net/wiki/Poltchageist_%28Twilight_Masquerade_20%29,30,BASIC,GRASS,FIRE,1,1,"Storehouse Hideaway: As long as this Pokémon is on your Bench, prevent all damage from and effects of attacks from your opponent’s Pokémon done to this Pokémon.",Hook(10/GRASS): ,,
29,Sinistcha ex,POKEMON,Twilight Masquerade,023,https://bulbapedia.bulbagarden.net/wiki/Sinistcha_ex_%28Twilight_Masquerade_23%29,240,STAGE1,GRASS,FIRE,1,2,,"Re-Brew(0/COLORLESS): Put 2 damage counters on 1 of your opponent’s Pokémon for each Basic {G} Energy card in your discard pile. Then, shuffle those Energy cards into your deck. || Matcha Splash(120/GRASS+COLORLESS): Heal 30 damage from each of your Pokémon.",,
30,Magcargo ex,POKEMON,Twilight Masquerade,029,https://bulbapedia.bulbagarden.net/wiki/Magcargo_ex_%28Twilight_Masquerade_29%29,270,STAGE1,FIRE,WATER,3,2,,Hot Magma(70/FIRE+COLORLESS): Your opponent’s Active Pokémon is now Burned. || Ground Burn(140/FIRE+FIRE+COLORLESS): Discard the top card of each player’s deck. This attack does 140 more damage for each Energy card discarded in this way.,,
31,Chi-Yu,POKEMON,Paradox Rift,029,https://bulbapedia.bulbagarden.net/wiki/Chi-Yu_%28Paradox_Rift_29%29,110,BASIC,FIRE,WATER,1,1,,"Allure(0/COLORLESS): Draw 2 cards. || Ground Melter(60/FIRE+COLORLESS): If a Stadium is in play, this attack does 60 more damage. Then, discard that Stadium.",,
32,Glaceon,POKEMON,,,https://bulbapedia.bulbagarden.net/wiki/Glaceon_%28Pok%C3%A9mon%29,120,STAGE1,WATER,METAL,1,1,,"Permeating Chill(30/WATER): At the end of your opponent’s next turn, put 9 damage counters on the Defending Pokémon. || Icicle Missile(70/WATER+COLORLESS): ",,
33,Froakie,POKEMON,XY Black Star Promos,12,https://bulbapedia.bulbagarden.net/wiki/Froakie_%28XY_Promo_3%29,60,BASIC,WATER,LIGHTNING,1,1,,"Flock(0/WATER): Search your deck for up to 2 Froakie and put them onto your Bench. Then, shuffle your deck. || Flop(10/WATER): ",,
34,Frogadier,POKEMON,Forbidden Light,23,https://bulbapedia.bulbagarden.net/wiki/Frogadier_%28Forbidden_Light_23%29,90,STAGE1,WATER,LIGHTNING,1,1,,"Numbing Water(20/WATER): Flip a coin. If heads, your opponent’s Active Pokémon is now Paralyzed.",,
35,Walking Wake,POKEMON,Twilight Masquerade,063,https://bulbapedia.bulbagarden.net/wiki/Walking_Wake_%28Twilight_Masquerade_63%29,130,BASIC,WATER,LIGHTNING,1,1,,Aurora Gain(20/WATER): Heal 20 damage from this Pokémon. || Undulating Slice(0/WATER+WATER+COLORLESS): Put up to 9 damage counters on this Pokémon. This attack does 20 damage for each damage counter you placed in this way.,,
36,Morpeko,POKEMON,SWSH Black Star Promos,035,https://bulbapedia.bulbagarden.net/wiki/Morpeko_%28SWSH_Promo_31%29,70,BASIC,LIGHTNING,FIGHTING,1,1,"Snack Seek: Once during your turn, you may look at the top card of your deck. You may discard that card.",Pick and Stick(0/LIGHTNING): Attach up to 2 Basic Energy cards from your discard pile to your Pokémon in any way you like.,,
37,Iron Thorns ex,POKEMON,Twilight Masquerade,077,https://bulbapedia.bulbagarden.net/wiki/Iron_Thorns_ex_%28Twilight_Masquerade_77%29,230,BASIC,LIGHTNING,FIGHTING,4,2,"Initialization: As long as this Pokémon is in the Active Spot, Pokémon with a Rule Box in play (both yours and your opponent’s) have no Abilities, except for Future Pokémon. (Pokémon {ex}, Pokémon {V}, etc. have Rule Boxes.)",Volt Cyclone(140/LIGHTNING+COLORLESS+COLORLESS): Move an Energy from this Pokémon to 1 of your Benched Pokémon.,,
38,Girafarig,POKEMON,Vivid Voltage,065,https://bulbapedia.bulbagarden.net/wiki/Girafarig_%28Vivid_Voltage_65%29,100,BASIC,PSYCHIC,DARKNESS,1,1,,Dual Headbutt(30/COLORLESS): This attack also does 10 damage to 1 of your Benched Pokémon. (Don’t apply Weakness and Resistance for Benched Pokémon.),,
39,Enamorus,POKEMON,Twilight Masquerade,093,https://bulbapedia.bulbagarden.net/wiki/Enamorus_%28Twilight_Masquerade_93%29,120,BASIC,PSYCHIC,METAL,1,1,,"Heart Sign(30/COLORLESS):  || Love Resonance(80/PSYCHIC+COLORLESS+COLORLESS): If any of your Pokémon in play are the same type as any of your opponent’s Pokémon in play, this attack does 120 more damage.",,
40,Greninja ex,POKEMON,Twilight Masquerade,106,https://bulbapedia.bulbagarden.net/wiki/Greninja_ex_%28Twilight_Masquerade_106%29,310,STAGE2,FIGHTING,PSYCHIC,1,2,,"Shinobi Blade(170/WATER): You may search your deck for a card and put it into your hand. Then, shuffle your deck. || Mirage Barrage(0/WATER+COLORLESS+COLORLESS): Discard 2 Energy from this Pokémon. This attack does 120 damage to 2 of your opponent’s Pokémon. (Don’t apply Weakness and Resistance for Benched Pokémon.)",,
41,Ting-Lu,POKEMON,Twilight Masquerade,110,https://bulbapedia.bulbagarden.net/wiki/Ting-Lu_%28Twilight_Masquerade_110%29,140,BASIC,FIGHTING,GRASS,3,1,,"Ground Crasher(30/FIGHTING): If a Stadium is in play, this attack also does 30 damage to each of your opponent’s Benched Pokémon, and discard that Stadium. (Don’t apply Weakness and Resistance for Benched Pokémon.) || Hammer In(110/FIGHTING+FIGHTING+COLORLESS): ",,
42,Applin,POKEMON,Rebel Clash,021,https://bulbapedia.bulbagarden.net/wiki/Applin_%28Rebel_Clash_21%29,40,BASIC,DRAGON,,1,1,,"Find a Friend(0/COLORLESS): Search your deck for a Pokémon, reveal it, and put it into your hand. Then, shuffle your deck. || Rolling Tackle(30/GRASS+FIRE): ",,
43,Eevee,POKEMON,,,https://bulbapedia.bulbagarden.net/wiki/Eevee_%28Pok%C3%A9mon%29,50,BASIC,COLORLESS,FIGHTING,1,1,,"Ascension(0/COLORLESS): Search your deck for a card that evolves from this Pokémon and put it onto this Pokémon to evolve it. Then, shuffle your deck. || Quick Attack(20/COLORLESS+COLORLESS+COLORLESS): Flip a coin. If heads, this attack does 20 more damage.",,
44,Bloodmoon Ursaluna ex,POKEMON,Twilight Masquerade,141,https://bulbapedia.bulbagarden.net/wiki/Bloodmoon_Ursaluna_ex_%28Twilight_Masquerade_141%29,260,BASIC,COLORLESS,FIGHTING,3,2,Seasoned Skill: Blood Moon used by this Pokémon costs {C} less for each Prize card your opponent has taken.,"Blood Moon(240/COLORLESS+COLORLESS+COLORLESS+COLORLESS+COLORLESS): During your next turn, this Pokémon can’t use attacks.",,
45,Shaymin,POKEMON,,,https://bulbapedia.bulbagarden.net/wiki/Shaymin_%28Pok%C3%A9mon%29,70,BASIC,GRASS,FIRE,0,1,,Pinpoint Dive(0/GRASS): This attack does 60 damage to 1 of your opponent’s Benched Pokémon {ex} or Benched Pokémon {V}. (Don’t apply Weakness and Resistance for Benched Pokémon.) || Rear Kick(50/COLORLESS+COLORLESS): ,,
46,Gouging Fire ex,POKEMON,Temporal Forces,038,https://bulbapedia.bulbagarden.net/wiki/Gouging_Fire_ex_%28Temporal_Forces_38%29,230,BASIC,FIRE,WATER,2,2,,Heat Blast(60/FIRE+COLORLESS):  || Blaze Blitz(260/FIRE+FIRE+COLORLESS): This Pokémon can’t use Blaze Blitz again until it leaves the Active Spot.,,
47,Totodile,POKEMON,,,https://bulbapedia.bulbagarden.net/wiki/Totodile_%28Pok%C3%A9mon%29,70,BASIC,WATER,LIGHTNING,1,1,,"Big Bite(10/WATER): During your opponent’s next turn, the Defending Pokémon can’t retreat.",,
48,Croconaw,POKEMON,,,https://bulbapedia.bulbagarden.net/wiki/Croconaw_%28T_Promo_9%29,90,STAGE1,WATER,LIGHTNING,2,1,,Reverse Thrust(30/WATER): Switch this Pokémon with 1 of your Benched Pokémon.,,
49,Feraligatr,POKEMON,,,https://bulbapedia.bulbagarden.net/wiki/Feraligatr_%28Pok%C3%A9mon%29,180,STAGE2,WATER,LIGHTNING,3,1,"Torrential Heart: Once during your turn, you may put 5 damage counters on this Pokémon. If you do, during this turn, attacks used by this Pokémon do 120 more damage to your opponent’s Active Pokémon (before applying Weakness and Resistance).","Giant Wave(160/WATER+WATER): During your next turn, this Pokémon can’t use Giant Wave.",,
50,Wiglett,POKEMON,Scarlet & Violet,055,https://bulbapedia.bulbagarden.net/wiki/Wiglett_%28Scarlet_%26_Violet_55%29,60,BASIC,WATER,LIGHTNING,1,1,,"Lucky Find(0/WATER): Search your deck for an Item card, reveal it, and put it into your hand. Then, shuffle your deck. || Aqua Bomb(40/WATER+WATER): This Pokémon also does 20 damage to itself.",,
51,Palafin,POKEMON,Obsidian Flames,062,https://bulbapedia.bulbagarden.net/wiki/Palafin_%28Obsidian_Flames_62%29,150,STAGE1,WATER,LIGHTNING,2,1,,Vanguard Punch(130/WATER): This Pokémon also does 10 damage to itself for each damage counter on it. || Double Hit(0/WATER+COLORLESS+COLORLESS): Flip 2 coins. This attack does 90 damage for each heads.,,
52,Wugtrio ex,POKEMON,Temporal Forces,060,https://bulbapedia.bulbagarden.net/wiki/Wugtrio_ex_%28Temporal_Forces_60%29,250,STAGE1,LIGHTNING,FIGHTING,1,2,,"Tricolor Pump(0/WATER): Discard up to 3 Energy cards from your hand. This attack does 60 damage to 1 of your opponent’s Pokémon for each Energy card you discarded in this way. (Don’t apply Weakness and Resistance for Benched Pokémon.) || Numbing Hold(120/WATER+WATER): During your opponent’s next turn, the Defending Pokémon can’t retreat.",,
53,Marill,POKEMON,Wizards Black Star Promos,,https://bulbapedia.bulbagarden.net/wiki/Marill_%28Wizards_Promo_29%29,70,BASIC,PSYCHIC,METAL,2,1,,Ball Roll(0/COLORLESS): Flip a coin until you get tails. This attack does 10 damage for each heads. || Magical Shot(40/PSYCHIC+COLORLESS+COLORLESS): ,,
54,Bronzor,POKEMON,Temporal Forces,068,https://bulbapedia.bulbagarden.net/wiki/Bronzor_%28Temporal_Forces_68%29,80,BASIC,PSYCHIC,DARKNESS,3,1,,"Mirror Attack(10/PSYCHIC): If your opponent’s Active Pokémon is a {P} Pokémon, this attack does 30 more damage.",,
55,Bronzong,POKEMON,Battle Styles,102,https://bulbapedia.bulbagarden.net/wiki/Bronzong_%28Battle_Styles_102%29,110,STAGE1,PSYCHIC,DARKNESS,3,1,,"Evolution Jammer(30/PSYCHIC): During your opponent’s next turn, they can’t play any Pokémon from their hand to evolve their Pokémon. || Super Psy Bolt(100/PSYCHIC+COLORLESS+COLORLESS): ",,
56,Flutter Mane,POKEMON,Temporal Forces,078,https://bulbapedia.bulbagarden.net/wiki/Flutter_Mane_%28Temporal_Forces_78%29,90,BASIC,PSYCHIC,METAL,1,1,"Midnight Fluttering: As long as this Pokémon is in the Active Spot, your opponent’s Active Pokémon has no Abilities, except for Midnight Fluttering.",Hex Hurl(90/COLORLESS+COLORLESS+COLORLESS): Put 2 damage counters on your opponent’s Benched Pokémon in any way you like.,,
57,Relicanth,POKEMON,Temporal Forces,084,https://bulbapedia.bulbagarden.net/wiki/Relicanth_%28Temporal_Forces_84%29,100,BASIC,FIGHTING,GRASS,1,1,Memory Dive: Each of your evolved Pokémon can use any attack from its previous Evolutions. (You still need the necessary Energy to use each attack.),Razor Fin(30/FIGHTING+COLORLESS): ,,
58,Great Tusk,POKEMON,Temporal Forces,097,https://bulbapedia.bulbagarden.net/wiki/Great_Tusk_%28Temporal_Forces_97%29,140,BASIC,FIGHTING,PSYCHIC,3,1,,"Land Collapse(0/COLORLESS+COLORLESS): Discard the top card of your opponent’s deck. If you played an Ancient Supporter card from your hand during this turn, discard 3 more cards in this way. || Giant Tusk(160/FIGHTING+FIGHTING+COLORLESS+COLORLESS): ",,
59,Gastly,POKEMON,Base Set,50,https://bulbapedia.bulbagarden.net/wiki/Gastly_%28Base_Set_50%29,60,BASIC,DARKNESS,FIGHTING,1,1,,"Mysterious Beam(0/DARKNESS): Flip a coin. If heads, discard an Energy from your opponent’s Active Pokémon. || Suffocating Gas(30/DARKNESS+DARKNESS): ",,
60,Haunter,POKEMON,Fossil,6,https://bulbapedia.bulbagarden.net/wiki/Haunter_%28Fossil_6%29,90,STAGE1,DARKNESS,FIGHTING,1,1,,Super Poison Breath(30/DARKNESS+DARKNESS): Your opponent’s Active Pokémon is now Poisoned.,,
61,Roaring Moon,POKEMON,Temporal Forces,109,https://bulbapedia.bulbagarden.net/wiki/Roaring_Moon_%28Temporal_Forces_109%29,140,BASIC,DARKNESS,GRASS,2,1,,Vengeance Fletching(70/DARKNESS+DARKNESS): This attack does 10 more damage for each Ancient card in your discard pile. || Speed Wing(120/DARKNESS+COLORLESS+COLORLESS+COLORLESS): ,,
62,Koraidon,POKEMON,,,https://bulbapedia.bulbagarden.net/wiki/Koraidon_%28Pok%C3%A9mon%29,140,BASIC,DRAGON,,2,1,,Primordial Beatdown(0/FIGHTING+COLORLESS): This attack does 30 damage for each of your Ancient Pokémon in play. || Shred(130/FIRE+FIGHTING+COLORLESS): This attack’s damage isn’t affected by any effects on your opponent’s Active Pokémon.,,
63,Raging Bolt ex,POKEMON,Temporal Forces,123,https://bulbapedia.bulbagarden.net/wiki/Raging_Bolt_ex_%28Temporal_Forces_123%29,240,BASIC,DRAGON,,3,2,,Burst Roar(0/COLORLESS): Discard your hand and draw 6 cards. || Bellowing Thunder(0/LIGHTNING+FIGHTING): You may discard any amount of Basic Energy from your Pokémon. This attack does 70 damage for each card you discarded in this way.,,
64,Hoothoot,POKEMON,Stellar Crown,114,https://bulbapedia.bulbagarden.net/wiki/Hoothoot_%28Stellar_Crown_114%29,70,BASIC,COLORLESS,LIGHTNING,1,1,,Silent Wing(20/COLORLESS+COLORLESS): Your opponent reveals their hand.,,
65,Dunsparce,POKEMON,,,https://bulbapedia.bulbagarden.net/wiki/Dunsparce_%28Gates_to_Infinity%29,60,BASIC,COLORLESS,FIGHTING,0,1,,"Gnaw(10/COLORLESS):  || Dig(30/COLORLESS+COLORLESS): Flip a coin. If heads, during your opponent’s next turn, prevent all damage from and effects of attacks done to this Pokémon.",,
66,Dudunsparce,POKEMON,Temporal Forces,129,https://bulbapedia.bulbagarden.net/wiki/Dudunsparce_%28Temporal_Forces_129%29,140,STAGE1,COLORLESS,FIGHTING,3,1,"Run Away Draw: Once during your turn, you may draw 3 cards. If you drew any cards in this way, shuffle this Pokémon and all attached cards into your deck.",Land Crush(90/COLORLESS+COLORLESS+COLORLESS): ,,
67,Pineco,POKEMON,Paldea Evolved,004,https://bulbapedia.bulbagarden.net/wiki/Pineco_%28Paldea_Evolved_4%29,70,BASIC,GRASS,FIRE,2,1,,Ram(50/COLORLESS+COLORLESS+COLORLESS): ,,
68,Seedot,POKEMON,Temporal Forces,003,https://bulbapedia.bulbagarden.net/wiki/Seedot_%28Temporal_Forces_3%29,60,BASIC,GRASS,FIRE,1,1,,"Rigidify(0/GRASS): During your opponent’s next turn, this Pokémon takes 30 less damage from attacks (after applying Weakness and Resistance). || Hang Down(20/COLORLESS+COLORLESS): ",,
69,Nuzleaf,POKEMON,,,https://bulbapedia.bulbagarden.net/wiki/Nuzleaf_%28Super_Mystery_Dungeon%29,90,STAGE1,GRASS,FIRE,1,1,,Corkscrew Punch(20/GRASS):  || Comet Slap(0/COLORLESS+COLORLESS): Flip 3 coins. This attack does 30 damage for each heads.,,
70,Shiftry,POKEMON,,,https://bulbapedia.bulbagarden.net/wiki/Shiftry_%28Red_and_Blue_Rescue_Team%29,150,STAGE2,GRASS,FIRE,2,1,,"Expelling Tornado(0/GRASS): Choose 3 of your opponent’s Benched Pokémon. If you do, shuffle all of your opponent’s Benched Pokémon that you didn’t choose, and all cards attached to those Pokémon, into their deck. || Energy Loop(140/COLORLESS+COLORLESS): Put an Energy attached to this Pokémon into your hand.",,
71,Deerling,POKEMON,Temporal Forces,016,https://bulbapedia.bulbagarden.net/wiki/Deerling_%28Temporal_Forces_16%29,70,BASIC,GRASS,FIRE,1,1,,Flop(10/COLORLESS):  || Leaf Litter Tackle(40/GRASS+COLORLESS+COLORLESS): Discard a {G} Energy from this Pokémon.,,
72,Sawsbuck,POKEMON,Temporal Forces,017,https://bulbapedia.bulbagarden.net/wiki/Sawsbuck_%28Temporal_Forces_17%29,130,STAGE1,GRASS,FIRE,2,1," Changing Seasons: Once during your turn, you may search your deck for a Stadium card, reveal it, and put it into your hand. Then, shuffle your deck.",Superpowered Horns(110/GRASS+COLORLESS+COLORLESS): ,,
73,Rellor,POKEMON,Paldea Evolved,026,https://bulbapedia.bulbagarden.net/wiki/Rellor_%28Paldea_Evolved_26%29,50,BASIC,GRASS,FIRE,1,1,,Slight Intrusion(30/COLORLESS): This Pokémon also does 10 damage to itself.,,
74,Rabsca,POKEMON,Paldea Evolved,099,https://bulbapedia.bulbagarden.net/wiki/Rabsca_%28Paldea_Evolved_99%29,70,STAGE1,GRASS,FIRE,1,1,Spherical Shield: Prevent all damage from and effects of attacks from your opponent’s Pokémon done to your Benched Pokémon.,Psychic(10/GRASS): This attack does 30 more damage for each Energy attached to your opponent’s Active Pokémon.,,
75,Iron Leaves ex,POKEMON,Temporal Forces,025,https://bulbapedia.bulbagarden.net/wiki/Iron_Leaves_ex_%28Temporal_Forces_25%29,220,BASIC,GRASS,FIRE,1,2,"Rapid Vernier: When you play this Pokémon from your hand onto your Bench during your turn, you may switch it with your Active Pokémon. If you do, you may move any amount of Energy from your other Pokémon to this Pokémon.","Prism Edge(180/GRASS+GRASS+COLORLESS): During your next turn, this Pokémon can’t use attacks.",,
76,Slugma,POKEMON,Neo Destiny,82,https://bulbapedia.bulbagarden.net/wiki/Slugma_%28Neo_Destiny_82%29,80,BASIC,FIRE,WATER,2,1,,"Roasting Heat(10/FIRE): If your opponent’s Active Pokémon is Burned, this attack does 40 more damage.",,
77,Litten,POKEMON,Sun & Moon,24,https://bulbapedia.bulbagarden.net/wiki/Litten_%28Sun_%26_Moon_24%29,70,BASIC,FIRE,WATER,2,1,,"Fake Out(10/FIRE): Flip a coin. If heads, your opponent’s Active Pokémon is now Paralyzed.",,
78,Torracat,POKEMON,Unbroken Bonds,28,https://bulbapedia.bulbagarden.net/wiki/Torracat_%28Unbroken_Bonds_28%29,100,STAGE1,FIRE,WATER,2,1,,"Bite(30/FIRE):  || Flare Strike(80/FIRE+COLORLESS+COLORLESS): During your next turn, this Pokémon can’t use Flare Strike.",,
79,Incineroar ex,POKEMON,Temporal Forces,034,https://bulbapedia.bulbagarden.net/wiki/Incineroar_ex_%28Temporal_Forces_34%29,320,STAGE2,FIRE,WATER,2,2,Hustle Play: Attacks used by this Pokémon cost {C} less for each of your opponent’s Benched Pokémon.,Blaze Blast(240/FIRE+COLORLESS+COLORLESS+COLORLESS+COLORLESS): Your opponent’s Active Pokémon is now Burned.,,
80,Iron Crown ex,POKEMON,Temporal Forces,081,https://bulbapedia.bulbagarden.net/wiki/Iron_Crown_ex_%28Temporal_Forces_81%29,220,BASIC,PSYCHIC,DARKNESS,2,2,"Cobalt Command: Attacks used by your Future Pokémon, except any Iron Crown {ex}, do 20 more damage to your opponent’s Active Pokémon (before applying Weakness and Resistance).","Twin Shotels(0/PSYCHIC+COLORLESS+COLORLESS): This attack does 50 damage to 2 of your opponent’s Pokémon. This attack’s damage isn’t affected by Weakness or Resistance, or by any effects on those Pokémon.",,
81,Drilbur,POKEMON,Black Bolt,045,https://bulbapedia.bulbagarden.net/wiki/Drilbur_%28Black_Bolt_45%29,70,BASIC,FIGHTING,GRASS,1,1,"Dig Dig Dig: When you play this Pokémon from your hand onto your Bench during your turn, you may search your deck for up to 3 Basic {F} Energy cards and discard them. Then, shuffle your deck.",Sand Spray(20/FIGHTING+COLORLESS): ,,
82,Excadrill,POKEMON,Cosmic Eclipse,115,https://bulbapedia.bulbagarden.net/wiki/Excadrill_%28Cosmic_Eclipse_115%29,130,STAGE1,FIGHTING,GRASS,2,1,,Mud Shot(20/COLORLESS):  || Wild Tackle(180/FIGHTING+FIGHTING+COLORLESS): This Pokémon also does 50 damage to itself.,,
83,Farigiraf ex,POKEMON,Temporal Forces,108,https://bulbapedia.bulbagarden.net/wiki/Farigiraf_ex_%28Temporal_Forces_108%29,260,STAGE1,DARKNESS,GRASS,2,2,Armor Tail: Prevent all damage done to this Pokémon by attacks from your opponent’s Basic Pokémon {ex}.,Dirty Beam(160/PSYCHIC+COLORLESS+COLORLESS): This attack also does 30 damage to 1 of your opponent’s Benched Pokémon. (Don’t apply Weakness and Resistance for Benched Pokémon.),,
84,Scizor ex,POKEMON,Temporal Forces,111,https://bulbapedia.bulbagarden.net/wiki/Scizor_ex_%28Temporal_Forces_111%29,270,STAGE1,METAL,FIRE,2,2,,"Steel Wing(70/COLORLESS+COLORLESS): During your opponent’s next turn, this Pokémon takes 50 less damage from attacks (after applying Weakness and Resistance). || Cross Breaker(0/METAL+METAL): Discard up to 2 {M} Energy from this Pokémon. This attack does 120 damage for each card you discarded in this way.",,
85,Beldum,POKEMON,Guardians Rising,83,https://bulbapedia.bulbagarden.net/wiki/Beldum_%28Guardians_Rising_83%29,70,BASIC,METAL,FIRE,1,1,,Dig Claws(10/METAL):  || Iron Tackle(50/METAL+COLORLESS+COLORLESS): This Pokémon also does 10 damage to itself.,,
86,Metang,POKEMON,Temporal Forces,114,https://bulbapedia.bulbagarden.net/wiki/Metang_%28Temporal_Forces_114%29,100,STAGE1,METAL,FIRE,2,1,"Metal Maker: Once during your turn, you may look at the top 4 cards of your deck and attach any number of Basic {M} Energy cards you find there to your Pokémon in any way you like. Shuffle the other cards and put them on the bottom of your deck.",Beam(60/METAL+COLORLESS+COLORLESS): ,,
87,Miraidon,POKEMON,,,https://bulbapedia.bulbagarden.net/wiki/Miraidon_%28Pok%C3%A9mon%29,110,BASIC,DRAGON,,2,1,,"Peak Acceleration(40/COLORLESS): Search your deck for up to 2 Basic Energy cards and attach them to your Future Pokémon in any way you like. Then, shuffle your deck. || Sparking Strike(160/LIGHTNING+LIGHTNING+PSYCHIC): ",,
88,Volbeat,POKEMON,Twilight Masquerade,009,https://bulbapedia.bulbagarden.net/wiki/Volbeat_%28Twilight_Masquerade_9%29,70,BASIC,GRASS,FIRE,1,1,,"Quick Sign(0/COLORLESS): If you go first, you can use this attack during your first turn. Search your deck for up to 2 Basic Pokémon and put them onto your Bench. Then, shuffle your deck. || Coordinated Strike(20/COLORLESS+COLORLESS): If Illumise is on your Bench, this attack does 60 more damage.",,
89,Grookey,POKEMON,Sword & Shield,010,https://bulbapedia.bulbagarden.net/wiki/Grookey_%28Sword_%26_Shield_10%29,70,BASIC,GRASS,FIRE,1,1,,Smash Kick(10/GRASS):  || Branch Poke(30/GRASS+GRASS): ,,
90,Thwackey,POKEMON,Twilight Masquerade,015,https://bulbapedia.bulbagarden.net/wiki/Thwackey_%28Twilight_Masquerade_15%29,100,STAGE1,GRASS,FIRE,2,1,"Boom Boom Groove: Once during your turn, if your Active Pokémon has the Festival Lead Ability, you may search your deck for a card and put it into your hand. Then, shuffle your deck.",Beat(50/GRASS+GRASS): ,,
91,Rillaboom,POKEMON,Sword & Shield,014,https://bulbapedia.bulbagarden.net/wiki/Rillaboom_%28Sword_%26_Shield_14%29,180,STAGE2,GRASS,FIRE,4,1,,"Drum Beating(60/GRASS): During your opponent’s next turn, attacks used by the Defending Pokémon cost {C} more, and its Retreat Cost is {C} more. || Wood Hammer(180/GRASS+GRASS): This Pokémon also does 50 damage to itself.",,
92,Applin,POKEMON,Rebel Clash,021,https://bulbapedia.bulbagarden.net/wiki/Applin_%28Rebel_Clash_21%29,40,BASIC,GRASS,FIRE,1,1,,"Tumbling Attack(10/GRASS): Flip a coin. If heads, this attack does 20 more damage.",,
93,Dipplin,POKEMON,Twilight Masquerade,018,https://bulbapedia.bulbagarden.net/wiki/Dipplin_%28Twilight_Masquerade_18%29,80,STAGE1,GRASS,FIRE,2,1,"Festival Lead: If Festival Grounds is in play, this Pokémon may use an attack it has twice. If the first attack Knocks Out your opponent’s Active Pokémon, you may attack again after your opponent chooses a new Active Pokémon.",Do the Wave(0/GRASS): This attack does 20 damage for each of your Benched Pokémon.,,"The only attack considered for the ""Festival Lead"" Ability is the attack printed directly on the Pokémon card with the Ability (""this Pokémon may use an attack it has twice""). Cards that grant the Pokémon additional attacks such as Technical Machine s are not considered for ""Festival Lead"". ; If a player's Pokémon with ""Festival Lead"" has 1 Energy attached to it and uses an attack on the opponent's Active Pokémon with  attached, and the Energy is moved to the player's Benched Pokémon, the Attacking Pokémon with Festival Lead cannot attack the second time, as the Energy requirement is no longer satisfied. ; For interactions between a Pokémon with the ""Festival Lead"" Ability and  from , which has the ""Midnight Fluttering"" Ability that shuts down the opposing Active Pokémon's Ability: ; *If a player uses a ""Festival Lead"" Pokémon to Knock Out their opponent's Active Pokémon and the opponent sends out Flutter Mane with the ""Midnight Fluttering"" Ability as a replacement Active Pokémon, the ""Festival Lead"" Ability is immediately removed and the player may not attack a second time. ; *If a player uses a ""Festival Lead"" Pokémon to Knock Out their opponent's Active Flutter Mane with the ""Midnight Fluttering"" Ability, the ""Festival Lead"" Ability reactivates upon the Flutter Mane being Knocked Out, and thus the ""Festival Lead"" Pokémon may attack a second time."
94,Sinistcha,POKEMON,Twilight Masquerade,022,https://bulbapedia.bulbagarden.net/wiki/Sinistcha_%28Twilight_Masquerade_22%29,70,STAGE1,GRASS,FIRE,1,1,,Cursed Drop(0/GRASS): Put 4 damage counters on your opponent’s Pokémon in any way you like. || Spill the Tea(0/GRASS): Discard up to 3 {G} Energy cards from your Pokémon. This attack does 70 damage for each card you discarded in this way.,,
95,Teal Mask Ogerpon,POKEMON,Twilight Masquerade,024,https://bulbapedia.bulbagarden.net/wiki/Teal_Mask_Ogerpon_%28Twilight_Masquerade_24%29,110,BASIC,GRASS,FIRE,1,1,,"Mountain Stroll(0/COLORLESS): Search your deck for up to 2 Basic Energy cards, reveal them, and put them into your hand. Then, shuffle your deck. || Ogre Comeback(20/GRASS+COLORLESS): This attack does 20 more damage for each of your opponent’s Benched Pokémon.",,
96,Teal Mask Ogerpon ex,POKEMON,Twilight Masquerade,025,https://bulbapedia.bulbagarden.net/wiki/Teal_Mask_Ogerpon_ex_%28Twilight_Masquerade_25%29,210,BASIC,GRASS,FIRE,1,2,"Teal Dance: Once during your turn, you may attach a Basic {G} Energy card from your hand to this Pokémon. If you attached Energy to a Pokémon in this way, draw a card.",Myriad Leaf Shower(30/GRASS+GRASS+GRASS): This attack does 30 more damage for each Energy attached to both Active Pokémon.,,
97,Litwick,POKEMON,Unified Minds,27,https://bulbapedia.bulbagarden.net/wiki/Litwick_%28Unified_Minds_27%29,60,BASIC,FIRE,WATER,1,1,,"Call for Family(0/FIRE): Search your deck for a Basic Pokémon and put it onto your Bench. Then, shuffle your deck. || Live Coal(20/FIRE+COLORLESS): ",,
98,Chandelure,POKEMON,Noble Victories,60,https://bulbapedia.bulbagarden.net/wiki/Chandelure_%28Noble_Victories_60%29,130,STAGE2,FIRE,WATER,2,1," Alluring Light: Once during your turn, you may have each player draw a card.",Mind Ruler(0/FIRE): This attack does 30 damage for each card in your opponent’s hand.,,
99,Hearthflame Mask Ogerpon ex,POKEMON,Twilight Masquerade,040,https://bulbapedia.bulbagarden.net/wiki/Hearthflame_Mask_Ogerpon_ex_%28Twilight_Masquerade_40%29,210,BASIC,FIRE,WATER,1,2,,"Wrathful Hearth(0/FIRE+COLORLESS+COLORLESS): This attack does 20 damage for each damage counter on this Pokémon. || Dynamic Blaze(140/FIRE+FIRE+FIRE): If your opponent’s Active Pokémon is an Evolution Pokémon, this attack does 140 more damage, and discard all Energy from this Pokémon.",,
100,Goldeen,POKEMON,Jungle,53,https://bulbapedia.bulbagarden.net/wiki/Goldeen_%28Jungle_53%29,50,BASIC,WATER,LIGHTNING,1,1,"Festival Lead: If Festival Grounds is in play, this Pokémon may use an attack it has twice. If the first attack Knocks Out your opponent’s Active Pokémon, you may attack again after your opponent chooses a new Active Pokémon.","Whirlpool(10/COLORLESS+COLORLESS): Flip a coin. If heads, discard an Energy from your opponent’s Active Pokémon.",,
101,Jynx,POKEMON,Base Set,31,https://bulbapedia.bulbagarden.net/wiki/Jynx_%28Base_Set_31%29,90,BASIC,WATER,METAL,1,1,,"Inviting Kiss(0/COLORLESS): Search your deck for a Basic Pokémon and put it onto your Bench. Then, shuffle your deck. If you put any Pokémon onto your Bench in this way, move an Energy from this Pokémon to the new Benched Pokémon. || Icy Snow(30/WATER): ",,
102,Milotic,POKEMON,Darkness Ablaze,039,https://bulbapedia.bulbagarden.net/wiki/Milotic_%28Darkness_Ablaze_39%29,120,STAGE1,WATER,LIGHTNING,1,1,Mentally Calm: Your opponent’s Pokémon in play and all attached cards can’t be put into your opponent’s hand.,Hydro Splash(100/WATER+COLORLESS+COLORLESS): ,,
103,Snorunt,POKEMON,Chilling Reign,035,https://bulbapedia.bulbagarden.net/wiki/Snorunt_%28Chilling_Reign_35%29,60,BASIC,WATER,METAL,1,1,,Astonish(20/WATER+COLORLESS): Choose a random card from your opponent’s hand. Your opponent reveals that card and shuffles it into their deck.,,
104,Froslass,POKEMON,Twilight Masquerade,053,https://bulbapedia.bulbagarden.net/wiki/Froslass_%28Twilight_Masquerade_53%29,90,STAGE1,WATER,METAL,1,1,"Freezing Shroud: During Pokémon Checkup, put 1 damage counter on each Pokémon that has an Ability (both yours and your opponent’s), except any Froslass.",Frost Smash(60/WATER+COLORLESS): ,,
105,Finizen,POKEMON,Obsidian Flames,060,https://bulbapedia.bulbagarden.net/wiki/Finizen_%28Obsidian_Flames_60%29,70,BASIC,WATER,LIGHTNING,1,1,,"Aqua Slash(30/WATER): During your next turn, this Pokémon can’t use attacks.",,
106,Palafin,POKEMON,Obsidian Flames,062,https://bulbapedia.bulbagarden.net/wiki/Palafin_%28Obsidian_Flames_62%29,100,STAGE1,WATER,LIGHTNING,1,1,"Zero to Hero: Once during your turn, when this Pokémon moves from the Active Spot to the Bench, you may search your deck for a Palafin {ex} and switch it with this Pokémon. Any attached cards, damage counters, Special Conditions, turns in play, and any other effects remain on the new Pokémon. If you switched a Pokémon in this way, put this card into your deck. Then, shuffle your deck.",Wave Splash(30/WATER+COLORLESS): ,,
107,Palafin ex,POKEMON,Twilight Masquerade,061,https://bulbapedia.bulbagarden.net/wiki/Palafin_ex_%28Twilight_Masquerade_61%29,340,STAGE1,WATER,LIGHTNING,2,2,Hero’s Spirit: Put this Pokémon into play only with the effect of Palafin’s Zero to Hero Ability.,"Giga Impact(250/WATER): During your next turn, this Pokémon can’t use attacks.",,
108,Wellspring Mask Ogerpon ex,POKEMON,Twilight Masquerade,064,https://bulbapedia.bulbagarden.net/wiki/Wellspring_Mask_Ogerpon_ex_%28Twilight_Masquerade_64%29,210,BASIC,WATER,LIGHTNING,1,2,,"Sob(20/COLORLESS): During your opponent’s next turn, the Defending Pokémon can’t retreat. || Torrential Pump(100/WATER+COLORLESS+COLORLESS): You may shuffle 3 Energy attached to this Pokémon into your deck. If you do, this attack also does 120 damage to 1 of your opponent’s Benched Pokémon. (Don’t apply Weakness and Resistance for Benched Pokémon.)",,
109,Abra,POKEMON,Base Set,43,https://bulbapedia.bulbagarden.net/wiki/Abra_%28Base_Set_43%29,40,BASIC,PSYCHIC,DARKNESS,1,1,"Teleporter: Once during your turn, if this Pokémon is in the Active Spot, you may shuffle it and all attached cards into your deck.",Beam(10/PSYCHIC): ,,
110,Slurpuff,POKEMON,,,https://bulbapedia.bulbagarden.net/wiki/Slurpuff_%28Eevee_Grove_32%29,120,STAGE1,PSYCHIC,METAL,2,1,,"Slurp Slurp(0/PSYCHIC+COLORLESS): Flip 2 coins. This attack does 90 damage for each heads. If both of them are tails, your opponent’s Active Pokémon is now Confused.",,
111,Sandygast,POKEMON,Sun & Moon,74,https://bulbapedia.bulbagarden.net/wiki/Sandygast_%28Sun_%26_Moon_74%29,90,BASIC,PSYCHIC,DARKNESS,3,1,,"Sand Attack(10/PSYCHIC): During your opponent’s next turn, if the Defending Pokémon tries to use an attack, your opponent flips a coin. If tails, that attack doesn’t happen. || Spooky Shot(30/PSYCHIC+COLORLESS+COLORLESS): ",,
112,Munkidori,POKEMON,Twilight Masquerade,095,https://bulbapedia.bulbagarden.net/wiki/Munkidori_%28Twilight_Masquerade_95%29,110,BASIC,PSYCHIC,DARKNESS,1,1,"Adrena-Brain: Once during your turn, if this Pokémon has any {D} Energy attached, you may move up to 3 damage counters from 1 of your Pokémon to 1 of your opponent’s Pokémon.",Mind Bend(60/PSYCHIC+COLORLESS): Your opponent’s Active Pokémon is now Confused.,,
113,Timburr,POKEMON,,,https://bulbapedia.bulbagarden.net/wiki/Timburr_%28Gates_to_Infinity%29,80,BASIC,FIGHTING,PSYCHIC,2,1,,"Best Punch(40/FIGHTING): Flip a coin. If tails, this attack does nothing.",,
114,Gurdurr,POKEMON,,,https://bulbapedia.bulbagarden.net/wiki/Gurdurr_%28Gates_to_Infinity%29,100,STAGE1,FIGHTING,PSYCHIC,2,1,,"Knuckle Punch(20/FIGHTING):  || Superpower(50/FIGHTING+COLORLESS+COLORLESS): You may do 30 more damage. If you do, this Pokémon also does 30 damage to itself.",,
115,Conkeldurr,POKEMON,Black Bolt,049,https://bulbapedia.bulbagarden.net/wiki/Conkeldurr_%28Black_Bolt_49%29,180,STAGE2,FIGHTING,PSYCHIC,3,1,,"Tantrum(80/FIGHTING): This Pokémon is now Confused. || Gutsy Swing(250/FIGHTING+COLORLESS+COLORLESS+COLORLESS): If this Pokémon is affected by a Special Condition, ignore all Energy in this attack’s cost.",,
116,Okidogi,POKEMON,Twilight Masquerade,111,https://bulbapedia.bulbagarden.net/wiki/Okidogi_%28Twilight_Masquerade_111%29,130,BASIC,FIGHTING,PSYCHIC,2,1,"Adrena-Power: If this Pokémon has any {D} Energy attached, it gets +100 HP, and the attacks it uses do 100 more damage to your opponent’s Active Pokémon (before applying Weakness and Resistance).",Good Punch(70/FIGHTING+FIGHTING): ,,
117,Cornerstone Mask Ogerpon ex,POKEMON,Twilight Masquerade,112,https://bulbapedia.bulbagarden.net/wiki/Cornerstone_Mask_Ogerpon_ex_%28Twilight_Masquerade_112%29,210,BASIC,FIGHTING,GRASS,1,2,Cornerstone Stance: Prevent all damage from attacks done to this Pokémon by your opponent’s Pokémon that have an Ability.,"Demolish(140/FIGHTING+COLORLESS+COLORLESS): This attack’s damage isn’t affected by Weakness or Resistance, or by any effects on your opponent’s Active Pokémon.",,
118,Heatran,POKEMON,Ultra Prism,88,https://bulbapedia.bulbagarden.net/wiki/Heatran_%28Ultra_Prism_88%29,140,BASIC,METAL,FIRE,4,1," Incandescent Body: If this Pokémon is in the Active Spot and is damaged by an attack from your opponent’s Pokémon (even if this Pokémon is Knocked Out), the Attacking Pokémon is now Burned.",Steel Burst(0/METAL+COLORLESS+COLORLESS): Discard all {M} Energy from this Pokémon. This attack does 50 damage for each card you discarded in this way.,,
119,Dreepy,POKEMON,Twilight Masquerade,128,https://bulbapedia.bulbagarden.net/wiki/Dreepy_%28Twilight_Masquerade_128%29,70,BASIC,DRAGON,,1,1,,Petty Grudge(10/PSYCHIC):  || Bite(40/FIRE+PSYCHIC): ,,
120,Drakloak,POKEMON,Twilight Masquerade,129,https://bulbapedia.bulbagarden.net/wiki/Drakloak_%28Twilight_Masquerade_129%29,90,STAGE1,DRAGON,,1,1,"Recon Directive: Once during your turn, you may look at the top 2 cards of your deck and put 1 of them into your hand. Put the other card on the bottom of your deck.",Dragon Headbutt(70/FIRE+PSYCHIC): ,,
121,Dragapult ex,POKEMON,Twilight Masquerade,130,https://bulbapedia.bulbagarden.net/wiki/Dragapult_ex_%28Twilight_Masquerade_130%29,320,STAGE2,DRAGON,,1,2,,Jet Headbutt(70/COLORLESS):  || Phantom Dive(200/FIRE+PSYCHIC): Put 6 damage counters on your opponent’s Benched Pokémon in any way you like.,,
122,Tatsugiri,POKEMON,Twilight Masquerade,131,https://bulbapedia.bulbagarden.net/wiki/Tatsugiri_%28Twilight_Masquerade_131%29,70,BASIC,DRAGON,,1,1,"Attract Customers: Once during your turn, if this Pokémon is in the Active Spot, you may look at the top 6 cards of your deck, reveal a Supporter card you find there, and put it into your hand. Shuffle the other cards back into your deck.",Surf(50/FIRE+WATER): ,,
123,Farfetch'd,POKEMON,Base Set,27,https://bulbapedia.bulbagarden.net/wiki/Farfetch%27d_%28Base_Set_27%29,70,BASIC,COLORLESS,LIGHTNING,1,1," Impromptu Carrier: When you play this Pokémon from your hand onto your Bench during your turn, you may search your deck for a Pokémon Tool card and attach it to this Pokémon. Then, shuffle your deck.",Mach Cut(30/COLORLESS): Discard a Special Energy from your opponent’s Active Pokémon.,,
124,Chansey,POKEMON,Base Set,3,https://bulbapedia.bulbagarden.net/wiki/Chansey_%28Base_Set_3%29,120,BASIC,COLORLESS,FIGHTING,2,1,,"Lucky Attachment(0/COLORLESS): Attach a Basic Energy card from your hand to 1 of your Pokémon. || Boundless Power(80/COLORLESS+COLORLESS+COLORLESS): During your next turn, this Pokémon can’t use attacks.",,
125,Blissey ex,POKEMON,Twilight Masquerade,134,https://bulbapedia.bulbagarden.net/wiki/Blissey_ex_%28Twilight_Masquerade_134%29,300,STAGE1,COLORLESS,FIGHTING,4,2,"Happy Switch: Once during your turn, you may move a Basic Energy from 1 of your Pokémon to another of your Pokémon.",Return(180/COLORLESS+COLORLESS+COLORLESS): You may draw cards until you have 6 cards in your hand.,,
126,Galvantula,POKEMON,Shrouded Fable,002,https://bulbapedia.bulbagarden.net/wiki/Galvantula_%28Shrouded_Fable_2%29,100,STAGE1,GRASS,FIRE,1,1,Compound Eyes: Attacks used by this Pokémon do 50 more damage to your opponent’s Active Pokémon that has an Ability (before applying Weakness and Resistance).,"Shocking Web(50/GRASS+COLORLESS): If this Pokémon has any {L} Energy attached, this attack does 80 more damage.",,
127,Rowlet,POKEMON,Sun & Moon,9,https://bulbapedia.bulbagarden.net/wiki/Rowlet_%28Sun_%26_Moon_9%29,70,BASIC,GRASS,FIRE,1,1,,Add On(0/COLORLESS): Draw a card. || Leafage(10/GRASS): ,,
128,Dartrix,POKEMON,Darkness Ablaze,012,https://bulbapedia.bulbagarden.net/wiki/Dartrix_%28Darkness_Ablaze_12%29,90,STAGE1,GRASS,FIRE,1,1,,United Wings(0/COLORLESS): This attack does 20 damage for each Pokémon in your discard pile that has the United Wings attack. || Cutting Wind(30/GRASS): ,,
129,Decidueye,POKEMON,Darkness Ablaze,013,https://bulbapedia.bulbagarden.net/wiki/Decidueye_%28Darkness_Ablaze_13%29,150,STAGE2,GRASS,FIRE,2,1,,"Stock Up on Feathers(0/COLORLESS): Draw cards until you have 7 cards in your hand. || Power Shot(170/GRASS): Discard a Basic {G} Energy card from your hand. If you can’t, this attack does nothing.",,
130,Revavroom ex,POKEMON,Obsidian Flames,156,https://bulbapedia.bulbagarden.net/wiki/Revavroom_ex_%28Obsidian_Flames_156%29,280,STAGE1,LIGHTNING,FIGHTING,1,2,,"Accelerator Flash(20/METAL): If this Pokémon moved from your Bench to the Active Spot this turn, this attack does 120 more damage. || Shattering Speed(250/METAL+METAL+METAL): Discard this Pokémon and all attached cards.",,
131,Duskull,POKEMON,Shrouded Fable,018,https://bulbapedia.bulbagarden.net/wiki/Duskull_%28Shrouded_Fable_18%29,60,BASIC,PSYCHIC,DARKNESS,1,1,,Come and Get You(0/PSYCHIC): Put up to 3 Duskull from your discard pile onto your Bench. || Mumble(30/PSYCHIC+PSYCHIC): ,,
132,Dusclops,POKEMON,Shrouded Fable,019,https://bulbapedia.bulbagarden.net/wiki/Dusclops_%28Shrouded_Fable_19%29,90,STAGE1,PSYCHIC,DARKNESS,2,1,"Cursed Blast: Once during your turn, you may put 5 damage counters on 1 of your opponent’s Pokémon. If you use this Ability, this Pokémon is Knocked Out.",Will-O-Wisp(50/PSYCHIC+PSYCHIC): ,,
133,Dusknoir,POKEMON,,,https://bulbapedia.bulbagarden.net/wiki/Dusknoir_%28Explorers_of_Time%2C_Darkness%2C_and_Sky%29,160,STAGE2,PSYCHIC,DARKNESS,3,1,"Cursed Blast: Once during your turn, you may put 13 damage counters on 1 of your opponent’s Pokémon. If you use this Ability, this Pokémon is Knocked Out.","Shadow Bind(150/PSYCHIC+PSYCHIC+COLORLESS): During your opponent’s next turn, the Defending Pokémon can’t retreat.",,
134,Sylveon,POKEMON,,,https://bulbapedia.bulbagarden.net/wiki/Sylveon_%28Pok%C3%A9mon%29,120,STAGE1,PSYCHIC,METAL,1,1,,"Mystical Return(0/PSYCHIC): Flip a coin. If heads, choose 1 of your opponent’s Benched Pokémon. Shuffle that Pokémon and all attached cards into their deck. || Disarming Voice(90/PSYCHIC+COLORLESS+COLORLESS): Your opponent’s Active Pokémon is now Confused.",,
135,Bloodmoon Ursaluna,POKEMON,Shrouded Fable,025,https://bulbapedia.bulbagarden.net/wiki/Bloodmoon_Ursaluna_%28Shrouded_Fable_25%29,150,BASIC,FIGHTING,GRASS,4,1,"Battle-Hardened: When you play this Pokémon from your hand onto your Bench during your turn, you may attach up to 2 Basic {F} Energy cards from your hand to this Pokémon.",Mad Bite(100/FIGHTING+FIGHTING+COLORLESS): This attack does 30 more damage for each damage counter on your opponent’s Active Pokémon.,,
136,Zorua,POKEMON,Shining Legends,52,https://bulbapedia.bulbagarden.net/wiki/Zorua_%28Shining_Legends_52%29,70,BASIC,DARKNESS,GRASS,1,1,,Stampede(10/COLORLESS):  || Double Scratch(0/DARKNESS+COLORLESS): Flip 2 coins. This attack does 20 damage for each heads.,,
137,Zoroark,POKEMON,,,https://bulbapedia.bulbagarden.net/wiki/Zoroark_%28Pok%C3%A9mon%29,120,STAGE1,DARKNESS,GRASS,1,1,,Illusory Hijacking(0/COLORLESS+COLORLESS): This attack does 60 damage for each of your opponent’s Pokémon {ex} and Pokémon {V} in play. || Claw Slash(110/DARKNESS+COLORLESS+COLORLESS): ,,
138,Okidogi ex,POKEMON,Shrouded Fable,036,https://bulbapedia.bulbagarden.net/wiki/Okidogi_ex_%28Shrouded_Fable_36%29,250,BASIC,DARKNESS,FIGHTING,3,2,,"Poisonous Musculature(0/COLORLESS): Search your deck for up to 2 Basic {D} Energy cards and attach them to this Pokémon. Then, shuffle your deck. If you attached Energy to a Pokémon in this way, this Pokémon is now Poisoned. || Chain-Crazed(130/DARKNESS+DARKNESS+COLORLESS): If this Pokémon is Poisoned, this attack does 130 more damage.",,
139,Munkidori ex,POKEMON,Shrouded Fable,037,https://bulbapedia.bulbagarden.net/wiki/Munkidori_ex_%28Shrouded_Fable_37%29,210,BASIC,DARKNESS,FIGHTING,1,2,"Oh No You Don’t: If this Pokémon is Knocked Out by damage from an attack from your opponent’s Pokémon, and if you have any Pecharunt {ex} in play, your opponent takes 1 fewer Prize card.","Dirty Headbutt(190/DARKNESS+DARKNESS+COLORLESS): During your next turn, this Pokémon can’t use Dirty Headbutt.",,
140,Fezandipiti ex,POKEMON,Shrouded Fable,038,https://bulbapedia.bulbagarden.net/wiki/Fezandipiti_ex_%28Shrouded_Fable_38%29,210,BASIC,DARKNESS,FIGHTING,1,2,"Flip the Script: Once during your turn, if any of your Pokémon were Knocked Out during your opponent’s last turn, you may draw 3 cards. You can’t use more than 1 Flip the Script Ability each turn.",Cruel Arrow(0/COLORLESS+COLORLESS+COLORLESS): This attack does 100 damage to 1 of your opponent’s Pokémon. (Don’t apply Weakness and Resistance for Benched Pokémon.),,
141,Pecharunt ex,POKEMON,Shrouded Fable,039,https://bulbapedia.bulbagarden.net/wiki/Pecharunt_ex_%28Shrouded_Fable_39%29,190,BASIC,DARKNESS,FIGHTING,1,2,"Subjugating Chains: Once during your turn, you may switch 1 of your Benched {D} Pokémon, except any Pecharunt {ex}, with your Active Pokémon. If you do, the new Active Pokémon is now Poisoned. You can’t use more than 1 Subjugating Chains Ability each turn.",Irritated Outburst(0/DARKNESS+DARKNESS): This attack does 60 damage for each Prize card your opponent has taken.,,
142,Genesect,POKEMON,,,https://bulbapedia.bulbagarden.net/wiki/Genesect_%28Pok%C3%A9mon%29,110,BASIC,METAL,FIRE,1,1,"ACE Nullifier: If this Pokémon has a Pokémon Tool attached, your opponent can’t play any {ACE SPEC} cards from their hand.",Magnetic Blast(100/METAL+COLORLESS+COLORLESS): ,,
143,Varoom,POKEMON,Obsidian Flames,154,https://bulbapedia.bulbagarden.net/wiki/Varoom_%28Obsidian_Flames_154%29,70,BASIC,METAL,FIRE,1,1,,"Rigidify(0/METAL): During your opponent’s next turn, this Pokémon takes 30 less damage from attacks (after applying Weakness and Resistance). || Headbutt Bounce(20/METAL+METAL): ",,
144,Kyurem,POKEMON,,,https://bulbapedia.bulbagarden.net/wiki/Kyurem_%28Tretta_Strengthening_Set_Power_10%29,130,BASIC,DRAGON,,2,1,"Plasma Bane: If your opponent has any cards in their discard pile that have ""Colress"" in the name, this Pokémon can use the Trifrost attack for {C}.",Trifrost(0/WATER+WATER+METAL+METAL+COLORLESS): Discard all Energy from this Pokémon. This attack does 110 damage to 3 of your opponent’s Pokémon. (Don’t apply Weakness and Resistance for Benched Pokémon.),,
145,Eevee,POKEMON,,,https://bulbapedia.bulbagarden.net/wiki/Eevee_%28Pok%C3%A9mon%29,70,BASIC,COLORLESS,FIGHTING,1,1,,"Colorful Catch(0/COLORLESS): Search your deck for up to 3 Basic Energy cards of different types, reveal them, and put them into your hand. Then, shuffle your deck. || Headbutt(20/COLORLESS+COLORLESS): ",,
146,Lileep,POKEMON,Stellar Crown,005,https://bulbapedia.bulbagarden.net/wiki/Lileep_%28Stellar_Crown_5%29,100,STAGE1,GRASS,FIRE,2,1,,"Bind Down(50/GRASS): During your opponent’s next turn, the Defending Pokémon can’t retreat.",,
147,Cradily,POKEMON,Stellar Crown,006,https://bulbapedia.bulbagarden.net/wiki/Cradily_%28Stellar_Crown_6%29,150,STAGE2,GRASS,FIRE,3,1,"Selective Slime: Once during your turn, you may flip a coin. If heads, choose Burned, Confused, or Poisoned. Your opponent’s Active Pokémon is now affected by that Special Condition.",Miasma Wind(0/GRASS): This attack does 100 damage for each Special Condition affecting your opponent’s Active Pokémon.,,
148,Mow Rotom,POKEMON,Ultra Prism,14,https://bulbapedia.bulbagarden.net/wiki/Mow_Rotom_%28Ultra_Prism_14%29,90,BASIC,GRASS,FIRE,1,1,,"Reaping Dash(30/COLORLESS): Before doing damage, discard all Pokémon Tools and Special Energy from your opponent’s Active Pokémon.",,
149,Applin,POKEMON,Rebel Clash,021,https://bulbapedia.bulbagarden.net/wiki/Applin_%28Rebel_Clash_21%29,40,BASIC,GRASS,FIRE,1,1,,Spray Fluid(20/GRASS): ,,
150,Hydrapple ex,POKEMON,Stellar Crown,014,https://bulbapedia.bulbagarden.net/wiki/Hydrapple_ex_%28Stellar_Crown_14%29,330,STAGE2,GRASS,FIRE,3,2,"Ripening Charge: Once during your turn, you may attach a Basic {G} Energy card from your hand to 1 of your Pokémon. If you attached Energy to a Pokémon in this way, heal 30 damage from that Pokémon.",Syrup Storm(30/COLORLESS+COLORLESS): This attack does 30 more damage for each {G} Energy attached to all of your Pokémon.,,
151,Scorbunny,POKEMON,Stellar Crown,026,https://bulbapedia.bulbagarden.net/wiki/Scorbunny_%28Stellar_Crown_26%29,70,BASIC,FIRE,WATER,1,1,,"Quick Attack(10/COLORLESS): Flip a coin. If heads, this attack does 10 more damage.",,
152,Raboot,POKEMON,Stellar Crown,027,https://bulbapedia.bulbagarden.net/wiki/Raboot_%28Stellar_Crown_27%29,90,STAGE1,FIRE,WATER,1,1,,Low Sweep(30/FIRE):  || Combustion(60/FIRE+COLORLESS+COLORLESS): ,,
153,Cinderace ex,POKEMON,Stellar Crown,028,https://bulbapedia.bulbagarden.net/wiki/Cinderace_ex_%28Stellar_Crown_28%29,320,STAGE2,FIRE,WATER,0,2,,"Flare Strike(280/FIRE+COLORLESS+COLORLESS): During your next turn, this Pokémon can’t use Flare Strike. || Garnet Volley(0/FIRE+FIGHTING+DARKNESS): This attack does 180 damage to 1 of your opponent’s Pokémon. (Don’t apply Weakness and Resistance for Benched Pokémon.)",,
154,Lapras ex,POKEMON,Stellar Crown,032,https://bulbapedia.bulbagarden.net/wiki/Lapras_ex_%28Stellar_Crown_32%29,220,BASIC,WATER,METAL,2,2,,Power Splash(0/WATER): This attack does 40 damage for each Energy attached to this Pokémon. || Larimar Rain(0/WATER+PSYCHIC+METAL): Look at the top 20 cards of your deck and attach any number of Energy cards you find there to your Pokémon in any way you like. Shuffle the other cards back into your deck.,,
155,Carracosta,POKEMON,,,https://bulbapedia.bulbagarden.net/wiki/Carracosta_%28Super_Mystery_Dungeon%29,160,STAGE2,WATER,LIGHTNING,3,1, Primal Knowledge: Attacks used by your Pokémon do 30 more damage to your opponent’s Active Evolution Pokémon (before applying Weakness and Resistance).,Tidal Wave(150/WATER+WATER): ,,
156,Crabominable,POKEMON,Stellar Crown,042,https://bulbapedia.bulbagarden.net/wiki/Crabominable_%28Stellar_Crown_42%29,160,STAGE1,WATER,METAL,3,1,Food Prep: Attacks used by this Pokémon cost {C} less for each Kofu card in your discard pile.,"Haymaker(250/WATER+COLORLESS+COLORLESS+COLORLESS+COLORLESS): During your next turn, this Pokémon can’t use Haymaker.",,
157,Chewtle,POKEMON,Sword & Shield,060,https://bulbapedia.bulbagarden.net/wiki/Chewtle_%28Sword_%26_Shield_60%29,80,BASIC,WATER,LIGHTNING,2,1,,Headbutt(60/COLORLESS+COLORLESS+COLORLESS): ,,
158,Drednaw,POKEMON,Sword & Shield,061,https://bulbapedia.bulbagarden.net/wiki/Drednaw_%28Sword_%26_Shield_61%29,140,STAGE1,WATER,LIGHTNING,3,1,Impervious Shell: Prevent all damage done to this Pokémon by attacks from your opponent’s Pokémon if that damage is 200 or more.,"Hard Crunch(80/COLORLESS+COLORLESS+COLORLESS): If your opponent’s Active Pokémon already has any damage counters on it, this attack does 80 more damage.",,
159,Veluza,POKEMON,Paldea Evolved,056,https://bulbapedia.bulbagarden.net/wiki/Veluza_%28Paldea_Evolved_56%29,130,BASIC,WATER,LIGHTNING,2,1,Food Prep: Attacks used by this Pokémon cost {C} less for each Kofu card in your discard pile.,Sonic Edge(110/COLORLESS+COLORLESS+COLORLESS+COLORLESS): This attack’s damage isn’t affected by any effects on your opponent’s Active Pokémon.,,
160,Joltik,POKEMON,Stellar Crown,050,https://bulbapedia.bulbagarden.net/wiki/Joltik_%28Stellar_Crown_50%29,30,BASIC,LIGHTNING,FIGHTING,1,1,,"Jolting Charge(0/COLORLESS): Search your deck for up to 2 Basic {G} Energy cards and up to 2 Basic {L} Energy cards and attach them to your Pokémon in any way you like. Then, shuffle your deck.",,
161,Galvantula ex,POKEMON,Stellar Crown,051,https://bulbapedia.bulbagarden.net/wiki/Galvantula_ex_%28Stellar_Crown_51%29,260,STAGE1,LIGHTNING,FIGHTING,1,2,,"Charged Web(110/LIGHTNING+COLORLESS): If your opponent’s Active Pokémon is a Pokémon {ex} or Pokémon {V}, this attack does 110 more damage. || Fulgurite(180/GRASS+LIGHTNING+FIGHTING): Discard all Energy from this Pokémon. During your opponent’s next turn, they can’t play any Item cards from their hand.",,
162,Slowpoke,POKEMON,,,https://bulbapedia.bulbagarden.net/wiki/Slowpoke_%28Pok%C3%A9mon%29,80,BASIC,PSYCHIC,DARKNESS,2,1,,Dangle Tail(0/COLORLESS): Put a Pokémon from your discard pile into your hand. || Tackle(30/PSYCHIC+COLORLESS): ,,
163,Slowking,POKEMON,Neo Genesis,14,https://bulbapedia.bulbagarden.net/wiki/Slowking_%28Neo_Genesis_14%29,120,STAGE1,PSYCHIC,DARKNESS,3,1,,"Seek Inspiration(0/PSYCHIC+COLORLESS): Discard the top card of your deck, and if that card is a Pokémon that doesn’t have a Rule Box, choose 1 of its attacks and use it as this attack. (Pokémon {ex}, Pokémon {V}, etc. have Rule Boxes.) || Super Psy Bolt(120/PSYCHIC+PSYCHIC+COLORLESS): ",,"In the Japanese release, Mind Games can only be used if Slowking is the Active Pokémon. In the English release, the Active Pokémon stipulation was removed. This allows it to be used from the Bench, allowing players to use multiple Slowking to further reduce the odds of a  being successfully played to as low as to 1 in 16. Slowking became extremely popular, with games often coming down to who could play multiple Slowking first to shut their opponent out of search and draw power and clog their draws, all while being essentially shielded from attacks due to being on the Bench. Due to its widely perceived negative influence on gameplay, the card was banned from the  at the end of 2002. ; This card received  to clarify how Mind Games interacts with . A Trainer card that fails to be used is to go atop its original owner's deck, not the deck of the player who attempted to use it."
164,Comfey,POKEMON,Lost Origin,079,https://bulbapedia.bulbagarden.net/wiki/Comfey_%28Lost_Origin_79%29,70,BASIC,PSYCHIC,METAL,1,1,,"Flower Shower(0/PSYCHIC): Each player draws 3 cards. || Play Rough(20/PSYCHIC): Flip a coin. If heads, this attack does 20 more damage.",,
165,Klink,POKEMON,Black Bolt,061,https://bulbapedia.bulbagarden.net/wiki/Klink_%28Black_Bolt_61%29,60,BASIC,METAL,FIRE,2,1,,Allure(0/COLORLESS): Draw a card. || Beam(20/COLORLESS+COLORLESS): ,,
166,Klang,POKEMON,Black Bolt,062,https://bulbapedia.bulbagarden.net/wiki/Klang_%28Black_Bolt_62%29,90,STAGE1,METAL,FIRE,3,1,,Iron Tackle(60/COLORLESS+COLORLESS): This Pokémon also does 20 damage to itself.,,
167,Klinklang,POKEMON,Emerging Powers,76,https://bulbapedia.bulbagarden.net/wiki/Klinklang_%28Emerging_Powers_76%29,140,STAGE2,METAL,FIRE,3,1,"Emergency Rotation: Once during your turn, if this Pokémon is in your hand and your opponent has any Stage 2 Pokémon in play, you may put this Pokémon onto your Bench.",Hyper Ray(130/COLORLESS+COLORLESS): Discard all Energy from this Pokémon.,,
168,Meltan,POKEMON,Unbroken Bonds,128,https://bulbapedia.bulbagarden.net/wiki/Meltan_%28Unbroken_Bonds_128%29,70,BASIC,METAL,FIRE,1,1,,"Knickknack Carrying(0/METAL): Search your deck for a Pokémon Tool card, reveal it, and put it into your hand. Then, shuffle your deck. || Ram(30/METAL+COLORLESS): ",,
169,Duraludon,POKEMON,Rebel Clash,138,https://bulbapedia.bulbagarden.net/wiki/Duraludon_%28Rebel_Clash_138%29,130,BASIC,METAL,FIRE,2,1,,Hammer In(30/METAL):  || Raging Hammer(80/METAL+METAL+COLORLESS): This attack does 10 more damage for each damage counter on this Pokémon.,,
170,Archaludon,POKEMON,Stellar Crown,107,https://bulbapedia.bulbagarden.net/wiki/Archaludon_%28Stellar_Crown_107%29,180,STAGE1,METAL,FIRE,2,1,Metal Bridge: All of your Pokémon that have {M} Energy attached have no Retreat Cost.,"Iron Blaster(160/METAL+METAL+COLORLESS): During your next turn, this Pokémon can’t use attacks.",,
171,Raging Bolt,POKEMON,Stellar Crown,111,https://bulbapedia.bulbagarden.net/wiki/Raging_Bolt_%28Stellar_Crown_111%29,130,BASIC,DRAGON,,3,1,,Thunderburst Storm(0/LIGHTNING+FIGHTING): This attack does 30 damage to 1 of your opponent’s Pokémon for each Energy attached to this Pokémon. (Don’t apply Weakness and Resistance for Benched Pokémon.) || Dragon Headbutt(130/LIGHTNING+FIGHTING+COLORLESS): ,,
172,Hoothoot,POKEMON,Stellar Crown,114,https://bulbapedia.bulbagarden.net/wiki/Hoothoot_%28Stellar_Crown_114%29,70,BASIC,COLORLESS,LIGHTNING,1,1,,Triple Stab(0/COLORLESS): Flip 3 coins. This attack does 10 damage for each heads.,,
173,Noctowl,POKEMON,Stellar Crown,115,https://bulbapedia.bulbagarden.net/wiki/Noctowl_%28Stellar_Crown_115%29,100,STAGE1,COLORLESS,LIGHTNING,1,1,"Jewel Seeker: Once during your turn, when you play this Pokémon from your hand to evolve 1 of your Pokémon, if you have any Tera Pokémon in play, you may search your deck for up to 2 Trainer cards, reveal them, and put them into your hand. Then, shuffle your deck.",Speed Wing(60/COLORLESS+COLORLESS): ,,
174,Fan Rotom,POKEMON,Stellar Crown,118,https://bulbapedia.bulbagarden.net/wiki/Fan_Rotom_%28Stellar_Crown_118%29,70,BASIC,COLORLESS,LIGHTNING,1,1,"Fan Call: Once during your first turn, you may search your deck for up to 3 {C} Pokémon with 100 HP or less, reveal them, and put them into your hand. Then, shuffle your deck. You can’t use more than 1 Fan Call Ability during your turn.","Assault Landing(70/COLORLESS): If there is no Stadium in play, this attack does nothing.",,
175,Bouffalant,POKEMON,Stellar Crown,119,https://bulbapedia.bulbagarden.net/wiki/Bouffalant_%28Stellar_Crown_119%29,100,BASIC,COLORLESS,FIGHTING,2,1,"Curly Wall: As long as you have at least 1 other Bouffalant in play, all of your Basic {C} Pokémon take 60 less damage from attacks from your opponent’s Pokémon (after applying Weakness and Resistance). The effect of Curly Wall doesn’t stack.","Boundless Power(130/COLORLESS+COLORLESS+COLORLESS): During your next turn, this Pokémon can’t use attacks.",,
176,Terapagos ex,POKEMON,Stellar Crown,128,https://bulbapedia.bulbagarden.net/wiki/Terapagos_ex_%28Stellar_Crown_128%29,230,BASIC,COLORLESS,FIGHTING,2,2,,"Unified Beatdown(0/COLORLESS+COLORLESS): If you go second, you can’t use this attack during your first turn. This attack does 30 damage for each of your Benched Pokémon. || Crown Opal(180/GRASS+WATER+LIGHTNING): During your opponent’s next turn, prevent all damage done to this Pokémon by attacks from Basic non-{C} Pokémon.",,
177,Exeggcute,POKEMON,Jungle,52,https://bulbapedia.bulbagarden.net/wiki/Exeggcute_%28Jungle_52%29,30,BASIC,GRASS,FIRE,1,1,,"Precocious Evolution(0/COLORLESS): If you go first, you can use this attack during your first turn. Search your deck for a card that evolves from this Pokémon and put it onto this Pokémon to evolve it. Then, shuffle your deck.",,
178,Zarude,POKEMON,,,https://bulbapedia.bulbagarden.net/wiki/Zarude_%28Movie_2020%29,120,BASIC,GRASS,FIRE,1,1,,Leaf Drain(20/GRASS): Heal 20 damage from this Pokémon. || Jungle Whip(80/GRASS+GRASS+COLORLESS): You may put all Energy attached to this Pokémon into your hand to have this attack do 80 more damage.,,
179,Black Kyurem ex,POKEMON,Surging Sparks,048,https://bulbapedia.bulbagarden.net/wiki/Black_Kyurem_ex_%28Surging_Sparks_48%29,230,BASIC,WATER,METAL,3,2,,"Ice Age(90/COLORLESS+COLORLESS+COLORLESS): If your opponent’s Active Pokémon is a {N} Pokémon, it is now Paralyzed. || Black Frost(250/WATER+WATER+COLORLESS+COLORLESS): This Pokémon also does 30 damage to itself.",,
180,Bruxish,POKEMON,Sun & Moon,48,https://bulbapedia.bulbagarden.net/wiki/Bruxish_%28Sun_%26_Moon_48%29,110,BASIC,WATER,LIGHTNING,1,1," Counterattack: If this Pokémon is in the Active Spot and is damaged by an attack from your opponent’s Pokémon (even if this Pokémon is Knocked Out), put 3 damage counters on the Attacking Pokémon.","Big Bite(50/WATER+COLORLESS): During your opponent’s next turn, the Defending Pokémon can’t retreat.",,
181,Quaxwell,POKEMON,Paldea Evolved,051,https://bulbapedia.bulbagarden.net/wiki/Quaxwell_%28Paldea_Evolved_51%29,100,STAGE1,WATER,LIGHTNING,1,1,,Aqua Edge(40/WATER): ,,
182,Quaquaval,POKEMON,Scarlet & Violet,054,https://bulbapedia.bulbagarden.net/wiki/Quaquaval_%28Scarlet_%26_Violet_54%29,170,STAGE2,WATER,LIGHTNING,2,1,"Up-Tempo: You must put a card from your hand on the bottom of your deck in order to use this Ability. Once during your turn, you may draw cards until you have 5 cards in your hand.",Hydro Splash(120/WATER+COLORLESS): ,,
183,Smoochum,POKEMON,Surging Sparks,075,https://bulbapedia.bulbagarden.net/wiki/Smoochum_%28Surging_Sparks_75%29,30,BASIC,PSYCHIC,DARKNESS,0,1,,"Delightful Kiss(0/): Search your deck for up to 2 Basic {P} Energy cards and attach them to 1 of your Benched Pokémon. Then, shuffle your deck.",,
184,Latias ex,POKEMON,Surging Sparks,076,https://bulbapedia.bulbagarden.net/wiki/Latias_ex_%28Surging_Sparks_76%29,210,BASIC,PSYCHIC,DARKNESS,2,2,Skyliner: Your Basic Pokémon in play have no Retreat Cost.,"Eon Blade(200/PSYCHIC+PSYCHIC+COLORLESS): During your next turn, this Pokémon can’t use attacks.",,
185,Flittle,POKEMON,Scarlet & Violet,101,https://bulbapedia.bulbagarden.net/wiki/Flittle_%28Scarlet_%26_Violet_101%29,40,BASIC,PSYCHIC,DARKNESS,1,1,,"Splashing Dodge(10/COLORLESS): Flip a coin. If heads, during your opponent’s next turn, prevent all damage from and effects of attacks done to this Pokémon.",,
186,Gimmighoul,POKEMON,Paradox Rift,088,https://bulbapedia.bulbagarden.net/wiki/Gimmighoul_%28Paradox_Rift_88%29,70,BASIC,PSYCHIC,DARKNESS,2,1,,"Minor Errand-Running(0/COLORLESS): Search your deck for up to 2 Basic Energy cards, reveal them, and put them into your hand. Then, shuffle your deck. || Tackle(50/COLORLESS+COLORLESS+COLORLESS): ",,
187,Trapinch,POKEMON,Darkness Ablaze,089,https://bulbapedia.bulbagarden.net/wiki/Trapinch_%28Darkness_Ablaze_89%29,60,BASIC,FIGHTING,GRASS,1,1,,"Call for Family(0/COLORLESS): Search your deck for up to 2 Basic Pokémon and put them onto your Bench. Then, shuffle your deck. || Bite(20/FIGHTING+COLORLESS): ",,
188,Vibrava,POKEMON,EX Dragon,46,https://bulbapedia.bulbagarden.net/wiki/Vibrava_%28EX_Dragon_46%29,90,STAGE1,FIGHTING,GRASS,1,1,,"Screech(0/COLORLESS): During your next turn, the Defending Pokémon takes 50 more damage from attacks (after applying Weakness and Resistance). || Cutting Wind(50/FIGHTING+COLORLESS): ",,
189,Flygon ex,POKEMON,Surging Sparks,106,https://bulbapedia.bulbagarden.net/wiki/Flygon_ex_%28Surging_Sparks_106%29,310,STAGE2,FIGHTING,GRASS,1,2,,Reversing Storm(130/FIGHTING): You may switch this Pokémon with 1 of your Benched Pokémon. || Sonic Peridot(0/WATER+FIGHTING+METAL): This attack does 100 damage to each of your opponent’s Pokémon {ex} and Pokémon {V}. This attack’s damage isn’t affected by Weakness or Resistance.,,
190,Archaludon ex,POKEMON,Surging Sparks,130,https://bulbapedia.bulbagarden.net/wiki/Archaludon_ex_%28Surging_Sparks_130%29,300,STAGE1,METAL,FIRE,2,2,"Assemble Alloy: When you play this Pokémon from your hand to evolve 1 of your Pokémon during your turn, you may attach up to 2 Basic {M} Energy cards from your discard pile to your {M} Pokémon in any way you like.","Metal Defender(220/METAL+METAL+METAL): During your opponent’s next turn, this Pokémon has no Weakness.",,
191,Gholdengo,POKEMON,Surging Sparks,131,https://bulbapedia.bulbagarden.net/wiki/Gholdengo_%28Surging_Sparks_131%29,130,STAGE1,METAL,FIRE,2,1,,"Strike It Rich(30/METAL): If this Pokémon evolved from Gimmighoul during this turn, this attack does 90 more damage. || Surf Back(100/COLORLESS+COLORLESS+COLORLESS): You may shuffle this Pokémon and all attached cards into your deck.",,
192,Iron Crown,POKEMON,Surging Sparks,132,https://bulbapedia.bulbagarden.net/wiki/Iron_Crown_%28Surging_Sparks_132%29,130,BASIC,METAL,FIRE,2,1,,"Deleting Slash(40/METAL+COLORLESS): If your opponent has 3 or more Benched Pokémon, this attack does 80 more damage. || Slicing Blade(100/METAL+COLORLESS+COLORLESS): ",,
193,Alolan Exeggutor ex,POKEMON,Surging Sparks,133,https://bulbapedia.bulbagarden.net/wiki/Alolan_Exeggutor_ex_%28Surging_Sparks_133%29,300,STAGE1,DRAGON,,3,2,,"Tropical Frenzy(150/GRASS+WATER): You may attach any number of Basic Energy cards from your hand to your Pokémon in any way you like. || Swinging Sphene(0/GRASS+WATER+FIGHTING): Flip a coin. If heads, Knock Out your opponent’s Active Basic Pokémon. If tails, Knock Out 1 of your opponent’s Benched Basic Pokémon.",,
194,Altaria,POKEMON,Evolving Skies,106,https://bulbapedia.bulbagarden.net/wiki/Altaria_%28Evolving_Skies_106%29,120,STAGE1,DRAGON,,1,1,,"Humming Charge(0/WATER): Search your deck for up to 2 Basic Energy cards and attach them to your Pokémon in any way you like. Then, shuffle your deck. || Cotton Wings(100/WATER+METAL): Flip a coin. If heads, during your opponent’s next turn, prevent all damage done to this Pokémon by attacks.",,
195,Dialga,POKEMON,,,https://bulbapedia.bulbagarden.net/wiki/Dialga_%28Pok%C3%A9mon%29,130,BASIC,DRAGON,,2,1,,"Time Manipulation(0/COLORLESS): Search your deck for 2 cards, shuffle your deck, then put those cards on top of it in any order. || Buster Tail(160/PSYCHIC+METAL+COLORLESS): ",,
196,Turtonator,POKEMON,SM Black Star Promos,26,https://bulbapedia.bulbagarden.net/wiki/Turtonator_%28SM_Promo_27%29,120,BASIC,DRAGON,,3,1,,Fully Singe(0/FIRE): Discard an Energy from your opponent’s Active Pokémon {ex}. || Steaming Stomp(100/FIGHTING+COLORLESS+COLORLESS): ,,
197,Swablu,POKEMON,Evolving Skies,132,https://bulbapedia.bulbagarden.net/wiki/Swablu_%28Evolving_Skies_132%29,50,BASIC,COLORLESS,LIGHTNING,1,1,,Disarming Voice(10/COLORLESS): Your opponent’s Active Pokémon is now Confused.,,
198,Durant ex,POKEMON,Surging Sparks,004,https://bulbapedia.bulbagarden.net/wiki/Durant_ex_%28Surging_Sparks_4%29,190,BASIC,GRASS,FIRE,2,2,"Sudden Shearing: When you play this Pokémon from your hand onto your Bench during your turn, you may discard the top card of your opponent’s deck.",Vengeful Crush(120/GRASS+COLORLESS+COLORLESS): This attack does 30 more damage for each Prize card your opponent has taken.,,
199,Scatterbug,POKEMON,XY,15,https://bulbapedia.bulbagarden.net/wiki/Scatterbug_%28XY_15%29,40,BASIC,GRASS,FIRE,1,1,,"Call for Family(0/COLORLESS): Search your deck for a Basic Pokémon and put it onto your Bench. Then, shuffle your deck.",,
200,Spewpa,POKEMON,Perfect Order,008,https://bulbapedia.bulbagarden.net/wiki/Spewpa_%28Perfect_Order_8%29,80,STAGE1,GRASS,FIRE,3,1,,Wander About(0/COLORLESS): Switch this Pokémon with 1 of your Benched Pokémon. || Tackle(30/GRASS): ,,
201,Wo-Chien,POKEMON,Paradox Rift,018,https://bulbapedia.bulbagarden.net/wiki/Wo-Chien_%28Paradox_Rift_18%29,130,BASIC,GRASS,FIRE,3,1,,"Hazardous Greed(20/GRASS+COLORLESS): If there are 3 or fewer cards in your deck, this attack also does 120 damage to 2 of your opponent’s Benched Pokémon. (Don’t apply Weakness and Resistance for Benched Pokémon.) || Entangling Whip(130/GRASS+GRASS+COLORLESS): Discard the top 3 cards of your deck.",,
202,Victini,POKEMON,,,https://bulbapedia.bulbagarden.net/wiki/Victini_%28Gates_to_Infinity%29,70,BASIC,FIRE,WATER,1,1,Victory Cheer: Attacks used by your Evolution {R} Pokémon do 10 more damage to your opponent’s Active Pokémon (before applying Weakness and Resistance).,Flare(30/FIRE+COLORLESS): ,,
203,Skeledirge,POKEMON,Surging Sparks,031,https://bulbapedia.bulbagarden.net/wiki/Skeledirge_%28Surging_Sparks_31%29,180,STAGE2,FIRE,WATER,3,1,Unaware: Prevent all effects of attacks used by your opponent’s Pokémon done to this Pokémon. (Damage is not an effect.),Torcherto(60/FIRE+COLORLESS): This attack does 20 more damage for each Benched Pokémon (both yours and your opponent’s).,,
204,Charcadet,POKEMON,Scarlet & Violet,040,https://bulbapedia.bulbagarden.net/wiki/Charcadet_%28Scarlet_%26_Violet_40%29,80,BASIC,FIRE,WATER,2,1,,Light Punch(10/FIRE):  || Flamethrower(70/FIRE+FIRE+COLORLESS): Discard an Energy from this Pokémon.,,
205,Scovillain ex,POKEMON,Surging Sparks,037,https://bulbapedia.bulbagarden.net/wiki/Scovillain_ex_%28Surging_Sparks_37%29,260,STAGE1,FIRE,WATER,2,2,"Double Type: As long as this Pokémon is in play, it is {G} and {R} type.",Spicy Rage(10/FIRE+FIRE): This attack does 70 more damage for each damage counter on this Pokémon.,,
206,Feebas,POKEMON,EX Hidden Legends,61,https://bulbapedia.bulbagarden.net/wiki/Feebas_%28EX_Hidden_Legends_61%29,30,BASIC,WATER,LIGHTNING,1,1,,Leap Out(0/COLORLESS): Switch this Pokémon with 1 of your Benched Pokémon.,,
207,Milotic ex,POKEMON,Surging Sparks,042,https://bulbapedia.bulbagarden.net/wiki/Milotic_ex_%28Surging_Sparks_42%29,270,STAGE1,WATER,LIGHTNING,2,2,Sparkling Scales: Prevent all damage from and effects of attacks from your opponent’s Tera Pokémon done to this Pokémon.,Hypno Splash(160/WATER+COLORLESS+COLORLESS): Your opponent’s Active Pokémon is now Asleep.,,
208,Shellos,POKEMON,Secret Wonders,106,https://bulbapedia.bulbagarden.net/wiki/Shellos_%28Secret_Wonders_106%29,70,BASIC,WATER,LIGHTNING,2,1,,Sprinkle Water(30/COLORLESS+COLORLESS): ,,
209,Chien-Pao,POKEMON,Surging Sparks,056,https://bulbapedia.bulbagarden.net/wiki/Chien-Pao_%28Surging_Sparks_56%29,120,BASIC,WATER,METAL,1,1,"Snow Sink: When you play this Pokémon from your hand onto your Bench during your turn, you may discard a Stadium in play.",Icicle Loop(120/WATER+WATER+COLORLESS): Put an Energy attached to this Pokémon into your hand.,,
210,Pikachu ex,POKEMON,Surging Sparks,057,https://bulbapedia.bulbagarden.net/wiki/Pikachu_ex_%28Surging_Sparks_57%29,200,BASIC,LIGHTNING,FIGHTING,1,2,"Resolute Heart: If this Pokémon has full HP and would be Knocked Out by damage from an attack, it is not Knocked Out, and its remaining HP becomes 10.",Topaz Bolt(300/GRASS+LIGHTNING+METAL): Discard 3 Energy from this Pokémon.,,"For interactions between the ""Resolute Heart""  when Pikachu ex is at full HP, the ""Calamity Storm"" attack of  from , and the  : ; *If Lively Stadium is in play, such that an opponent's Pikachu ex's HP becomes 230, and the player uses Roaring Moon ex's Calamity Storm attack and discards the Lively Stadium using the attack's effect, Pikachu ex receives 220 damage. On this condition, since Pikachu ex has 230 HP and receives 220 damage, its Resolute Heart Ability is no longer in effect (as its HP is no longer considered full). Thus, once Lively Stadium is removed from play, Pikachu ex will have its HP reduced to 200, and with 220 damage on it, it will be Knocked Out. ; *However, if damage done by the Calamity Storm attack is increased to 230 or more (eg. using ), Resolute Heart becomes in effect as the Calamity Storm damage would have Knocked Out the Pikachu ex. Thus, once Lively Stadium is discarded, Pikachu ex remains in play with a remaining HP of 10 (effectively having 190 damage on it once all the effects have resolved)."
211,Magneton,POKEMON,Base Set,9,https://bulbapedia.bulbagarden.net/wiki/Magneton_%28Base_Set_9%29,100,STAGE1,LIGHTNING,FIGHTING,1,1,"Overvolt Discharge: Once during your turn, you may attach up to 3 Basic Energy cards from your discard pile to your {L} Pokémon in any way you like. If you use this Ability, this Pokémon is Knocked Out.",Electric Ball(40/LIGHTNING+COLORLESS): ,,
212,Rotom,POKEMON,,,https://bulbapedia.bulbagarden.net/wiki/Rotom_%28Pok%C3%A9mon%29,80,BASIC,LIGHTNING,FIGHTING,1,1,,Crushing Pulse(0/LIGHTNING): Your opponent reveals their hand. Discard all Item cards and Pokémon Tool cards you find there. || Energy Short(0/LIGHTNING): This attack does 20 damage for each Energy attached to your opponent’s Active Pokémon.,,
213,Tapu Koko,POKEMON,SM Black Star Promos,,https://bulbapedia.bulbagarden.net/wiki/Tapu_Koko_%28SM_Promo_30%29,120,BASIC,LIGHTNING,FIGHTING,1,1,,"Summon Lightning(0/COLORLESS): Search your deck for up to 2 {L} Pokémon, reveal them, and put them into your hand. Then, shuffle your deck. || Prize Count(90/LIGHTNING+LIGHTNING+COLORLESS): If you have more Prize cards remaining than your opponent, this attack does 90 more damage.",,
214,Togekiss,POKEMON,Surging Sparks,072,https://bulbapedia.bulbagarden.net/wiki/Togekiss_%28Surging_Sparks_72%29,140,STAGE2,PSYCHIC,METAL,1,1,"Wonder Kiss: When your opponent’s Active Pokémon is Knocked Out, flip a coin. If heads, take 1 more Prize card. The effect of Wonder Kiss doesn’t stack.",Speed Wing(140/COLORLESS+COLORLESS+COLORLESS): ,,
215,Uxie,POKEMON,,,https://bulbapedia.bulbagarden.net/wiki/Uxie_%28Explorers_of_Time%2C_Darkness%2C_and_Sky%29,70,BASIC,PSYCHIC,DARKNESS,1,1,,Painful Memories(0/PSYCHIC): Put 2 damage counters on each of your opponent’s Pokémon.,,
216,Mesprit,POKEMON,Surging Sparks,079,https://bulbapedia.bulbagarden.net/wiki/Mesprit_%28Surging_Sparks_79%29,70,BASIC,PSYCHIC,DARKNESS,1,1,,"Full Heart(0/COLORLESS): Attach up to 2 Basic {P} Energy cards from your hand to your Pokémon in any way you like. || Guardian Burst(160/PSYCHIC+PSYCHIC): If you don’t have Uxie and Azelf on your Bench, this attack does nothing.",,
217,Azelf,POKEMON,Legends Awakened,19,https://bulbapedia.bulbagarden.net/wiki/Azelf_%28Legends_Awakened_19%29,70,BASIC,PSYCHIC,DARKNESS,1,1,,Neurokinesis(10/PSYCHIC+COLORLESS): This attack does 10 more damage for each damage counter on all of your opponent’s Pokémon.,,
218,Yamask,POKEMON,Paradox Rift,075,https://bulbapedia.bulbagarden.net/wiki/Yamask_%28Paradox_Rift_75%29,70,BASIC,PSYCHIC,DARKNESS,2,1,,Mumble(10/PSYCHIC):  || Petty Grudge(20/PSYCHIC+COLORLESS): ,,
219,Cofagrigus,POKEMON,White Flare,040,https://bulbapedia.bulbagarden.net/wiki/Cofagrigus_%28White_Flare_40%29,120,STAGE1,PSYCHIC,DARKNESS,2,1,,Law of the Underworld(0/PSYCHIC): Put 6 damage counters on each Pokémon that has an Ability (both yours and your opponent’s). || Spooky Shot(100/PSYCHIC+COLORLESS+COLORLESS): ,,
220,Espurr,POKEMON,Burning Shadows,59,https://bulbapedia.bulbagarden.net/wiki/Espurr_%28Burning_Shadows_59%29,60,BASIC,PSYCHIC,DARKNESS,1,1,,See Through(0/COLORLESS): Your opponent reveals their hand. || Psyshot(20/PSYCHIC+COLORLESS): ,,
221,Meowstic,POKEMON,,,https://bulbapedia.bulbagarden.net/wiki/Meowstic_%28%E2%99%80%29_%28Tretta_Strengthening_Set_Speed_10%29,90,STAGE1,PSYCHIC,DARKNESS,1,1,"Beckoning Tail: You must discard a Chill Teaser Toy card from your hand in order to use this Ability. Once during your turn, you may switch in 1 of your opponent’s Benched Pokémon to the Active Spot.",Psyshot(80/PSYCHIC+COLORLESS+COLORLESS): ,,
222,Dedenne,POKEMON,Phantom Forces,70,https://bulbapedia.bulbagarden.net/wiki/Dedenne_%28Phantom_Forces_70%29,70,BASIC,PSYCHIC,METAL,1,1,,Electromagnetic Sonar(0/COLORLESS): Put a Trainer card from your discard pile into your hand. || Gnaw(30/PSYCHIC): ,,
223,PalossandEX,POKEMON,,,https://bulbapedia.bulbagarden.net/wiki/Acerola_%28Masters%29,280,STAGE1,PSYCHIC,DARKNESS,4,2,,"Sand Tomb(160/COLORLESS+COLORLESS+COLORLESS): During your opponent’s next turn, the Defending Pokémon can’t retreat. || Barite Jail(0/WATER+PSYCHIC+FIGHTING): Put damage counters on each of your opponent’s Benched Pokémon until its remaining HP is 100.",,
224,Annihilape,POKEMON,Scarlet & Violet,109,https://bulbapedia.bulbagarden.net/wiki/Annihilape_%28Scarlet_%26_Violet_109%29,140,STAGE2,FIGHTING,PSYCHIC,2,1,,Tantrum(130/FIGHTING): This Pokémon is now Confused. || Destined Fight(0/FIGHTING+COLORLESS): Both Active Pokémon are Knocked Out.,,
225,Gastrodon,POKEMON,Crimson Invasion,54,https://bulbapedia.bulbagarden.net/wiki/Gastrodon_%28Crimson_Invasion_54%29,130,STAGE1,FIGHTING,GRASS,3,1,"Sticky Bind: As long as this Pokémon is on your Bench, Benched Stage 2 Pokémon (both yours and your opponent’s) have no Abilities.",Mud Shot(80/FIGHTING+COLORLESS+COLORLESS): ,,
226,Koraidon,POKEMON,,,https://bulbapedia.bulbagarden.net/wiki/Koraidon_%28Pok%C3%A9mon%29,130,BASIC,FIGHTING,PSYCHIC,2,1,,"Unrelenting Onslaught(30/COLORLESS+COLORLESS): If 1 of your other Ancient Pokémon used an attack during your last turn, this attack does 150 more damage. || Hammer In(110/FIGHTING+FIGHTING+COLORLESS): ",,
227,Deino,POKEMON,White Flare,065,https://bulbapedia.bulbagarden.net/wiki/Deino_%28White_Flare_65%29,70,BASIC,DARKNESS,GRASS,1,1,,Stomp Off(0/DARKNESS): Discard the top card of your opponent’s deck. || Bite(20/DARKNESS+COLORLESS): ,,
228,Zweilous,POKEMON,White Flare,066,https://bulbapedia.bulbagarden.net/wiki/Zweilous_%28White_Flare_66%29,100,STAGE1,DARKNESS,GRASS,2,1,,Stomp Off(0/DARKNESS): Discard the top 2 cards of your opponent’s deck. || Darkness Fang(60/DARKNESS+COLORLESS+COLORLESS): ,,
229,Hydreigon ex,POKEMON,Surging Sparks,119,https://bulbapedia.bulbagarden.net/wiki/Hydreigon_ex_%28Surging_Sparks_119%29,330,STAGE2,DARKNESS,GRASS,3,2,,Crashing Headbutt(200/DARKNESS+COLORLESS): Discard the top 3 cards of your opponent’s deck. || Obsidian(130/PSYCHIC+DARKNESS+METAL+COLORLESS): This attack also does 130 damage to 2 of your opponent’s Benched Pokémon. (Don’t apply Weakness and Resistance for Benched Pokémon.),,
230,Pecharunt,POKEMON,SVP Black Star Promos,,https://bulbapedia.bulbagarden.net/wiki/Pecharunt_%28SVP_Promo_129%29,80,BASIC,DARKNESS,FIGHTING,1,1,"Toxic Subjugation: As long as this Pokémon is in the Active Spot, put 5 more damage counters on your opponent’s Poisoned Pokémon during Pokémon Checkup.","Poison Chain(10/DARKNESS+COLORLESS): Your opponent’s Active Pokémon is now Poisoned. During your opponent’s next turn, that Pokémon can’t retreat.",,
231,Tatsugiri ex,POKEMON,Surging Sparks,142,https://bulbapedia.bulbagarden.net/wiki/Tatsugiri_ex_%28Surging_Sparks_142%29,160,BASIC,DRAGON,,1,2,,Surprise Pump(100/FIRE+WATER): This attack’s damage isn’t affected by any effects on your opponent’s Active Pokémon. || Cinnabar Lure(0/FIRE+WATER+DARKNESS): Look at the top 10 cards of your deck. You may put any number of Pokémon you find there onto your Bench. Shuffle the other cards back into your deck.,,
232,Slaking ex,POKEMON,Surging Sparks,147,https://bulbapedia.bulbagarden.net/wiki/Slaking_ex_%28Surging_Sparks_147%29,340,STAGE2,COLORLESS,FIGHTING,4,2,"Born to Slack: If your opponent has no Pokémon {ex} or Pokémon {V} in play, this Pokémon can’t attack.",Great Swing(280/COLORLESS+COLORLESS): Discard an Energy from this Pokémon.,,
233,Bouffalant,POKEMON,Stellar Crown,119,https://bulbapedia.bulbagarden.net/wiki/Bouffalant_%28Stellar_Crown_119%29,130,BASIC,COLORLESS,FIGHTING,2,1,,"Ready to Ram(40/COLORLESS+COLORLESS): During your opponent’s next turn, if this Pokémon is damaged by an attack (even if this Pokémon is Knocked Out), put 6 damage counters on the Attacking Pokémon. || Smashing Headbutt(150/COLORLESS+COLORLESS+COLORLESS+COLORLESS): Discard 2 Energy from this Pokémon.",,
234,Terapagos,POKEMON,Surging Sparks,161,https://bulbapedia.bulbagarden.net/wiki/Terapagos_%28Surging_Sparks_161%29,120,BASIC,COLORLESS,FIGHTING,2,1,,"Prism Charge(0/COLORLESS): Search your deck for up to 3 Basic Energy cards of different types and attach them to your Tera Pokémon in any way you like. Then, shuffle your deck. || Hard Tackle(100/COLORLESS+COLORLESS+COLORLESS): ",,
235,Budew,POKEMON,Prismatic Evolutions,004,https://bulbapedia.bulbagarden.net/wiki/Budew_%28Prismatic_Evolutions_4%29,30,BASIC,GRASS,FIRE,0,1,,"Itchy Pollen(10/): During your opponent’s next turn, they can’t play any Item cards from their hand.",,
236,Leafeon ex,POKEMON,,,https://bulbapedia.bulbagarden.net/wiki/Leafeon_ex_%28Triumphant_Light_10%29,270,STAGE1,GRASS,FIRE,2,2,,Verdant Storm(0/GRASS+COLORLESS): This attack does 60 damage for each Energy attached to all of your opponent’s Pokémon. || Moss Agate(230/GRASS+FIRE+WATER): Heal 100 damage from each of your Benched Pokémon.,,
237,Cottonee,POKEMON,White Flare,004,https://bulbapedia.bulbagarden.net/wiki/Cottonee_%28White_Flare_4%29,60,BASIC,GRASS,FIRE,1,1,,Triple Spin(0/GRASS): Flip 3 coins. This attack does 10 damage for each heads.,,
238,Whimsicott,POKEMON,Guardians Rising,91,https://bulbapedia.bulbagarden.net/wiki/Whimsicott_%28Guardians_Rising_91%29,100,STAGE1,GRASS,FIRE,1,1," Wafting Heal: When you play this Pokémon from your hand to evolve 1 of your Pokémon during your turn, you may heal all damage from your Active {G} Pokémon. If you healed any damage in this way, discard all Energy from that Pokémon.",Seed Bomb(40/GRASS): ,,
239,Flareon ex,POKEMON,Prismatic Evolutions,014,https://bulbapedia.bulbagarden.net/wiki/Flareon_ex_%28Prismatic_Evolutions_14%29,270,STAGE1,FIRE,WATER,2,2,,"Burning Charge(130/FIRE+COLORLESS): Search your deck for up to 2 Basic Energy cards and attach them to 1 of your Pokémon. Then, shuffle your deck. || Carnelian(280/FIRE+WATER+LIGHTNING): During your next turn, this Pokémon can’t use attacks.",,
240,Seaking,POKEMON,Jungle,46,https://bulbapedia.bulbagarden.net/wiki/Seaking_%28Jungle_46%29,110,STAGE1,WATER,LIGHTNING,1,1,"Festival Lead: If Festival Grounds is in play, this Pokémon may use an attack it has twice. If the first attack Knocks Out your opponent’s Active Pokémon, you may attack again after your opponent chooses a new Active Pokémon.",Rapid Draw(60/COLORLESS): Draw 2 cards.,,
241,Vaporeon ex,POKEMON,EX Delta Species,110,https://bulbapedia.bulbagarden.net/wiki/Vaporeon_ex_%28EX_Delta_Species_110%29,280,STAGE1,WATER,LIGHTNING,2,2,,"Severe Squall(0/WATER+COLORLESS): This attack does 60 damage to each of your opponent’s Pokémon {ex}. This attack’s damage isn’t affected by Weakness or Resistance. || Aquamarine(280/FIRE+WATER+LIGHTNING): During your next turn, this Pokémon can’t use attacks.",,
242,Feebas,POKEMON,EX Hidden Legends,61,https://bulbapedia.bulbagarden.net/wiki/Feebas_%28EX_Hidden_Legends_61%29,30,BASIC,WATER,LIGHTNING,1,1,,Flail(0/WATER): This attack does 10 damage for each damage counter on this Pokémon.,,
243,Glaceon ex,POKEMON,Prismatic Evolutions,026,https://bulbapedia.bulbagarden.net/wiki/Glaceon_ex_%28Prismatic_Evolutions_26%29,270,STAGE1,WATER,METAL,1,2,,Frost Bullet(110/WATER+COLORLESS): This attack also does 30 damage to 1 of your opponent’s Benched Pokémon. (Don’t apply Weakness and Resistance for Benched Pokémon.) || Euclase(0/GRASS+WATER+DARKNESS): Knock Out 1 of your opponent’s Pokémon that has exactly 6 damage counters on it.,,
244,Jolteon ex,POKEMON,Prismatic Evolutions,030,https://bulbapedia.bulbagarden.net/wiki/Jolteon_ex_%28Prismatic_Evolutions_30%29,260,STAGE1,LIGHTNING,FIGHTING,0,2,,"Flashing Spear(60/LIGHTNING+COLORLESS): You may discard up to 2 Basic Energy from your Benched Pokémon. This attack does 90 more damage for each card you discarded in this way. || Dravite(280/FIRE+WATER+LIGHTNING): During your next turn, this Pokémon can’t use attacks.",,
245,Alakazam,POKEMON,Base Set,1,https://bulbapedia.bulbagarden.net/wiki/Alakazam_%28Base_Set_1%29,140,STAGE2,PSYCHIC,DARKNESS,1,1,,Strange Hacking(0/PSYCHIC): Your opponent’s Active Pokémon is now Confused. You may move any number of damage counters on your opponent’s Pokémon to their other Pokémon in any way you like. || Psychic(10/PSYCHIC): This attack does 50 more damage for each Energy attached to your opponent’s Active Pokémon.,,
246,Espeon ex,POKEMON,Prismatic Evolutions,034,https://bulbapedia.bulbagarden.net/wiki/Espeon_ex_%28Prismatic_Evolutions_34%29,270,STAGE1,PSYCHIC,DARKNESS,1,2,,Psych Out(160/PSYCHIC+COLORLESS+COLORLESS): Discard a random card from your opponent’s hand. || Amazez(0/GRASS+PSYCHIC+DARKNESS): Devolve each of your opponent’s evolved Pokémon by shuffling the highest Stage Evolution card on it into your opponent’s deck.,,
247,Swirlix,POKEMON,Phantom Forces,68,https://bulbapedia.bulbagarden.net/wiki/Swirlix_%28Phantom_Forces_68%29,50,BASIC,PSYCHIC,METAL,1,1," Festival Lead: If Festival Grounds is in play, this Pokémon may use an attack it has twice in succession. If the first attack Knocks Out your opponent’s Active Pokémon, you may use an attack again after your opponent chooses a new Active Pokémon.",Sneaky Placement(0/PSYCHIC): Put 2 damage counters on 1 of your opponent’s Pokémon.,,
248,Umbreon ex,POKEMON,EX Unseen Forces,112,https://bulbapedia.bulbagarden.net/wiki/Umbreon_ex_%28EX_Unseen_Forces_112%29,280,STAGE1,DARKNESS,GRASS,2,2,,"Moon Mirage(160/DARKNESS+COLORLESS+COLORLESS): Your opponent’s Active Pokémon is now Confused. || Onyx(0/LIGHTNING+PSYCHIC+DARKNESS): Discard all Energy from this Pokémon, and take a Prize card.",,
249,Eevee ex,POKEMON,Prismatic Evolutions,075,https://bulbapedia.bulbagarden.net/wiki/Eevee_ex_%28Prismatic_Evolutions_75%29,200,BASIC,COLORLESS,FIGHTING,1,2,Rainbow DNA: This Pokémon can evolve into any Pokémon {ex} that evolves from Eevee if you play it from your hand onto this Pokémon. (This Pokémon can’t evolve during your first turn or the turn you play it.),Coruscating Quartz(200/FIRE+WATER+LIGHTNING): ,,"Eevee ex's ""Rainbow DNA""  only allows it to evolve by the player putting the Evolution card on top of it from their hand. Any alternative methods of Evolution, notably ones that put the Evolution cards from the deck (eg. , ), cannot be used to evolve Eevee ex."
250,Hoothoot,POKEMON,Stellar Crown,114,https://bulbapedia.bulbagarden.net/wiki/Hoothoot_%28Stellar_Crown_114%29,80,BASIC,COLORLESS,LIGHTNING,2,1,Insomnia: This Pokémon can’t be Asleep.,Tackle(20/COLORLESS+COLORLESS): ,,
251,Regigigas,POKEMON,SWSH Black Star Promos,,https://bulbapedia.bulbagarden.net/wiki/Regigigas_%28SWSH_Promo_247%29,160,BASIC,COLORLESS,FIGHTING,4,1,,"Jewel Breaker(100/COLORLESS+COLORLESS+COLORLESS+COLORLESS): If your opponent’s Active Pokémon is a Tera Pokémon, this attack does 230 more damage.",,
252,Caterpie,POKEMON,,,https://bulbapedia.bulbagarden.net/wiki/Caterpie_%28Red_and_Blue_Rescue_Team%29,50,BASIC,GRASS,FIRE,1,1,,Bug Bite(20/GRASS): ,,
253,Metapod,POKEMON,,,https://bulbapedia.bulbagarden.net/wiki/Metapod_%28Red_and_Blue_Rescue_Team%29,90,STAGE1,GRASS,FIRE,3,1,,"Harden(0/GRASS): During your opponent’s next turn, prevent all damage done to this Pokémon by attacks if that damage is 60 or less.",,
254,Butterfree,POKEMON,Expedition Base Set,5,https://bulbapedia.bulbagarden.net/wiki/Butterfree_%28Expedition_5%29,120,STAGE2,GRASS,FIRE,1,1,,"Scale Hurricane(0/GRASS): Flip 4 coins. This attack does 60 damage for each heads. If at least 2 of them are heads, your opponent’s Active Pokémon is now Paralyzed.",,
255,Maractus,POKEMON,Journey Together,008,https://bulbapedia.bulbagarden.net/wiki/Maractus_%28Journey_Together_8%29,110,BASIC,GRASS,FIRE,2,1,"Exploding Needles: If this Pokémon is in the Active Spot and is Knocked Out by damage from an attack from your opponent’s Pokémon, put 6 damage counters on the Attacking Pokémon.","Corner(20/COLORLESS): During your opponent’s next turn, the Defending Pokémon can’t retreat.",,
256,Magmortar,POKEMON,,,https://bulbapedia.bulbagarden.net/wiki/Magmortar_%28Pok%C3%A9mon_Tretta_Fan_Book%29,130,STAGE1,FIRE,WATER,2,1,"Magma Surge: During Pokémon Checkup, put 3 more damage counters on your opponent’s Burned Pokémon.","Searing Flame(90/FIRE+FIRE+COLORLESS): Flip a coin. If heads, your opponent’s Active Pokémon is now Burned.",,
257,N’s Darumaka,POKEMON,Journey Together,026,https://bulbapedia.bulbagarden.net/wiki/N%27s_Darumaka_%28Journey_Together_26%29,80,BASIC,FIRE,WATER,2,1,,Rolling Tackle(20/COLORLESS+COLORLESS):  || Flare(50/FIRE+FIRE+COLORLESS): ,,
258,N’s Darmanitan,POKEMON,Journey Together,,https://bulbapedia.bulbagarden.net/wiki/Journey_Together_Build_%26_Battle_Box_%28TCG%29,140,STAGE1,FIRE,WATER,3,1,,"Back Draft(0/COLORLESS+COLORLESS): This attack does 30 damage for each Basic Energy card in your opponent’s discard pile. || Flamebody Cannon(90/FIRE+FIRE+COLORLESS): Discard all Energy from this Pokémon, and this attack also does 90 damage to 1 of your opponent’s Benched Pokémon. (Don’t apply Weakness and Resistance for Benched Pokémon.)",,
259,Volcanion ex,POKEMON,Journey Together,031,https://bulbapedia.bulbagarden.net/wiki/Volcanion_ex_%28Journey_Together_31%29,220,BASIC,FIRE,WATER,3,2,"Scalding Steam: Once during your turn, if this Pokémon is in the Active Spot, you may make your opponent’s Active Pokémon Burned.",Scorching Cyclone(160/FIRE+FIRE+COLORLESS): Move an Energy from this Pokémon to 1 of your Benched Pokémon.,,
260,Lotad,POKEMON,Journey Together,035,https://bulbapedia.bulbagarden.net/wiki/Lotad_%28Journey_Together_35%29,60,BASIC,WATER,LIGHTNING,1,1,,Water Gun(20/WATER): ,,
261,Lombre,POKEMON,,,https://bulbapedia.bulbagarden.net/wiki/Lombre_%28Red_and_Blue_Rescue_Team%29,90,STAGE1,WATER,LIGHTNING,1,1,,"Aqua Slash(70/WATER+WATER): During your next turn, this Pokémon can’t use attacks.",,
262,Ludicolo,POKEMON,Phantasmal Flames,007,https://bulbapedia.bulbagarden.net/wiki/Ludicolo_%28Phantasmal_Flames_7%29,140,STAGE2,WATER,LIGHTNING,2,1,Vibrant Dance: All of your Pokémon in play get +40 HP. The effect of Vibrant Dance doesn’t stack.,Hydro Splash(130/WATER+WATER+COLORLESS): ,,
263,Wailmer,POKEMON,Guardians Rising,29,https://bulbapedia.bulbagarden.net/wiki/Wailmer_%28Guardians_Rising_29%29,130,BASIC,WATER,LIGHTNING,3,1,,Surf(60/COLORLESS+COLORLESS+COLORLESS): ,,
264,Wailord,POKEMON,Journey Together,041,https://bulbapedia.bulbagarden.net/wiki/Wailord_%28Journey_Together_41%29,240,STAGE1,WATER,LIGHTNING,4,1,,Hydro Pump(10/COLORLESS+COLORLESS+COLORLESS+COLORLESS): This attack does 50 more damage for each {W} Energy attached to this Pokémon.,,
265,Iono’s Voltorb,POKEMON,,,https://bulbapedia.bulbagarden.net/wiki/Voltorb_%28TCG%29,70,BASIC,LIGHTNING,FIGHTING,1,1,,Voltaic Chain(20/COLORLESS+COLORLESS): This attack does 20 more damage for each {L} Energy attached to all of your Iono’s Pokémon.,,
266,Iono’s Electrode,POKEMON,,,https://bulbapedia.bulbagarden.net/wiki/Battle_Partners_%28TCG%29,100,STAGE1,LIGHTNING,FIGHTING,0,1,,"Thump-Thump Boom(0/LIGHTNING+LIGHTNING): This Pokémon does 100 damage to itself. Flip a coin. If heads, your opponent’s Active Pokémon is Knocked Out. || Electric Ball(100/LIGHTNING+LIGHTNING+COLORLESS): ",,
267,N’s Joltik,POKEMON,,,https://bulbapedia.bulbagarden.net/wiki/Joltik_%28TCG%29,40,BASIC,LIGHTNING,FIGHTING,1,1,,"Zapping Short(30/COLORLESS+COLORLESS): Before doing damage, discard all Pokémon Tools from your opponent’s Active Pokémon. If you discarded a Pokémon Tool in this way, your opponent’s Active Pokémon is now Paralyzed.",,
268,Iono’s Tadbulb,POKEMON,,,https://bulbapedia.bulbagarden.net/wiki/Journey_Together_%28TCG%29,60,BASIC,LIGHTNING,FIGHTING,2,1,,Tiny Charge(30/LIGHTNING+COLORLESS): ,,
269,Iono’s Bellibolt ex,POKEMON,Journey Together,053,https://bulbapedia.bulbagarden.net/wiki/Iono%27s_Bellibolt_ex_%28Journey_Together_53%29,280,STAGE1,LIGHTNING,FIGHTING,2,2,"Electric Streamer: As often as you like during your turn, you may attach a Basic {L} Energy card from your hand to 1 of your Iono’s Pokémon.","Thunderous Bolt(230/LIGHTNING+LIGHTNING+LIGHTNING+COLORLESS): During your next turn, this Pokémon can’t use attacks.",,
270,Iono’s Wattrel,POKEMON,,,https://bulbapedia.bulbagarden.net/wiki/Battle_Partners_%28TCG%29,60,BASIC,LIGHTNING,LIGHTNING,1,1,,"Quick Attack(10/LIGHTNING): Flip a coin. If heads, this attack does 20 more damage.",,
271,Iono’s Kilowattrel,POKEMON,Journey Together,,https://bulbapedia.bulbagarden.net/wiki/Journey_Together_Build_%26_Battle_Box_%28TCG%29,120,STAGE1,LIGHTNING,LIGHTNING,1,1,"Flashing Draw: You must discard a Basic {L} Energy from this Pokémon in order to use this Ability. Once during your turn, you may draw cards until you have 6 cards in your hand.",Mach Bolt(70/LIGHTNING+COLORLESS+COLORLESS): ,,
272,Lillie’s Clefairy ex,POKEMON,,,https://bulbapedia.bulbagarden.net/wiki/Flutter_Devo_Gardevoir_%28TCG%29,190,BASIC,PSYCHIC,METAL,1,2,Fairy Zone: The Weakness of each of your opponent’s {N} Pokémon in play is now {P}. (Apply Weakness as ×2.),Full Moon Rondo(20/PSYCHIC+COLORLESS): This attack does 20 more damage for each Benched Pokémon (both yours and your opponent’s).,,
273,Banette,POKEMON,Chilling Reign,063,https://bulbapedia.bulbagarden.net/wiki/Banette_%28Chilling_Reign_63%29,90,STAGE1,PSYCHIC,DARKNESS,1,1,,Cursed Words(0/PSYCHIC): Your opponent chooses 3 cards from their hand and shuffles those cards into their deck. || Spooky Shot(70/PSYCHIC+COLORLESS): ,,
274,Beldum,POKEMON,Guardians Rising,83,https://bulbapedia.bulbagarden.net/wiki/Beldum_%28Guardians_Rising_83%29,60,BASIC,PSYCHIC,DARKNESS,1,1,,Spinning Attack(10/PSYCHIC):  || Beam(30/PSYCHIC+PSYCHIC): ,,
275,Metang,POKEMON,Temporal Forces,114,https://bulbapedia.bulbagarden.net/wiki/Metang_%28Temporal_Forces_114%29,100,STAGE1,PSYCHIC,DARKNESS,2,1,,Psypunch(30/PSYCHIC):  || Zen Headbutt(50/PSYCHIC+PSYCHIC): ,,
276,Metagross,POKEMON,,,https://bulbapedia.bulbagarden.net/wiki/Metagross_%28Pok%C3%A9mon%29,170,STAGE2,PSYCHIC,DARKNESS,3,1,,"Wrack Down(60/PSYCHIC):  || Conjoined Beams(130/PSYCHIC+PSYCHIC): If Beldum and Metang are on your Bench, this attack does 150 more damage.",,
277,N’s Sigilyph,POKEMON,,,https://bulbapedia.bulbagarden.net/wiki/Sigilyph_%28Pok%C3%A9mon%29,110,BASIC,PSYCHIC,LIGHTNING,1,1,,"Psychic Sphere(20/PSYCHIC):  || Victory Symbol(0/PSYCHIC+COLORLESS+COLORLESS): If you use this attack when you have exactly 1 Prize card remaining, you win this game.",,
278,Lillie’s Cutiefly,POKEMON,,,https://bulbapedia.bulbagarden.net/wiki/Manga_move_errors,30,BASIC,PSYCHIC,METAL,0,1,,Hold Still(0/PSYCHIC): Heal 10 damage from this Pokémon.,,
279,Lillie’s Ribombee,POKEMON,Journey Together,,https://bulbapedia.bulbagarden.net/wiki/Journey_Together_Build_%26_Battle_Box_%28TCG%29,70,STAGE1,PSYCHIC,METAL,0,1,"Inviting Wink: When you play this Pokémon from your hand to evolve 1 of your Pokémon during your turn, you may have your opponent reveal their hand and you put any number of Basic Pokémon you find there onto their Bench.",Magical Shot(50/PSYCHIC): ,,
280,Lillie’s Comfey,POKEMON,Journey Together,068,https://bulbapedia.bulbagarden.net/wiki/Lillie%27s_Comfey_%28Journey_Together_68%29,70,BASIC,PSYCHIC,METAL,1,1,,"Inviting Flowers(0/COLORLESS): You may search your deck for any number of Basic Lillie’s Pokémon and put them onto your Bench. Then, shuffle your deck. || Fade Out(30/PSYCHIC): Put this Pokémon and all attached cards into your hand.",,
281,Swinub,POKEMON,Journey Together,077,https://bulbapedia.bulbagarden.net/wiki/Swinub_%28Journey_Together_77%29,70,BASIC,FIGHTING,GRASS,2,1,,"Call for Family(0/COLORLESS): Search your deck for up to 2 Basic Pokémon and put them onto your Bench. Then, shuffle your deck. || Lunge Out(10/FIGHTING): ",,
282,Piloswine,POKEMON,Journey Together,078,https://bulbapedia.bulbagarden.net/wiki/Piloswine_%28Journey_Together_78%29,100,STAGE1,FIGHTING,GRASS,3,1,,Strength(20/COLORLESS):  || Impaling Tusk(50/FIGHTING+FIGHTING): ,,
283,Mamoswine ex,POKEMON,Journey Together,079,https://bulbapedia.bulbagarden.net/wiki/Mamoswine_ex_%28Journey_Together_79%29,340,STAGE2,FIGHTING,GRASS,4,2,"Mammoth Hauler: Once during your turn, you may search your deck for a Pokémon, reveal it, and put it into your hand. Then, shuffle your deck.",Rumbling March(180/FIGHTING+FIGHTING): This attack does 40 more damage for each Stage 2 Pokémon on your Bench.,,
284,Larvitar,POKEMON,Mysterious Treasures,87,https://bulbapedia.bulbagarden.net/wiki/Larvitar_%28Mysterious_Treasures_87%29,70,BASIC,FIGHTING,GRASS,1,1,,"Crunch(20/COLORLESS+COLORLESS): Flip a coin. If heads, discard an Energy from your opponent’s Active Pokémon.",,
285,Pupitar,POKEMON,Obsidian Flames,106,https://bulbapedia.bulbagarden.net/wiki/Pupitar_%28Obsidian_Flames_106%29,90,STAGE1,FIGHTING,GRASS,1,1,,Take Down(60/COLORLESS+COLORLESS): This Pokémon also does 20 damage to itself.,,
286,Rockruff,POKEMON,SM Black Star Promos,14,https://bulbapedia.bulbagarden.net/wiki/Rockruff_%28SM_Promo_6%29,70,BASIC,FIGHTING,GRASS,1,1,,Dig It Up(0/COLORLESS): Look at the top card of your deck. You may discard that card. || Stampede(20/COLORLESS+COLORLESS): ,,
287,Lycanroc,POKEMON,,,https://bulbapedia.bulbagarden.net/wiki/Lycanroc_%28Pok%C3%A9mon%29,120,STAGE1,FIGHTING,GRASS,2,1,"Spike-Clad: When you play this Pokémon from your hand to evolve 1 of your Pokémon during your turn, you may attach up to 2 Spiky Energy cards from your discard pile to this Pokémon.",Clamping Fangs(40/COLORLESS+COLORLESS+COLORLESS): This attack does 40 more damage for each damage counter on your opponent’s Active Pokémon.,,
288,Hop’s Silicobra,POKEMON,,,https://bulbapedia.bulbagarden.net/wiki/Battle_Partners_%28TCG%29,80,BASIC,FIGHTING,GRASS,2,1,,"Turf Maker(0/COLORLESS): Search your deck for a Stadium card, reveal it, and put it into your hand. Then, shuffle your deck. || Gnaw(20/FIGHTING+COLORLESS): ",,
289,Hop’s Sandaconda,POKEMON,,,https://bulbapedia.bulbagarden.net/wiki/Battle_Partners_%28TCG%29,140,STAGE1,FIGHTING,GRASS,3,1,,"Rumble(30/FIGHTING+COLORLESS): During your opponent’s next turn, the Defending Pokémon can’t retreat. || Break Ground(140/FIGHTING+COLORLESS+COLORLESS): This attack also does 20 damage to each of your Benched Pokémon. (Don’t apply Weakness and Resistance for Benched Pokémon.)",,
290,Tyranitar,POKEMON,,,https://bulbapedia.bulbagarden.net/wiki/Tyranitar_%28Pok%C3%A9mon%29,190,STAGE2,DARKNESS,GRASS,3,1,"Daunting Gaze: As long as this Pokémon is in the Active Spot, your opponent can’t play any Item cards from their hand.",Cracking Stomp(150/DARKNESS+COLORLESS): Discard the top 2 cards of your opponent’s deck.,,
291,N’s Purrloin,POKEMON,,,https://bulbapedia.bulbagarden.net/wiki/N,70,BASIC,DARKNESS,GRASS,1,1,,"Thieving Swipe(30/DARKNESS+COLORLESS): Your opponent reveals their hand, and you choose a card you find there and put it on the bottom of their deck.",,
292,N’s Zorua,POKEMON,,,https://bulbapedia.bulbagarden.net/wiki/N%27s_Zorua,70,BASIC,DARKNESS,GRASS,1,1,,Scratch(20/DARKNESS): ,,
293,N’s Zoroark ex,POKEMON,Journey Together,098,https://bulbapedia.bulbagarden.net/wiki/N%27s_Zoroark_ex_%28Journey_Together_98%29,280,STAGE1,DARKNESS,GRASS,2,2,"Trade: You must discard a card from your hand in order to use this Ability. Once during your turn, you may draw 2 cards.",Night Joker(0/DARKNESS+DARKNESS): Choose 1 of your Benched N’s Pokémon’s attacks and use it as this attack.,,
294,N’s Klink,POKEMON,,,https://bulbapedia.bulbagarden.net/wiki/Klink_%28TCG%29,60,BASIC,METAL,FIRE,1,1,,Double Spin(0/COLORLESS): Flip 2 coins. This attack does 10 damage for each heads.,,
295,N’s Klang,POKEMON,,,https://bulbapedia.bulbagarden.net/wiki/Battle_Partners_%28TCG%29,90,STAGE1,METAL,FIRE,3,1,,Spinning Gears(20/COLORLESS): Your opponent’s Active Pokémon is now Confused. || Confront(40/METAL+COLORLESS): ,,
296,N’s Klinklang,POKEMON,,,https://bulbapedia.bulbagarden.net/wiki/Battle_Partners_%28TCG%29,160,STAGE2,METAL,FIRE,3,1,,Magnetic Blast(50/COLORLESS):  || Triple Smash(0/METAL+METAL+COLORLESS): Flip 3 coins. This attack does 120 damage for each heads.,,
297,Magearna,POKEMON,,,https://bulbapedia.bulbagarden.net/wiki/Magearna_%28XY-P_Promo_268%29,90,BASIC,METAL,FIRE,1,1,"Auto Heal: As long as this Pokémon is in the Active Spot, whenever you attach an Energy card from your hand to 1 of your Pokémon, heal 90 damage from that Pokémon.",Spike Draw(20/COLORLESS): Draw 2 cards.,,
298,Hop’s Corviknight,POKEMON,,,https://bulbapedia.bulbagarden.net/wiki/Battle_Partners_%28TCG%29,170,STAGE2,METAL,LIGHTNING,2,1,,"Shoot Through(50/COLORLESS): This attack also does 50 damage to 1 of your opponent’s Benched Pokémon. (Don’t apply Weakness and Resistance for Benched Pokémon.) || Steel Wing(150/METAL+METAL+COLORLESS): During your opponent’s next turn, this Pokémon takes 60 less damage from attacks (after applying Weakness and Resistance).",,
299,Hop’s Zacian ex,POKEMON,,,https://bulbapedia.bulbagarden.net/wiki/Journey_Together_%28TCG%29,230,BASIC,METAL,FIRE,2,2,,"Insta-Strike(30/COLORLESS): This attack also does 30 damage to 1 of your opponent’s Benched Pokémon. (Don’t apply Weakness and Resistance for Benched Pokémon.) || Brave Slash(240/METAL+METAL+METAL+COLORLESS): During your next turn, this Pokémon can’t use Brave Slash.",,
300,Bagon,POKEMON,Celestial Storm,104,https://bulbapedia.bulbagarden.net/wiki/Bagon_%28Celestial_Storm_104%29,70,BASIC,DRAGON,,2,1,,Bite(10/COLORLESS):  || Reckless Charge(50/FIRE+WATER): This Pokémon also does 10 damage to itself.,,
301,Shelgon,POKEMON,Dragon Majesty,43,https://bulbapedia.bulbagarden.net/wiki/Shelgon_%28Dragon_Majesty_43%29,100,STAGE1,DRAGON,,2,1,,"Guard Press(30/COLORLESS+COLORLESS): During your opponent’s next turn, this Pokémon takes 30 less damage from attacks (after applying Weakness and Resistance). || Heavy Impact(80/FIRE+WATER+COLORLESS): ",,
302,Salamence ex,POKEMON,Journey Together,114,https://bulbapedia.bulbagarden.net/wiki/Salamence_ex_%28Journey_Together_114%29,320,STAGE2,DRAGON,,2,2,,Wide Blast(0/FIRE+COLORLESS+COLORLESS): This attack does 50 damage to each of your opponent’s Benched Pokémon. (Don’t apply Weakness and Resistance for Benched Pokémon.) || Dragon Impact(300/FIRE+WATER+COLORLESS+COLORLESS): Discard 2 Energy from this Pokémon.,,
303,N’s Reshiram,POKEMON,,,https://bulbapedia.bulbagarden.net/wiki/Journey_Together_%28TCG%29,130,BASIC,DRAGON,,2,1,,Powerful Rage(0/FIRE+LIGHTNING): This attack does 20 damage for each damage counter on this Pokémon. || Virtuous Flame(170/FIRE+FIRE+LIGHTNING+COLORLESS): ,,
304,Hop’s Snorlax,POKEMON,Journey Together,117,https://bulbapedia.bulbagarden.net/wiki/Hop%27s_Snorlax_%28Journey_Together_117%29,150,BASIC,COLORLESS,FIGHTING,4,1,Extra Helpings: Attacks used by your Hop’s Pokémon do 30 more damage to your opponent’s Active Pokémon (before applying Weakness and Resistance). The effect of Extra Helpings doesn’t stack.,Dynamic Press(140/COLORLESS+COLORLESS+COLORLESS): This Pokémon also does 80 damage to itself.,,
305,Dunsparce,POKEMON,,,https://bulbapedia.bulbagarden.net/wiki/Dunsparce_%28Gates_to_Infinity%29,70,BASIC,COLORLESS,FIGHTING,1,1,,Trading Places(0/COLORLESS): Switch this Pokémon with 1 of your Benched Pokémon. || Ram(20/COLORLESS+COLORLESS): ,,
306,Dudunsparce ex,POKEMON,Journey Together,121,https://bulbapedia.bulbagarden.net/wiki/Dudunsparce_ex_%28Journey_Together_121%29,270,STAGE1,COLORLESS,FIGHTING,3,2,,Tenacious Tail(0/COLORLESS): This attack does 60 damage for each of your opponent’s Pokémon {ex} in play. || Destructive Drill(150/COLORLESS+COLORLESS+COLORLESS): This attack’s damage isn’t affected by any effects on your opponent’s Active Pokémon.,,
307,Hop’s Rookidee,POKEMON,,,https://bulbapedia.bulbagarden.net/wiki/Battle_Partners_%28TCG%29,60,BASIC,COLORLESS,LIGHTNING,1,1,,"Intimidating Stare(0/COLORLESS): During your opponent’s next turn, attacks used by the Defending Pokémon do 20 less damage (before applying Weakness and Resistance). || Peck(20/COLORLESS+COLORLESS): ",,
308,Hop’s Corvisquire,POKEMON,,,https://bulbapedia.bulbagarden.net/wiki/Battle_Partners_%28TCG%29,90,STAGE1,COLORLESS,LIGHTNING,1,1,,Speed Dive(30/COLORLESS):  || Razor Wing(80/COLORLESS+COLORLESS+COLORLESS): ,,
309,Hop’s Wooloo,POKEMON,,,https://bulbapedia.bulbagarden.net/wiki/Hop,70,BASIC,COLORLESS,FIGHTING,1,1,,Smash Kick(50/COLORLESS+COLORLESS+COLORLESS): ,,
310,Hop’s Dubwool,POKEMON,Journey Together,136,https://bulbapedia.bulbagarden.net/wiki/Hop%27s_Dubwool_%28Journey_Together_136%29,120,STAGE1,COLORLESS,FIGHTING,2,1,"Defiant Horn: When you play this Pokémon from your hand to evolve 1 of your Pokémon during your turn, you may switch in 1 of your opponent’s Benched Pokémon to the Active Spot.",Headbutt(80/COLORLESS+COLORLESS+COLORLESS): ,,
311,Hop’s Cramorant,POKEMON,Journey Together,138,https://bulbapedia.bulbagarden.net/wiki/Hop%27s_Cramorant_%28Journey_Together_138%29,110,BASIC,COLORLESS,LIGHTNING,1,1,,"Fickle Spitting(120/COLORLESS): If your opponent doesn’t have exactly 3 or 4 Prize cards remaining, this attack does nothing.",,
312,Sandy Shocks,POKEMON,Temporal Forces,098,https://bulbapedia.bulbagarden.net/wiki/Sandy_Shocks_%28Temporal_Forces_98%29,120,BASIC,FIGHTING,GRASS,2,1,,"Magnetic Burst(20/FIGHTING): If you have 3 or more Energy in play, this attack does 70 more damage. This attack’s damage isn’t affected by Weakness. || Power Gem(60/FIGHTING+COLORLESS): ",,
313,Miraidon ex,POKEMON,Scarlet & Violet,081,https://bulbapedia.bulbagarden.net/wiki/Miraidon_ex_%28Scarlet_%26_Violet_81%29,220,BASIC,DRAGON,,1,2,,"Repulsion Bolt(60/LIGHTNING+PSYCHIC): If your opponent’s Active Pokémon already has any damage counters on it, this attack does 100 more damage. || Cyber Drive(220/LIGHTNING+PSYCHIC+COLORLESS): During your next turn, this Pokémon can’t use Cyber Drive.",,
314,Marill,POKEMON,Wizards Black Star Promos,,https://bulbapedia.bulbagarden.net/wiki/Marill_%28Wizards_Promo_29%29,70,BASIC,WATER,LIGHTNING,1,1,,Rollout(10/COLORLESS): ,,
315,Azumarill,POKEMON,,,https://bulbapedia.bulbagarden.net/wiki/Azumarill_%28Gates_to_Infinity%29,120,STAGE1,PSYCHIC,METAL,2,1,"Glistening Bubbles: If you have any Tera Pokémon in play, this Pokémon can use the Double-Edge attack for {P}.",Double-Edge(230/PSYCHIC+PSYCHIC+PSYCHIC+PSYCHIC): This Pokémon also does 50 damage to itself.,,
316,Sylveon ex,POKEMON,Surging Sparks,086,https://bulbapedia.bulbagarden.net/wiki/Sylveon_ex_%28Surging_Sparks_86%29,270,STAGE1,PSYCHIC,METAL,2,2,,"Magical Charm(160/PSYCHIC+COLORLESS+COLORLESS): During your opponent’s next turn, attacks used by the Defending Pokémon do 100 less damage (before applying Weakness and Resistance). || Angelite(0/WATER+LIGHTNING+PSYCHIC): Choose 2 of your opponent’s Benched Pokémon. Shuffle those Pokémon and all attached cards into your opponent’s deck. If 1 of your Pokémon used Angelite during your last turn, this attack can’t be used.",,
317,Eevee,POKEMON,,,https://bulbapedia.bulbagarden.net/wiki/Eevee_%28Pok%C3%A9mon%29,50,BASIC,COLORLESS,FIGHTING,1,1,"Boosted Evolution: As long as this Pokémon is in the Active Spot, it can evolve during your first turn or the turn you play it.",Reckless Charge(30/COLORLESS+COLORLESS): This Pokémon also does 10 damage to itself.,,
318,Ho-Oh,POKEMON,,,https://bulbapedia.bulbagarden.net/wiki/Ho-Oh_%28Pok%C3%A9mon%29,130,BASIC,FIRE,LIGHTNING,2,1,,"Flap(50/FIRE+COLORLESS):  || Shining Blaze(100/FIRE+FIRE+COLORLESS): If you have any Tera Pokémon on your Bench, this attack does 100 more damage.",,
319,Charcadet,POKEMON,Scarlet & Violet,040,https://bulbapedia.bulbagarden.net/wiki/Charcadet_%28Scarlet_%26_Violet_40%29,70,BASIC,FIRE,WATER,1,1,,Will-O-Wisp(20/FIRE): ,,
320,Ceruledge ex,POKEMON,Surging Sparks,036,https://bulbapedia.bulbagarden.net/wiki/Ceruledge_ex_%28Surging_Sparks_36%29,270,STAGE1,FIRE,WATER,2,2,,Abyssal Flames(30/FIRE): This attack does 20 more damage for each Energy card in your discard pile. || Raging Amethyst(280/FIRE+PSYCHIC+METAL): Discard all Energy from this Pokémon.,,
321,Petilil,POKEMON,Astral Radiance,015,https://bulbapedia.bulbagarden.net/wiki/Petilil_%28Astral_Radiance_15%29,50,BASIC,GRASS,FIRE,1,1,,Leaf Step(30/GRASS+COLORLESS): ,,
322,Lilligant,POKEMON,Evolving Skies,010,https://bulbapedia.bulbagarden.net/wiki/Lilligant_%28Evolving_Skies_10%29,110,STAGE1,GRASS,FIRE,2,1,Sunny Day: Attacks used by your {G} Pokémon and {R} Pokémon do 20 more damage to your opponent’s Active Pokémon (before applying Weakness and Resistance).,Spinning Attack(60/GRASS+COLORLESS+COLORLESS): ,,
323,Nymble,POKEMON,Phantasmal Flames,009,https://bulbapedia.bulbagarden.net/wiki/Nymble_%28Phantasmal_Flames_9%29,50,BASIC,GRASS,FIRE,1,1,,Rear Kick(20/COLORLESS): ,,
324,Torchic,POKEMON,XY Black Star Promos,25,https://bulbapedia.bulbagarden.net/wiki/Torchic_%28XY_Promo_37%29,60,BASIC,FIRE,WATER,1,1,,Scratch(30/FIRE+COLORLESS): ,,
325,Combusken,POKEMON,EX Ruby & Sapphire,27,https://bulbapedia.bulbagarden.net/wiki/Combusken_%28EX_Ruby_%26_Sapphire_27%29,90,STAGE1,FIRE,WATER,2,1,,Slash(50/FIRE+COLORLESS): ,,
326,Blaziken ex,POKEMON,Journey Together,024,https://bulbapedia.bulbagarden.net/wiki/Blaziken_ex_%28Journey_Together_24%29,320,STAGE2,FIRE,WATER,2,2,"Seething Spirit: Once during your turn, you may attach a Basic Energy card from your discard pile to 1 of your Pokémon.","Smolder-sault(200/FIRE+COLORLESS): During your next turn, this Pokémon can’t use attacks.",,
327,Slowpoke,POKEMON,,,https://bulbapedia.bulbagarden.net/wiki/Slowpoke_%28Pok%C3%A9mon%29,70,BASIC,WATER,LIGHTNING,2,1,,Water Gun(10/WATER):  || Tail Whap(30/WATER+COLORLESS): ,,
328,Pikachu ex,POKEMON,Surging Sparks,057,https://bulbapedia.bulbagarden.net/wiki/Pikachu_ex_%28Surging_Sparks_57%29,190,BASIC,LIGHTNING,FIGHTING,1,2,,Tail Whap(30/COLORLESS):  || Thunder(220/LIGHTNING+LIGHTNING+COLORLESS): This Pokémon also does 30 damage to itself.,,"For interactions between the ""Resolute Heart""  when Pikachu ex is at full HP, the ""Calamity Storm"" attack of  from , and the  : ; *If Lively Stadium is in play, such that an opponent's Pikachu ex's HP becomes 230, and the player uses Roaring Moon ex's Calamity Storm attack and discards the Lively Stadium using the attack's effect, Pikachu ex receives 220 damage. On this condition, since Pikachu ex has 230 HP and receives 220 damage, its Resolute Heart Ability is no longer in effect (as its HP is no longer considered full). Thus, once Lively Stadium is removed from play, Pikachu ex will have its HP reduced to 200, and with 220 damage on it, it will be Knocked Out. ; *However, if damage done by the Calamity Storm attack is increased to 230 or more (eg. using ), Resolute Heart becomes in effect as the Calamity Storm damage would have Knocked Out the Pikachu ex. Thus, once Lively Stadium is discarded, Pikachu ex remains in play with a remaining HP of 10 (effectively having 190 damage on it once all the effects have resolved)."
329,Tapu Koko ex,POKEMON,,,https://bulbapedia.bulbagarden.net/wiki/Tapu_Koko_ex_%28Extradimensional_Crisis_19%29,200,BASIC,LIGHTNING,FIGHTING,0,2,,Linked Lightning(60/LIGHTNING+COLORLESS): This attack does 20 more damage for each of your Benched Pokémon.,,
330,Sylveon,POKEMON,,,https://bulbapedia.bulbagarden.net/wiki/Sylveon_%28Pok%C3%A9mon%29,120,STAGE1,PSYCHIC,METAL,1,1, Safeguard: Prevent all damage done to this Pokémon by attacks from your opponent’s Pokémon {ex}.,Magical Shot(100/PSYCHIC+COLORLESS+COLORLESS): ,,
331,XerneasEX,POKEMON,XY,97,https://bulbapedia.bulbagarden.net/wiki/Xerneas-EX_%28XY_97%29,210,BASIC,PSYCHIC,METAL,1,2,,"Aurora Beam(50/PSYCHIC+COLORLESS):  || Rising Horns(120/PSYCHIC+PSYCHIC+COLORLESS): If your opponent’s Active Pokémon is a Pokémon {ex}, this attack does 100 more damage.",,
332,Dhelmise,POKEMON,Guardians Rising,59,https://bulbapedia.bulbagarden.net/wiki/Dhelmise_%28Guardians_Rising_59%29,130,BASIC,PSYCHIC,DARKNESS,3,1,,"Bind Down(60/PSYCHIC+COLORLESS+COLORLESS): During your opponent’s next turn, the Defending Pokémon can’t retreat. || Anchor Smash(130/PSYCHIC+PSYCHIC+COLORLESS+COLORLESS): ",,
333,Riolu,POKEMON,Brilliant Stars,078,https://bulbapedia.bulbagarden.net/wiki/Riolu_%28Brilliant_Stars_78%29,70,BASIC,FIGHTING,PSYCHIC,1,1,,"Quick Attack(10/FIGHTING): Flip a coin. If heads, this attack does 20 more damage.",,
334,Sneasel,POKEMON,Paldea Evolved,133,https://bulbapedia.bulbagarden.net/wiki/Sneasel_%28Paldea_Evolved_133%29,60,BASIC,DARKNESS,GRASS,0,1,,Claw Slash(20/DARKNESS): ,,
335,Bronzor,POKEMON,Temporal Forces,068,https://bulbapedia.bulbagarden.net/wiki/Bronzor_%28Temporal_Forces_68%29,70,BASIC,METAL,FIRE,1,1,,Hammer In(20/METAL+COLORLESS): ,,
336,Zacian ex,POKEMON,SVP Black Star Promos,,https://bulbapedia.bulbagarden.net/wiki/Zacian_ex_%28SVP_Promo_198%29,220,BASIC,METAL,FIRE,2,2,,"Steel Armament(20/COLORLESS): Search your deck for a Basic {M} Energy card and attach it to this Pokémon. Then, shuffle your deck. || Slashing Strike(210/METAL+METAL+COLORLESS): During your next turn, this Pokémon can’t use Slashing Strike.",,
337,LugiaEX,POKEMON,Plasma Storm,108,https://bulbapedia.bulbagarden.net/wiki/Lugia-EX_%28Plasma_Storm_108%29,220,BASIC,COLORLESS,LIGHTNING,2,2,,"Hyper Whirlpool(140/COLORLESS+COLORLESS+COLORLESS): Flip a coin until you get tails. For each heads, discard an Energy from your opponent’s Active Pokémon.",,
338,Ethan's Pinsir,POKEMON,Destined Rivals,001,https://bulbapedia.bulbagarden.net/wiki/Ethan%27s_Pinsir_%28Destined_Rivals_1%29,120,BASIC,GRASS,FIRE,2,1,,"Vise Grip(20/GRASS):  || Rallying Horn(70/COLORLESS+COLORLESS+COLORLESS): If any of your Ethan’s Pokémon were Knocked Out by damage from an attack during your opponent’s last turn, this attack does 100 more damage.",,
339,Yanma,POKEMON,Destined Rivals,002,https://bulbapedia.bulbagarden.net/wiki/Yanma_%28Destined_Rivals_2%29,70,BASIC,GRASS,LIGHTNING,1,1,,Whirlwind(0/COLORLESS): Switch out your opponent’s Active Pokémon to the Bench. (Your opponent chooses the new Active Pokémon.) || Razor Wing(30/GRASS+COLORLESS): ,,
340,Yanmega ex,POKEMON,Destined Rivals,003,https://bulbapedia.bulbagarden.net/wiki/Yanmega_ex_%28Destined_Rivals_3%29,280,STAGE1,GRASS,LIGHTNING,1,2," Buzzing Boost: Once during your turn, when this Pokémon moves from your Bench to the Active Spot, you may search your deck for up to 3 Basic {G} Energy cards and attach them to this Pokémon. Then, shuffle your deck.",Jet Cyclone(210/GRASS+GRASS+GRASS+COLORLESS): Move 3 Energy from this Pokémon to 1 of your Benched Pokémon.,,
341,Cynthia's Roselia,POKEMON,Destined Rivals,007,https://bulbapedia.bulbagarden.net/wiki/Cynthia%27s_Roselia_%28Destined_Rivals_7%29,70,BASIC,GRASS,FIRE,1,1,,Spike Sting(20/COLORLESS): ,,
342,Cynthia's Roserade,POKEMON,Destined Rivals,008,https://bulbapedia.bulbagarden.net/wiki/Cynthia%27s_Roserade_%28Destined_Rivals_8%29,130,STAGE1,GRASS,FIRE,1,1, Cheer On to Glory: Attacks used by your Cynthia’s Pokémon do 30 more damage to your opponent’s Active Pokémon (before applying Weakness and Resistance).,Leaf Step(80/GRASS+COLORLESS+COLORLESS): ,,
343,Shaymin,POKEMON,,,https://bulbapedia.bulbagarden.net/wiki/Shaymin_%28Pok%C3%A9mon%29,80,BASIC,GRASS,FIRE,1,1," Flower Curtain: Prevent all damage done to your Benched Pokémon that don’t have a Rule Box by attacks from your opponent’s Pokémon. (Pokémon {ex}, Pokémon {V}, etc. have Rule Boxes.)",Smash Kick(30/COLORLESS+COLORLESS): ,,
344,Dwebble,POKEMON,Unified Minds,10,https://bulbapedia.bulbagarden.net/wiki/Dwebble_%28Unified_Minds_10%29,70,BASIC,GRASS,FIRE,2,1,,"Ascension(0/COLORLESS): Search your deck for a card that evolves from this Pokémon and put it onto this Pokémon to evolve it. Then, shuffle your deck.",,
345,Crustle,POKEMON,Destined Rivals,012,https://bulbapedia.bulbagarden.net/wiki/Crustle_%28Destined_Rivals_12%29,150,STAGE1,GRASS,FIRE,3,1, Mysterious Rock Inn: Prevent all damage done to this Pokémon by attacks from your opponent’s Pokémon {ex}.,Superb Scissors(120/GRASS+COLORLESS+COLORLESS): This attack’s damage isn’t affected by any effects on your opponent’s Active Pokémon.,,
346,Applin,POKEMON,Rebel Clash,021,https://bulbapedia.bulbagarden.net/wiki/Applin_%28Rebel_Clash_21%29,40,BASIC,GRASS,FIRE,1,1,,Mini Drain(10/GRASS): Heal 10 damage from this Pokémon.,,
347,Dipplin,POKEMON,Twilight Masquerade,018,https://bulbapedia.bulbagarden.net/wiki/Dipplin_%28Twilight_Masquerade_18%29,90,STAGE1,GRASS,FIRE,3,1,,Energy Loop(50/GRASS): Put an Energy attached to this Pokémon into your hand.,,"The only attack considered for the ""Festival Lead"" Ability is the attack printed directly on the Pokémon card with the Ability (""this Pokémon may use an attack it has twice""). Cards that grant the Pokémon additional attacks such as Technical Machine s are not considered for ""Festival Lead"". ; If a player's Pokémon with ""Festival Lead"" has 1 Energy attached to it and uses an attack on the opponent's Active Pokémon with  attached, and the Energy is moved to the player's Benched Pokémon, the Attacking Pokémon with Festival Lead cannot attack the second time, as the Energy requirement is no longer satisfied. ; For interactions between a Pokémon with the ""Festival Lead"" Ability and  from , which has the ""Midnight Fluttering"" Ability that shuts down the opposing Active Pokémon's Ability: ; *If a player uses a ""Festival Lead"" Pokémon to Knock Out their opponent's Active Pokémon and the opponent sends out Flutter Mane with the ""Midnight Fluttering"" Ability as a replacement Active Pokémon, the ""Festival Lead"" Ability is immediately removed and the player may not attack a second time. ; *If a player uses a ""Festival Lead"" Pokémon to Knock Out their opponent's Active Flutter Mane with the ""Midnight Fluttering"" Ability, the ""Festival Lead"" Ability reactivates upon the Flutter Mane being Knocked Out, and thus the ""Festival Lead"" Pokémon may attack a second time."
348,Hydrapple,POKEMON,Destined Rivals,018,https://bulbapedia.bulbagarden.net/wiki/Hydrapple_%28Destined_Rivals_18%29,170,STAGE2,GRASS,FIRE,3,1,,"Hydra Breath(0/GRASS): Discard 6 Basic {G} Energy cards from your hand, and Knock Out your opponent’s Active Pokémon. If you can’t discard 6 cards in this way, this attack does nothing. || Whip Smash(140/GRASS+COLORLESS+COLORLESS): ",,
349,Teal Mask Ogerpon,POKEMON,Twilight Masquerade,024,https://bulbapedia.bulbagarden.net/wiki/Teal_Mask_Ogerpon_%28Twilight_Masquerade_24%29,110,BASIC,GRASS,FIRE,1,1,,"Grass Kagura(0/COLORLESS): Search your deck for a Basic {G} Energy card and attach it to 1 of your Pokémon. Then, shuffle your deck. || Ogre’s Hammer(120/GRASS+GRASS+COLORLESS): During your next turn, this Pokémon can’t use Ogre’s Hammer.",,
350,Ponyta,POKEMON,Base Set,60,https://bulbapedia.bulbagarden.net/wiki/Ponyta_%28Base_Set_60%29,70,BASIC,FIRE,WATER,1,1,,Double Headbutt(0/COLORLESS): Flip 2 coins. This attack does 10 damage for each heads.,,
351,Rapidash,POKEMON,Jungle,44,https://bulbapedia.bulbagarden.net/wiki/Rapidash_%28Jungle_44%29,110,STAGE1,FIRE,WATER,1,1," Hurried Gait: Once during your turn, you may draw a card.",Fire Mane(60/FIRE+COLORLESS): ,,
352,Ethan's Cyndaquil,POKEMON,Destined Rivals,032,https://bulbapedia.bulbagarden.net/wiki/Ethan%27s_Cyndaquil_%28Destined_Rivals_32%29,70,BASIC,FIRE,WATER,1,1,,Ember(30/FIRE): Discard an Energy from this Pokémon.,,
353,Ethan's Quilava,POKEMON,Destined Rivals,033,https://bulbapedia.bulbagarden.net/wiki/Ethan%27s_Quilava_%28Destined_Rivals_33%29,100,STAGE1,FIRE,WATER,1,1," Bonded by the Journey: Once during your turn, you may search your deck for an Ethan’s Adventure card, reveal it, and put it into your hand. Then, shuffle your deck.",Combustion(40/FIRE): ,,
354,Ethan's Typhlosion,POKEMON,Destined Rivals,034,https://bulbapedia.bulbagarden.net/wiki/Ethan%27s_Typhlosion_%28Destined_Rivals_34%29,170,STAGE2,FIRE,WATER,2,1,,Buddy Blast(40/FIRE): This attack does 60 more damage for each Ethan’s Adventure card in your discard pile. || Steam Artillery(160/FIRE+FIRE+COLORLESS): ,,
355,Ethan's Slugma,POKEMON,Destined Rivals,035,https://bulbapedia.bulbagarden.net/wiki/Ethan%27s_Slugma_%28Destined_Rivals_35%29,80,BASIC,FIRE,WATER,2,1,,Steady Firebreathing(20/FIRE): ,,
356,Ethan's Magcargo,POKEMON,Destined Rivals,036,https://bulbapedia.bulbagarden.net/wiki/Ethan%27s_Magcargo_%28Destined_Rivals_36%29,130,STAGE1,FIRE,WATER,3,1," Melt Away: If this Pokémon has no Energy attached, it has no Retreat Cost.",Lava Burst(0/FIRE+FIRE+FIRE): Discard up to 5 {R} Energy from this Pokémon. This attack does 70 damage for each card you discarded in this way.,,
357,Ethan's Ho-Oh ex,POKEMON,Destined Rivals,039,https://bulbapedia.bulbagarden.net/wiki/Ethan%27s_Ho-Oh_ex_%28Destined_Rivals_39%29,230,BASIC,FIRE,WATER,2,2," Golden Flame: Once during your turn, you may attach up to 2 Basic {R} Energy cards from your hand to 1 of your Benched Ethan’s Pokémon.",Shining Feathers(160/FIRE+FIRE+FIRE+FIRE): Heal 50 damage from each of your Pokémon.,,
358,Hearthflame Mask Ogerpon,POKEMON,Destined Rivals,044,https://bulbapedia.bulbagarden.net/wiki/Hearthflame_Mask_Ogerpon_%28Destined_Rivals_44%29,110,BASIC,FIRE,WATER,1,1,,"Fire Kagura(0/COLORLESS): Search your deck for a Basic {R} Energy card and attach it to 1 of your Pokémon. Then, shuffle your deck. || Searing Flame(80/FIRE+FIRE+COLORLESS): Your opponent’s Active Pokémon is now Burned.",,
359,Misty's Psyduck,POKEMON,Destined Rivals,045,https://bulbapedia.bulbagarden.net/wiki/Misty%27s_Psyduck_%28Destined_Rivals_45%29,70,BASIC,WATER,LIGHTNING,1,1," Flustered Leap: Once during your turn, if this Pokémon is on your Bench, you may discard the bottom card of your deck. If you do, discard all cards from this Pokémon and put this Pokémon on top of your deck.",Sprinkle Water(30/WATER): ,,
360,Misty's Staryu,POKEMON,Gym Challenge,92,https://bulbapedia.bulbagarden.net/wiki/Misty%27s_Staryu_%28Gym_Challenge_92%29,70,BASIC,WATER,LIGHTNING,1,1,,"Bubble Beam(20/WATER): Flip a coin. If heads, your opponent’s Active Pokémon is now Paralyzed.",,
361,Misty's Starmie,POKEMON,Destined Rivals,047,https://bulbapedia.bulbagarden.net/wiki/Misty%27s_Starmie_%28Destined_Rivals_47%29,100,STAGE1,WATER,LIGHTNING,1,1,,"Abrupt Flash(60/WATER): If this Pokémon evolved from Misty’s Staryu during this turn, this attack does 80 more damage.",,
362,Misty's Magikarp,POKEMON,Destined Rivals,048,https://bulbapedia.bulbagarden.net/wiki/Misty%27s_Magikarp_%28Destined_Rivals_48%29,30,BASIC,WATER,LIGHTNING,1,1," So Submerged: As long as this Pokémon is on your Bench, prevent all damage from and effects of attacks from your opponent’s Pokémon done to this Pokémon.",Splash(10/WATER): ,,
363,Misty's Gyarados,POKEMON,Destined Rivals,049,https://bulbapedia.bulbagarden.net/wiki/Misty%27s_Gyarados_%28Destined_Rivals_49%29,180,STAGE1,WATER,LIGHTNING,4,1,,"Splashing Panic(0/WATER): Discard the top 7 cards of your deck, and this attack does 70 damage for each Misty’s Pokémon that you discarded in this way. || Waterfall(120/WATER+WATER+COLORLESS): ",,
364,Misty's Lapras,POKEMON,Destined Rivals,050,https://bulbapedia.bulbagarden.net/wiki/Misty%27s_Lapras_%28Destined_Rivals_50%29,110,BASIC,WATER,LIGHTNING,1,1,,"Swim Together(0/WATER): Search your deck for up to 3 Misty’s Pokémon, reveal them, and put them into your hand. Then, shuffle your deck. || Surf(60/WATER+COLORLESS): ",,
365,Cynthia's Feebas,POKEMON,Destined Rivals,052,https://bulbapedia.bulbagarden.net/wiki/Cynthia%27s_Feebas_%28Destined_Rivals_52%29,30,BASIC,WATER,LIGHTNING,1,1,,"Undulate(10/COLORLESS): Flip a coin. If heads, during your opponent’s next turn, prevent all damage from and effects of attacks done to this Pokémon.",,
366,Cynthia's Milotic,POKEMON,Destined Rivals,053,https://bulbapedia.bulbagarden.net/wiki/Cynthia%27s_Milotic_%28Destined_Rivals_53%29,130,STAGE1,WATER,LIGHTNING,2,1,,Aqua Split(60/WATER+COLORLESS): This attack also does 30 damage to 2 of your opponent’s Benched Pokémon. (Don’t apply Weakness and Resistance for Benched Pokémon.),,
367,Buizel,POKEMON,Shining Fates,022,https://bulbapedia.bulbagarden.net/wiki/Buizel_%28Shining_Fates_22%29,70,BASIC,WATER,LIGHTNING,1,1,,Tail Whap(10/COLORLESS):  || Wave Splash(30/WATER+COLORLESS+COLORLESS): ,,
368,Floatzel,POKEMON,Shining Fates,023,https://bulbapedia.bulbagarden.net/wiki/Floatzel_%28Shining_Fates_23%29,120,STAGE1,WATER,LIGHTNING,1,1,,"Whirlpool(30/COLORLESS+COLORLESS): Discard an Energy from your opponent’s Active Pokémon. || Aqua Slash(140/WATER+COLORLESS+COLORLESS): During your next turn, this Pokémon can’t attack.",,
369,Dondozo ex,POKEMON,Destined Rivals,066,https://bulbapedia.bulbagarden.net/wiki/Dondozo_ex_%28Destined_Rivals_66%29,260,BASIC,WATER,LIGHTNING,4,2,,"Avenging Billow(30/WATER+COLORLESS): This attack does 10 more damage for each damage counter on this Pokémon. || Dynamic Dive(120/WATER+WATER+COLORLESS+COLORLESS): You may do 120 more damage. If you do, this Pokémon also does 50 damage to itself.",,
370,Wellspring Mask Ogerpon,POKEMON,Destined Rivals,067,https://bulbapedia.bulbagarden.net/wiki/Wellspring_Mask_Ogerpon_%28Destined_Rivals_67%29,110,BASIC,WATER,LIGHTNING,1,1,,"Water Kagura(0/COLORLESS): Search your deck for a Basic {W} Energy card and attach it to 1 of your Pokémon. Then, shuffle your deck. || Bubble Drain(100/WATER+WATER+COLORLESS): Heal 30 damage from this Pokémon.",,
371,Electabuzz,POKEMON,Base Set,20,https://bulbapedia.bulbagarden.net/wiki/Electabuzz_%28Base_Set_20%29,90,BASIC,LIGHTNING,FIGHTING,2,1,,Electroslug(50/LIGHTNING+COLORLESS): ,,
372,Electivire ex,POKEMON,Destined Rivals,069,https://bulbapedia.bulbagarden.net/wiki/Electivire_ex_%28Destined_Rivals_69%29,280,STAGE1,LIGHTNING,FIGHTING,4,2,,"Dual Bolt(0/LIGHTNING+COLORLESS): This attack does 50 damage to 2 of your opponent’s Pokémon. (Don’t apply Weakness and Resistance for Benched Pokémon.) || High-Voltage Press(180/LIGHTNING+LIGHTNING+COLORLESS): If this Pokémon has at least 2 extra Energy attached (in addition to this attack’s cost), this attack does 100 more damage.",,
373,Ethan's Pichu,POKEMON,Destined Rivals,071,https://bulbapedia.bulbagarden.net/wiki/Ethan%27s_Pichu_%28Destined_Rivals_71%29,30,BASIC,LIGHTNING,FIGHTING,0,1,,Zapping Draw(30/): Draw a card.,,
374,Electrike,POKEMON,Vivid Voltage,051,https://bulbapedia.bulbagarden.net/wiki/Electrike_%28Vivid_Voltage_51%29,60,BASIC,LIGHTNING,FIGHTING,1,1,,Rear Kick(10/COLORLESS):  || Tiny Bolt(30/LIGHTNING+COLORLESS): ,,
375,Manectric,POKEMON,Platinum: Arceus|Arceus,44,https://bulbapedia.bulbagarden.net/wiki/Manectric_%28Arceus_44%29,120,STAGE1,LIGHTNING,FIGHTING,1,1,,Zap Kick(30/COLORLESS):  || Flash Impact(120/LIGHTNING+COLORLESS): This attack also does 40 damage to 1 of your Benched Pokémon. (Don’t apply Weakness and Resistance for Benched Pokémon.),,
376,Rotom,POKEMON,,,https://bulbapedia.bulbagarden.net/wiki/Rotom_%28Pok%C3%A9mon%29,60,BASIC,LIGHTNING,FIGHTING,1,1,,Astonish(20/LIGHTNING): Choose a random card from your opponent’s hand. Your opponent reveals that card and shuffles it into their deck. || Gadget Show(0/COLORLESS+COLORLESS): This attack does 30 damage for each Pokémon Tool attached to all of your Pokémon.,,
377,Zeraora,POKEMON,Team Up,52,https://bulbapedia.bulbagarden.net/wiki/Zeraora_%28Team_Up_52%29,100,BASIC,LIGHTNING,FIGHTING,1,1,,"Scratch(20/COLORLESS):  || Thunder Raid(0/LIGHTNING+LIGHTNING+LIGHTNING): Discard all Energy from this Pokémon, and this attack does 210 damage to 1 of your opponent’s Benched Pokémon {ex}. (Don’t apply Weakness and Resistance for Benched Pokémon.)",,
378,Ethan's Sudowoodo,POKEMON,Destined Rivals,093,https://bulbapedia.bulbagarden.net/wiki/Ethan%27s_Sudowoodo_%28Destined_Rivals_93%29,110,BASIC,FIGHTING,GRASS,1,1,,"Impound(20/FIGHTING): During your opponent’s next turn, the Defending Pokémon can’t retreat. || Try to Imitate(0/COLORLESS+COLORLESS): Flip a coin. If heads, choose 1 of your opponent’s Active Pokémon’s attacks and use it as this attack.",,
379,Cynthia's Gible,POKEMON,Destined Rivals,102,https://bulbapedia.bulbagarden.net/wiki/Cynthia%27s_Gible_%28Destined_Rivals_102%29,70,BASIC,FIGHTING,GRASS,1,1,,Rock Hurl(20/FIGHTING): This attack’s damage isn’t affected by Resistance.,,
380,Cynthia's Gabite,POKEMON,Destined Rivals,103,https://bulbapedia.bulbagarden.net/wiki/Cynthia%27s_Gabite_%28Destined_Rivals_103%29,100,STAGE1,FIGHTING,GRASS,1,1," Champion’s Call: Once during your turn, you may search your deck for a Cynthia’s Pokémon, reveal it, and put it into your hand. Then, shuffle your deck.",Dragonslice(40/FIGHTING): ,,
381,Cynthia's Garchomp ex,POKEMON,Destined Rivals,104,https://bulbapedia.bulbagarden.net/wiki/Cynthia%27s_Garchomp_ex_%28Destined_Rivals_104%29,330,STAGE2,FIGHTING,GRASS,0,2,,Corkscrew Dive(100/FIGHTING): You may draw cards until you have 6 cards in your hand. || Draconic Buster(260/FIGHTING+FIGHTING): Discard all Energy from this Pokémon.,,
382,Mudbray,POKEMON,Temporal Forces,091,https://bulbapedia.bulbagarden.net/wiki/Mudbray_%28Temporal_Forces_91%29,90,BASIC,FIGHTING,GRASS,3,1,,Running Charge(0/FIGHTING+COLORLESS): Flip a coin until you get tails. This attack does 40 damage for each heads.,,
383,Mudsdale,POKEMON,Temporal Forces,092,https://bulbapedia.bulbagarden.net/wiki/Mudsdale_%28Temporal_Forces_92%29,150,STAGE1,FIGHTING,GRASS,3,1, Mud Coat: This Pokémon takes 30 less damage from attacks (after applying Weakness and Resistance).,Heavy Impact(130/FIGHTING+FIGHTING+COLORLESS): ,,
384,Arven's Toedscool,POKEMON,Destined Rivals,109,https://bulbapedia.bulbagarden.net/wiki/Arven%27s_Toedscool_%28Destined_Rivals_109%29,70,BASIC,FIGHTING,GRASS,1,1,,Slight Intrusion(30/COLORLESS): This Pokémon also does 10 damage to itself.,,
385,Arven's Toedscruel,POKEMON,Destined Rivals,110,https://bulbapedia.bulbagarden.net/wiki/Arven%27s_Toedscruel_%28Destined_Rivals_110%29,140,STAGE1,FIGHTING,GRASS,2,1,,Pull(0/COLORLESS): Switch in 1 of your opponent’s Benched Pokémon to the Active Spot. || Reckless Charge(120/COLORLESS+COLORLESS+COLORLESS): This Pokémon also does 30 damage to itself.,,
386,Cornerstone Mask Ogerpon,POKEMON,Destined Rivals,111,https://bulbapedia.bulbagarden.net/wiki/Cornerstone_Mask_Ogerpon_%28Destined_Rivals_111%29,110,BASIC,FIGHTING,GRASS,1,1,,"Rock Kagura(0/COLORLESS): Search your deck for a Basic {F} Energy card and attach it to 1 of your Pokémon. Then, shuffle your deck. || Mountain Ramming(100/FIGHTING+FIGHTING+COLORLESS): Discard the top card of your opponent’s deck.",,
387,Cynthia's Spiritomb,POKEMON,Destined Rivals,129,https://bulbapedia.bulbagarden.net/wiki/Cynthia%27s_Spiritomb_%28Destined_Rivals_129%29,70,BASIC,DARKNESS,GRASS,1,1,,Raging Curse(0/COLORLESS): This attack does 10 damage for each damage counter on all of your Benched Cynthia’s Pokémon. This attack’s damage isn’t affected by Weakness.,,
388,Arven's Maschiff,POKEMON,Destined Rivals,138,https://bulbapedia.bulbagarden.net/wiki/Arven%27s_Maschiff_%28Destined_Rivals_138%29,70,BASIC,DARKNESS,GRASS,2,1,,Stampede(10/COLORLESS):  || Confront(50/COLORLESS+COLORLESS+COLORLESS): ,,
389,Arven's Mabosstiff ex,POKEMON,Destined Rivals,139,https://bulbapedia.bulbagarden.net/wiki/Arven%27s_Mabosstiff_ex_%28Destined_Rivals_139%29,270,STAGE1,DARKNESS,GRASS,3,2,,"Vigorous Tackle(30/COLORLESS): If this Pokémon has no damage counters on it, this attack does 120 more damage. || Boss Headbutt(210/COLORLESS+COLORLESS+COLORLESS): During your next turn, this Pokémon can’t use Boss Headbutt.",,
390,Tauros,POKEMON,Jungle,47,https://bulbapedia.bulbagarden.net/wiki/Tauros_%28Jungle_47%29,130,BASIC,COLORLESS,FIGHTING,2,1,,"Horn Attack(30/COLORLESS):  || Clean Hit(50/COLORLESS+COLORLESS): If your opponent’s Active Pokémon is an Evolution Pokémon, this attack does 50 more damage.",,
391,Arven's Skwovet,POKEMON,Destined Rivals,158,https://bulbapedia.bulbagarden.net/wiki/Arven%27s_Skwovet_%28Destined_Rivals_158%29,60,BASIC,COLORLESS,FIGHTING,1,1,,"Gnaw Through(10/COLORLESS): Before doing damage, discard all Pokémon Tools from your opponent’s Active Pokémon.",,
392,Arven's Greedent,POKEMON,Destined Rivals,159,https://bulbapedia.bulbagarden.net/wiki/Arven%27s_Greedent_%28Destined_Rivals_159%29,120,STAGE1,COLORLESS,FIGHTING,2,1," Greedy Order: When you play this Pokémon from your hand to evolve 1 of your Pokémon during your turn, you may put up to 2 Arven’s Sandwich cards from your discard pile into your hand.",Rolling Tackle(50/COLORLESS+COLORLESS): ,,
393,Pineco,POKEMON,Paldea Evolved,004,https://bulbapedia.bulbagarden.net/wiki/Pineco_%28Paldea_Evolved_4%29,70,BASIC,GRASS,FIRE,2,1,,Hang Down(10/COLORLESS): ,,
394,Shroomish,POKEMON,Temporal Forces,006,https://bulbapedia.bulbagarden.net/wiki/Shroomish_%28Temporal_Forces_6%29,60,BASIC,GRASS,FIRE,1,1,,Rolling Tackle(30/COLORLESS+COLORLESS): ,,
395,Breloom,POKEMON,EX Sandstorm,33,https://bulbapedia.bulbagarden.net/wiki/Breloom_%28EX_Sandstorm_33%29,120,STAGE1,GRASS,FIRE,2,1,,Damage Rush(30/COLORLESS+COLORLESS): Flip a coin until you get tails. This attack does 50 more damage for each heads. || Mega Drain(90/GRASS+COLORLESS+COLORLESS): Heal 30 damage from this Pokémon.,,
396,Mow Rotom,POKEMON,Ultra Prism,14,https://bulbapedia.bulbagarden.net/wiki/Mow_Rotom_%28Ultra_Prism_14%29,70,BASIC,GRASS,FIRE,1,1,,Trimming Mower(20/GRASS): Discard a Stadium in play. || Gadget Show(0/COLORLESS+COLORLESS): This attack does 30 damage for each Pokémon Tool attached to all of your Pokémon.,,
397,Fomantis,POKEMON,Sun & Moon,14,https://bulbapedia.bulbagarden.net/wiki/Fomantis_%28Sun_%26_Moon_14%29,60,BASIC,GRASS,FIRE,1,1,,Cut Up(20/GRASS): ,,
398,Lurantis,POKEMON,SM Black Star Promos,,https://bulbapedia.bulbagarden.net/wiki/Lurantis_%28SM_Promo_25%29,120,STAGE1,GRASS,FIRE,1,1,,"Razor Leaf(30/COLORLESS):  || Petal Blade Dance(130/GRASS): Discard 2 Basic {G} Energy cards from your hand. If you can’t discard 2 cards in this way, this attack does nothing.",,
399,Team Rocket's Blipbug,POKEMON,Destined Rivals,015,https://bulbapedia.bulbagarden.net/wiki/Team_Rocket%27s_Blipbug_%28Destined_Rivals_15%29,60,BASIC,GRASS,FIRE,1,1,,Searching Eyes(0/COLORLESS): Look at 1 of your opponent’s face-down Prize cards.,,
400,Team Rocket's Tarountula,POKEMON,Destined Rivals,019,https://bulbapedia.bulbagarden.net/wiki/Team_Rocket%27s_Tarountula_%28Destined_Rivals_19%29,50,BASIC,GRASS,FIRE,1,1,,Take Down(30/GRASS): This Pokémon also does 10 damage to itself.,,
401,Team Rocket's Spidops,POKEMON,Destined Rivals,020,https://bulbapedia.bulbagarden.net/wiki/Team_Rocket%27s_Spidops_%28Destined_Rivals_20%29,130,STAGE1,GRASS,FIRE,2,1," Charging Up: Once during your turn, you may attach a Basic Energy card from your discard pile to this Pokémon.",Rocket Rush(0/GRASS+COLORLESS): This attack does 30 damage for each of your Team Rocket’s Pokémon in play.,,
402,Smoliv,POKEMON,Scarlet & Violet,021,https://bulbapedia.bulbagarden.net/wiki/Smoliv_%28Scarlet_%26_Violet_21%29,60,BASIC,GRASS,FIRE,1,1,,Ram(10/COLORLESS): ,,
403,Dolliv,POKEMON,Scarlet & Violet,022,https://bulbapedia.bulbagarden.net/wiki/Dolliv_%28Scarlet_%26_Violet_22%29,90,STAGE1,GRASS,FIRE,1,1,,Nutrients(0/GRASS): Heal 40 damage from 1 of your Pokémon. || Tackle(40/COLORLESS+COLORLESS): ,,
404,Arboliva ex,POKEMON,Destined Rivals,023,https://bulbapedia.bulbagarden.net/wiki/Arboliva_ex_%28Destined_Rivals_23%29,310,STAGE2,GRASS,FIRE,2,2,,"Oil Salvo(0/GRASS): Choose 1 of your opponent’s Pokémon 6 times. (You can choose the same Pokémon more than once.) For each time you chose a Pokémon, do 20 damage to it. This damage isn’t affected by Weakness or Resistance. || Aroma Shot(160/COLORLESS+COLORLESS+COLORLESS): This Pokémon recovers from all Special Conditions.",,
405,Growlithe,POKEMON,Base Set,28,https://bulbapedia.bulbagarden.net/wiki/Growlithe_%28Base_Set_28%29,80,BASIC,FIRE,WATER,2,1,,Live Coal(10/FIRE):  || Dig Claws(20/COLORLESS+COLORLESS): ,,
406,Arcanine,POKEMON,Base Set,23,https://bulbapedia.bulbagarden.net/wiki/Arcanine_%28Base_Set_23%29,140,STAGE1,FIRE,WATER,3,1,,"Flare(50/COLORLESS+COLORLESS):  || Punishing Fang(100/FIRE+COLORLESS+COLORLESS): If your opponent’s Active Pokémon is a {D} Pokémon, this attack does 100 more damage.",,
407,Team Rocket's Moltres ex,POKEMON,Destined Rivals,031,https://bulbapedia.bulbagarden.net/wiki/Team_Rocket%27s_Moltres_ex_%28Destined_Rivals_31%29,220,BASIC,FIRE,LIGHTNING,2,2,,"Flame Screen(110/FIRE+COLORLESS+COLORLESS): During your opponent’s next turn, this Pokémon takes 50 less damage from attacks (after applying Weakness and Resistance). || Evil Incineration(0/FIRE+COLORLESS+COLORLESS+COLORLESS): Discard a Team Rocket’s Energy from this Pokémon. If you do, discard your opponent’s Active Pokémon and all attached cards.",,
408,Team Rocket's Houndour,POKEMON,Destined Rivals,037,https://bulbapedia.bulbagarden.net/wiki/Team_Rocket%27s_Houndour_%28Destined_Rivals_37%29,70,BASIC,FIRE,WATER,1,1,,Steady Firebreathing(20/FIRE): ,,
409,Team Rocket's Houndoom,POKEMON,Destined Rivals,038,https://bulbapedia.bulbagarden.net/wiki/Team_Rocket%27s_Houndoom_%28Destined_Rivals_38%29,130,STAGE1,FIRE,WATER,2,1,,Cruel Coal(0/FIRE): Your opponent’s Active Pokémon is now Burned and Confused. || Scorching Fire(120/FIRE+COLORLESS): Discard an Energy from this Pokémon.,,
410,Torchic,POKEMON,XY Black Star Promos,25,https://bulbapedia.bulbagarden.net/wiki/Torchic_%28XY_Promo_37%29,70,BASIC,FIRE,WATER,1,1,,Collect(0/COLORLESS): Draw a card. || Combustion(10/FIRE): ,,
411,Combusken,POKEMON,EX Ruby & Sapphire,27,https://bulbapedia.bulbagarden.net/wiki/Combusken_%28EX_Ruby_%26_Sapphire_27%29,100,STAGE1,FIRE,WATER,2,1,,Combustion(20/COLORLESS):  || Double Kick(0/FIRE+COLORLESS): Flip 2 coins. This attack does 40 damage for each heads.,,
412,Blaziken,POKEMON,,,https://bulbapedia.bulbagarden.net/wiki/Blaziken_%28Pok%C3%A9mon%29,170,STAGE2,FIRE,WATER,2,1,,Heat Blast(70/COLORLESS+COLORLESS):  || Inferno Kick Flurry(120/FIRE+FIRE+COLORLESS): Discard 2 Energy from this Pokémon. This attack also does 120 damage to 1 of your opponent’s Benched Pokémon. (Don’t apply Weakness and Resistance for Benched Pokémon.),,
413,Heat Rotom,POKEMON,Paldean Fates,013,https://bulbapedia.bulbagarden.net/wiki/Heat_Rotom_%28Paldean_Fates_13%29,80,BASIC,FIRE,WATER,2,1,,Singe(0/FIRE): Your opponent’s Active Pokémon is now Burned. || Gadget Show(0/COLORLESS+COLORLESS): This attack does 30 damage for each Pokémon Tool attached to all of your Pokémon.,,
414,Team Rocket's Articuno,POKEMON,Destined Rivals,051,https://bulbapedia.bulbagarden.net/wiki/Team_Rocket%27s_Articuno_%28Destined_Rivals_51%29,120,BASIC,WATER,LIGHTNING,1,1, Repelling Veil: Prevent all effects of attacks used by your opponent’s Pokémon done to your Basic Team Rocket’s Pokémon. (Existing effects are not removed. Damage is not an effect.),"Dark Frost(60/WATER+COLORLESS+COLORLESS): If this Pokémon has any Team Rocket’s Energy attached, this attack does 60 more damage.",,
415,Clamperl,POKEMON,Destined Rivals,054,https://bulbapedia.bulbagarden.net/wiki/Clamperl_%28Destined_Rivals_54%29,60,BASIC,WATER,LIGHTNING,2,1,,"Shell Press(10/WATER): During your opponent’s next turn, this Pokémon takes 10 less damage from attacks (after applying Weakness and Resistance).",,
416,Huntail,POKEMON,Celestial Storm,42,https://bulbapedia.bulbagarden.net/wiki/Huntail_%28Celestial_Storm_42%29,110,STAGE1,WATER,LIGHTNING,1,1," Diver’s Catch: When 1 of your {W} Pokémon is Knocked Out by damage from an attack from your opponent’s Pokémon, you may put all Basic {W} Energy attached to that Pokémon into your hand instead of the discard pile.",Wave Splash(80/WATER+COLORLESS+COLORLESS): ,,
417,Gorebyss,POKEMON,EX Hidden Legends,18,https://bulbapedia.bulbagarden.net/wiki/Gorebyss_%28EX_Hidden_Legends_18%29,90,STAGE1,WATER,LIGHTNING,1,1,,"Crescendo Wave(0/WATER): This attack does 30 damage for each {W} Energy attached to this Pokémon. Before doing damage, you may attach any number of Basic {W} Energy cards from your hand to this Pokémon.",,
418,Snover,POKEMON,Paldea Evolved,010,https://bulbapedia.bulbagarden.net/wiki/Snover_%28Paldea_Evolved_10%29,90,BASIC,WATER,METAL,3,1,,Light Punch(20/COLORLESS+COLORLESS):  || Icicle(50/WATER+COLORLESS+COLORLESS): ,,
419,Abomasnow,POKEMON,Chilling Reign,010,https://bulbapedia.bulbagarden.net/wiki/Abomasnow_%28Chilling_Reign_10%29,150,STAGE1,WATER,METAL,4,1,,"Lunge Out(90/COLORLESS+COLORLESS+COLORLESS):  || Frozen Wood(120/WATER+WATER+WATER+COLORLESS): If this Pokémon has 2 or more {G} Energy attached, this attack does 120 more damage.",,
420,Wash Rotom,POKEMON,Ultra Prism,40,https://bulbapedia.bulbagarden.net/wiki/Wash_Rotom_%28Ultra_Prism_40%29,80,BASIC,WATER,LIGHTNING,2,1,,Manual Wash(20/WATER): Heal 10 damage from each of your Pokémon. || Gadget Show(0/COLORLESS+COLORLESS): This attack does 30 damage for each Pokémon Tool attached to all of your Pokémon.,,
421,Arrokuda,POKEMON,Vivid Voltage,041,https://bulbapedia.bulbagarden.net/wiki/Arrokuda_%28Vivid_Voltage_41%29,70,BASIC,WATER,LIGHTNING,1,1,,Reckless Charge(30/WATER): This Pokémon also does 10 damage to itself.,,
422,Barraskewda,POKEMON,Rebel Clash,053,https://bulbapedia.bulbagarden.net/wiki/Barraskewda_%28Rebel_Clash_53%29,130,STAGE1,WATER,LIGHTNING,1,1,,"Sharp Fin(40/WATER):  || Dive(60/WATER+WATER): Flip a coin. If heads, during your opponent’s next turn, prevent all damage from and effects of attacks done to this Pokémon.",,
423,Cetoddle,POKEMON,Surging Sparks,053,https://bulbapedia.bulbagarden.net/wiki/Cetoddle_%28Surging_Sparks_53%29,100,BASIC,WATER,METAL,3,1,,Gentle Slap(30/WATER+COLORLESS):  || Frost Smash(80/WATER+WATER+WATER+COLORLESS): ,,
424,Cetitan ex,POKEMON,Destined Rivals,065,https://bulbapedia.bulbagarden.net/wiki/Cetitan_ex_%28Destined_Rivals_65%29,300,STAGE1,WATER,METAL,4,2," Snow Camouflage: Whenever your opponent plays an Item or Supporter card from their hand, prevent all effects of that card done to this Pokémon.","Crushing Press(140/WATER+WATER+WATER+COLORLESS): You may discard a Stadium in play. If you do, this attack does 140 more damage.",,
425,Team Rocket's Zapdos,POKEMON,Destined Rivals,070,https://bulbapedia.bulbagarden.net/wiki/Team_Rocket%27s_Zapdos_%28Destined_Rivals_70%29,120,BASIC,LIGHTNING,LIGHTNING,1,1,,"Jamming Wing(30/COLORLESS+COLORLESS): You may move an Energy from your opponent’s Active Pokémon to 1 of their Benched Pokémon. || Wicked Thunder(60/LIGHTNING+COLORLESS+COLORLESS): If this Pokémon has any Team Rocket’s Energy attached, this attack does 60 more damage.",,
426,Team Rocket's Mareep,POKEMON,Destined Rivals,072,https://bulbapedia.bulbagarden.net/wiki/Team_Rocket%27s_Mareep_%28Destined_Rivals_72%29,60,BASIC,LIGHTNING,FIGHTING,1,1,,"Procurement(0/COLORLESS): Search your deck for an Item card, reveal it, and put it into your hand. Then, shuffle your deck. || Tiny Bolt(10/LIGHTNING): ",,
427,Team Rocket's Flaaffy,POKEMON,Destined Rivals,073,https://bulbapedia.bulbagarden.net/wiki/Team_Rocket%27s_Flaaffy_%28Destined_Rivals_73%29,90,STAGE1,LIGHTNING,FIGHTING,2,1,,"Thunder Shock(50/LIGHTNING+COLORLESS): Flip a coin. If heads, your opponent’s Active Pokémon is now Paralyzed.",,
428,Team Rocket's Ampharos,POKEMON,Destined Rivals,074,https://bulbapedia.bulbagarden.net/wiki/Team_Rocket%27s_Ampharos_%28Destined_Rivals_74%29,140,STAGE2,LIGHTNING,FIGHTING,2,1," Darkest Impulse: Whenever your opponent plays a Pokémon from their hand to evolve 1 of their Pokémon, put 4 damage counters on that Pokémon. The effect of Darkest Impulse doesn’t stack.",Head Bolt(140/LIGHTNING+COLORLESS+COLORLESS): ,,
429,Team Rocket's Drowzee,POKEMON,Destined Rivals,079,https://bulbapedia.bulbagarden.net/wiki/Team_Rocket%27s_Drowzee_%28Destined_Rivals_79%29,80,BASIC,PSYCHIC,DARKNESS,2,1,,Hypnotic Ray(10/PSYCHIC): Your opponent’s Active Pokémon is now Asleep.,,
430,Team Rocket's Hypno,POKEMON,Destined Rivals,080,https://bulbapedia.bulbagarden.net/wiki/Team_Rocket%27s_Hypno_%28Destined_Rivals_80%29,130,STAGE1,PSYCHIC,DARKNESS,2,1,,Psyshot(40/PSYCHIC):  || Bench Manipulation(0/PSYCHIC+PSYCHIC+PSYCHIC): Your opponent flips a coin for each of their Benched Pokémon. This attack does 80 damage to your opponent’s Active Pokémon for each tails. This attack’s damage isn’t affected by Weakness or Resistance.,,
431,Team Rocket's Mewtwo ex,POKEMON,Destined Rivals,081,https://bulbapedia.bulbagarden.net/wiki/Team_Rocket%27s_Mewtwo_ex_%28Destined_Rivals_81%29,280,BASIC,PSYCHIC,DARKNESS,3,2, Power Saver: This Pokémon can’t attack unless you have 4 or more Team Rocket’s Pokémon in play.,Erasure Ball(160/PSYCHIC+PSYCHIC+COLORLESS): You may discard up to 2 Energy from your Benched Pokémon. This attack does 60 more damage for each card you discarded in this way.,,
432,Team Rocket's Wobbuffet,POKEMON,Destined Rivals,082,https://bulbapedia.bulbagarden.net/wiki/Team_Rocket%27s_Wobbuffet_%28Destined_Rivals_82%29,110,BASIC,PSYCHIC,DARKNESS,2,1,,Rocket Mirror(0/PSYCHIC+COLORLESS): Move all damage counters from 1 of your Benched Team Rocket’s Pokémon to your opponent’s Active Pokémon. || Headbutt Bounce(70/PSYCHIC+COLORLESS+COLORLESS): ,,
433,Team Rocket's Chingling,POKEMON,Destined Rivals,085,https://bulbapedia.bulbagarden.net/wiki/Team_Rocket%27s_Chingling_%28Destined_Rivals_85%29,30,BASIC,PSYCHIC,DARKNESS,0,1,,Chiming Commotion(0/): Discard a random card from your opponent’s hand.,,
434,Team Rocket's Mimikyu,POKEMON,Destined Rivals,087,https://bulbapedia.bulbagarden.net/wiki/Team_Rocket%27s_Mimikyu_%28Destined_Rivals_87%29,60,BASIC,PSYCHIC,DARKNESS,0,1,,Gemstone Mimicry(0/PSYCHIC+COLORLESS): Choose 1 of your opponent’s Active Tera Pokémon’s attacks and use it as this attack.,,
435,Team Rocket's Dottler,POKEMON,Destined Rivals,088,https://bulbapedia.bulbagarden.net/wiki/Team_Rocket%27s_Dottler_%28Destined_Rivals_88%29,80,STAGE1,PSYCHIC,DARKNESS,2,1,,Disruptive Radar(0/COLORLESS): Look at the top 5 cards of your opponent’s deck and put them back in any order. || Super Psy Bolt(30/PSYCHIC+COLORLESS): ,,
436,Team Rocket's Orbeetle,POKEMON,Destined Rivals,089,https://bulbapedia.bulbagarden.net/wiki/Team_Rocket%27s_Orbeetle_%28Destined_Rivals_89%29,130,STAGE2,PSYCHIC,DARKNESS,2,1," Rocket Brain: As often as you like during your turn, you may move 1 damage counter from 1 of your Team Rocket’s Pokémon to another of your Pokémon.",Psychic(40/PSYCHIC+COLORLESS+COLORLESS): This attack does 40 more damage for each Energy attached to your opponent’s Active Pokémon.,,
437,Mankey,POKEMON,Jungle,55,https://bulbapedia.bulbagarden.net/wiki/Mankey_%28Jungle_55%29,70,BASIC,FIGHTING,PSYCHIC,1,1,,"Wild Kick(30/FIGHTING): Flip a coin. If tails, this attack does nothing.",,
438,Primeape,POKEMON,Jungle,43,https://bulbapedia.bulbagarden.net/wiki/Primeape_%28Jungle_43%29,110,STAGE1,FIGHTING,PSYCHIC,2,1,,Drag Off(0/FIGHTING): Switch in 1 of your opponent’s Benched Pokémon to the Active Spot. This attack does 30 damage to the new Active Pokémon.,,
439,Annihilape,POKEMON,Scarlet & Violet,109,https://bulbapedia.bulbagarden.net/wiki/Annihilape_%28Scarlet_%26_Violet_109%29,150,STAGE2,FIGHTING,PSYCHIC,2,1," Lose Cool: If this Pokémon has 2 or more damage counters on it, attacks used by this Pokémon do 120 more damage to your opponent’s Active Pokémon (before applying Weakness and Resistance).","Impact Blow(160/FIGHTING+FIGHTING): During your next turn, this Pokémon can’t use Impact Blow.",,
440,Team Rocket's Larvitar,POKEMON,Destined Rivals,094,https://bulbapedia.bulbagarden.net/wiki/Team_Rocket%27s_Larvitar_%28Destined_Rivals_94%29,70,BASIC,FIGHTING,GRASS,1,1,,Mountain Munch(10/COLORLESS): Discard the top card of your opponent’s deck.,,
441,Team Rocket's Pupitar,POKEMON,Destined Rivals,095,https://bulbapedia.bulbagarden.net/wiki/Team_Rocket%27s_Pupitar_%28Destined_Rivals_95%29,100,STAGE1,FIGHTING,GRASS,2,1,,"Explosive Ascension(30/COLORLESS): Search your deck for a card that evolves from this Pokémon and put it onto this Pokémon to evolve it. Then, shuffle your deck.",,
442,Team Rocket's Tyranitar,POKEMON,Destined Rivals,096,https://bulbapedia.bulbagarden.net/wiki/Team_Rocket%27s_Tyranitar_%28Destined_Rivals_96%29,180,STAGE2,FIGHTING,GRASS,3,1," Sand Stream: During Pokémon Checkup, if this Pokémon is in the Active Spot, put 2 damage counters on each of your opponent’s Basic Pokémon.",Demolition Tackle(180/FIGHTING+COLORLESS+COLORLESS+COLORLESS): Discard an Energy from your opponent’s Active Pokémon.,,
443,Nosepass,POKEMON,Cosmic Eclipse,106,https://bulbapedia.bulbagarden.net/wiki/Nosepass_%28Cosmic_Eclipse_106%29,80,BASIC,FIGHTING,GRASS,3,1,,Headbutt(20/FIGHTING):  || Rock Throw(40/COLORLESS+COLORLESS+COLORLESS): ,,
444,Probopass,POKEMON,Twilight Masquerade,102,https://bulbapedia.bulbagarden.net/wiki/Probopass_%28Twilight_Masquerade_102%29,140,STAGE1,FIGHTING,GRASS,3,1,,"Power Gem(40/FIGHTING):  || Mountain Drop(70/COLORLESS+COLORLESS+COLORLESS): If a Stadium is in play, this attack does 70 more damage.",,
445,Meditite,POKEMON,Stellar Crown,078,https://bulbapedia.bulbagarden.net/wiki/Meditite_%28Stellar_Crown_78%29,70,BASIC,FIGHTING,PSYCHIC,1,1,,"Steady Punch(10/FIGHTING): Flip a coin. If heads, this attack does 20 more damage.",,
446,Medicham,POKEMON,Temporal Forces,083,https://bulbapedia.bulbagarden.net/wiki/Medicham_%28Temporal_Forces_83%29,120,STAGE1,FIGHTING,PSYCHIC,1,1,,"Harmonious Spirit Palm(50/FIGHTING): If this Pokémon and your opponent’s Active Pokémon have the same amount of Energy attached, this attack does 120 more damage.",,
447,Regirock ex,POKEMON,Destined Rivals,101,https://bulbapedia.bulbagarden.net/wiki/Regirock_ex_%28Destined_Rivals_101%29,230,BASIC,FIGHTING,GRASS,3,2,,"Regi Charge(0/COLORLESS): Attach up to 2 Basic {F} Energy cards from your discard pile to this Pokémon. || Giant Rock(140/FIGHTING+COLORLESS+COLORLESS+COLORLESS): If your opponent’s Active Pokémon is a Stage 2 Pokémon, this attack does 140 more damage.",,
448,Team Rocket's Ekans,POKEMON,Destined Rivals,112,https://bulbapedia.bulbagarden.net/wiki/Team_Rocket%27s_Ekans_%28Destined_Rivals_112%29,70,BASIC,DARKNESS,FIGHTING,1,1,,"Drag Down(0/COLORLESS): Flip a coin. If heads, your opponent’s Active Pokémon is now Paralyzed. || Gnaw(10/DARKNESS): ",,
449,Team Rocket's Arbok,POKEMON,Destined Rivals,113,https://bulbapedia.bulbagarden.net/wiki/Team_Rocket%27s_Arbok_%28Destined_Rivals_113%29,130,STAGE1,DARKNESS,FIGHTING,2,1," Potent Glare: As long as this Pokémon is in the Active Spot, your opponent can’t play any Pokémon that has an Ability from their hand, except for Team Rocket’s Pokémon.",Spinning Tail(0/DARKNESS+DARKNESS+DARKNESS): This attack does 30 damage to each of your opponent’s Pokémon. (Don’t apply Weakness and Resistance for Benched Pokémon.),,
450,Team Rocket's Nidoran♀,POKEMON,Destined Rivals,114,https://bulbapedia.bulbagarden.net/wiki/Team_Rocket%27s_Nidoran%E2%99%80_%28Destined_Rivals_114%29,70,BASIC,DARKNESS,FIGHTING,1,1,,"Surprise Attack(30/DARKNESS): Flip a coin. If tails, this attack does nothing.",,
451,Team Rocket's Nidorina,POKEMON,Destined Rivals,115,https://bulbapedia.bulbagarden.net/wiki/Team_Rocket%27s_Nidorina_%28Destined_Rivals_115%29,90,STAGE1,DARKNESS,FIGHTING,2,1,,"Dark Awakening(0/DARKNESS): Choose up to 2 of your {D} Pokémon. For each of those Pokémon, search your deck for a card that evolves from that Pokémon and put it onto that Pokémon to evolve it. Then, shuffle your deck. || Scratch(50/DARKNESS+DARKNESS): ",,
452,Team Rocket's Nidoqueen,POKEMON,Destined Rivals,116,https://bulbapedia.bulbagarden.net/wiki/Team_Rocket%27s_Nidoqueen_%28Destined_Rivals_116%29,170,STAGE2,DARKNESS,FIGHTING,3,1,,"Love Impact(60/DARKNESS): If a Pokémon that has ""Nidoking"" in its name is on your Bench, this attack does 120 more damage. || Mega Kick(130/DARKNESS+DARKNESS): ",,
453,Team Rocket's Nidoran♂,POKEMON,Destined Rivals,117,https://bulbapedia.bulbagarden.net/wiki/Team_Rocket%27s_Nidoran%E2%99%82_%28Destined_Rivals_117%29,70,BASIC,DARKNESS,FIGHTING,1,1,,Pierce(10/DARKNESS):  || Hammer In(30/DARKNESS+COLORLESS): ,,
454,Team Rocket's Nidorino,POKEMON,Destined Rivals,118,https://bulbapedia.bulbagarden.net/wiki/Team_Rocket%27s_Nidorino_%28Destined_Rivals_118%29,100,STAGE1,DARKNESS,FIGHTING,2,1,,"Hammer In(30/DARKNESS+COLORLESS):  || Horn Rend(60/DARKNESS+DARKNESS+COLORLESS): If your opponent’s Active Pokémon already has any damage counters on it, this attack does 60 more damage.",,
455,Team Rocket's Nidoking ex,POKEMON,Destined Rivals,119,https://bulbapedia.bulbagarden.net/wiki/Team_Rocket%27s_Nidoking_ex_%28Destined_Rivals_119%29,330,STAGE2,DARKNESS,FIGHTING,3,2,,"Tainted Horn(100/DARKNESS+DARKNESS+COLORLESS): Your opponent’s Active Pokémon is now Poisoned. During Pokémon Checkup, put 8 damage counters on that Pokémon instead of 1. || Kingly Impact(240/DARKNESS+DARKNESS+DARKNESS+COLORLESS): ",,
456,Team Rocket's Zubat,POKEMON,Destined Rivals,120,https://bulbapedia.bulbagarden.net/wiki/Team_Rocket%27s_Zubat_%28Destined_Rivals_120%29,50,BASIC,DARKNESS,LIGHTNING,1,1,,Poison Spray(0/DARKNESS): Your opponent’s Active Pokémon is now Poisoned.,,
457,Team Rocket's Golbat,POKEMON,Destined Rivals,121,https://bulbapedia.bulbagarden.net/wiki/Team_Rocket%27s_Golbat_%28Destined_Rivals_121%29,80,STAGE1,DARKNESS,LIGHTNING,1,1," Sneaky Bite: When you play this Pokémon from your hand to evolve 1 of your Pokémon during your turn, you may put 2 damage counters on 1 of your opponent’s Pokémon.",Confuse Ray(30/DARKNESS): Your opponent’s Active Pokémon is now Confused.,,
458,Team Rocket's Crobat ex,POKEMON,Destined Rivals,122,https://bulbapedia.bulbagarden.net/wiki/Team_Rocket%27s_Crobat_ex_%28Destined_Rivals_122%29,310,STAGE2,DARKNESS,LIGHTNING,1,2," Biting Spree: When you play this Pokémon from your hand to evolve 1 of your Pokémon during your turn, you may choose 2 of your opponent’s Pokémon and put 2 damage counters on each of them.",Assassin’s Return(120/DARKNESS+DARKNESS): You may put this Pokémon into your hand. (Discard all cards attached to this Pokémon.),,
459,Team Rocket's Grimer,POKEMON,Destined Rivals,123,https://bulbapedia.bulbagarden.net/wiki/Team_Rocket%27s_Grimer_%28Destined_Rivals_123%29,80,BASIC,DARKNESS,FIGHTING,3,1,,"Corrosive Sludge(0/DARKNESS+COLORLESS): At the end of your opponent’s next turn, discard the Defending Pokémon and all attached cards.",,
460,Team Rocket's Muk,POKEMON,Destined Rivals,124,https://bulbapedia.bulbagarden.net/wiki/Team_Rocket%27s_Muk_%28Destined_Rivals_124%29,150,STAGE1,DARKNESS,FIGHTING,4,1,,"Gooped Up(40/DARKNESS+COLORLESS): Your opponent’s Active Pokémon is now Confused. During your opponent’s next turn, that Pokémon can’t retreat. || Hazardous Venom(0/DARKNESS+DARKNESS+COLORLESS): This attack does 100 damage for each Special Condition affecting your opponent’s Active Pokémon.",,
461,Team Rocket's Koffing,POKEMON,Destined Rivals,125,https://bulbapedia.bulbagarden.net/wiki/Team_Rocket%27s_Koffing_%28Destined_Rivals_125%29,70,BASIC,DARKNESS,FIGHTING,1,1," Smog Signals: If this Pokémon is in the Active Spot and is damaged by an attack from your opponent’s Pokémon (even if this Pokémon is Knocked Out), search your deck for up to 2 Pokémon that have “Koffing” in their name and put them onto your Bench. Then, shuffle your deck.",Leaking Gas(30/DARKNESS+COLORLESS): ,,"If the player's only Pokémon in play is Team Rocket's Koffing in the Active Spot, and it is Knocked Out by damage from an attack from the opponent's Pokémon, the player uses the ""Smog Signals""  first and puts 2 Pokémon with ""Koffing"" in their names onto their Bench, thus preventing them from losing the game due to having no more Pokémon. This is because checks for Knocked Out happen after damage is dealt, and the Smog Signals Ability activates when the Pokémon is damaged, regardless of Knock Outs."
462,Team Rocket's Weezing,POKEMON,Destined Rivals,126,https://bulbapedia.bulbagarden.net/wiki/Team_Rocket%27s_Weezing_%28Destined_Rivals_126%29,130,STAGE1,DARKNESS,FIGHTING,2,1,,Explode Together Now(0/DARKNESS+COLORLESS): This attack does 40 damage for each Pokémon in play that has “Koffing” or “Weezing” in its name (both yours and your opponent’s).,,
463,Team Rocket's Murkrow,POKEMON,Destined Rivals,127,https://bulbapedia.bulbagarden.net/wiki/Team_Rocket%27s_Murkrow_%28Destined_Rivals_127%29,80,BASIC,DARKNESS,LIGHTNING,1,1,,"Deceit(0/COLORLESS): Search your deck for a Supporter card, reveal it, and put it into your hand. Then, shuffle your deck. || Torment(30/DARKNESS+COLORLESS): Choose 1 of your opponent’s Active Pokémon’s attacks. During your opponent’s next turn, that Pokémon can’t use that attack.",,
464,Team Rocket's Sneasel,POKEMON,Destined Rivals,128,https://bulbapedia.bulbagarden.net/wiki/Team_Rocket%27s_Sneasel_%28Destined_Rivals_128%29,80,BASIC,DARKNESS,GRASS,1,1,,Scratch(20/DARKNESS):  || Strike the Sleeper(0/DARKNESS+DARKNESS): This attack does 20 damage to 1 of your opponent’s Benched Pokémon for each damage counter on that Pokémon. (Don’t apply Weakness and Resistance for Benched Pokémon.),,
465,Forretress,POKEMON,Vivid Voltage,114,https://bulbapedia.bulbagarden.net/wiki/Forretress_%28Vivid_Voltage_114%29,130,STAGE1,METAL,FIRE,2,1,,Iron Shake-Up(20/COLORLESS): You may move any amount of {M} Energy from your Pokémon to your other Pokémon in any way you like. || Hurricane of Needles(0/METAL+COLORLESS+COLORLESS+COLORLESS): Flip 4 coins. This attack does 80 damage for each heads.,,
466,Skarmory,POKEMON,Sun & Moon,88,https://bulbapedia.bulbagarden.net/wiki/Skarmory_%28Sun_%26_Moon_88%29,110,BASIC,METAL,LIGHTNING,1,1,,"Roost(0/COLORLESS): Heal 50 damage from this Pokémon. During your next turn, this Pokémon can’t retreat. || Metal Claw(60/METAL+COLORLESS): ",,
467,Zamazenta,POKEMON,Destined Rivals,146,https://bulbapedia.bulbagarden.net/wiki/Zamazenta_%28Destined_Rivals_146%29,130,BASIC,METAL,FIRE,2,1,,"Strong Bash(70/METAL+METAL+COLORLESS): During your opponent’s next turn, if this Pokémon is damaged by an attack (even if this Pokémon is Knocked Out), put damage counters on the Attacking Pokémon equal to the damage done to this Pokémon.",,
468,Team Rocket's Rattata,POKEMON,Destined Rivals,147,https://bulbapedia.bulbagarden.net/wiki/Team_Rocket%27s_Rattata_%28Destined_Rivals_147%29,50,BASIC,COLORLESS,FIGHTING,1,1,,Dangerous Incisors(10/COLORLESS): Your opponent’s Active Pokémon is now Poisoned.,,
469,Team Rocket's Raticate,POKEMON,Destined Rivals,148,https://bulbapedia.bulbagarden.net/wiki/Team_Rocket%27s_Raticate_%28Destined_Rivals_148%29,90,STAGE1,COLORLESS,FIGHTING,1,1,,"Reckless Abandon(90/COLORLESS): Flip 2 coins. If both of them are tails, this Pokémon also does 90 damage to itself.",,
470,Team Rocket's Meowth,POKEMON,Destined Rivals,149,https://bulbapedia.bulbagarden.net/wiki/Team_Rocket%27s_Meowth_%28Destined_Rivals_149%29,70,BASIC,COLORLESS,FIGHTING,1,1,,Paw-cket Pilfer(0/COLORLESS): Choose a random card from your opponent’s hand. Your opponent reveals that card and shuffles it into their deck. || Fury Swipes(0/COLORLESS+COLORLESS): Flip 3 coins. This attack does 20 damage for each heads.,,
471,Team Rocket's Persian ex,POKEMON,Destined Rivals,150,https://bulbapedia.bulbagarden.net/wiki/Team_Rocket%27s_Persian_ex_%28Destined_Rivals_150%29,260,STAGE1,COLORLESS,FIGHTING,2,2,,Haughty Order(0/COLORLESS+COLORLESS): Reveal the top 10 cards of your opponent’s deck. You may choose an attack from a Pokémon you find there and use it as this attack. Shuffle the revealed cards into your opponent’s deck. || Cruel Slash(140/COLORLESS+COLORLESS+COLORLESS): Your opponent’s Active Pokémon is now Confused.,,
472,Kangaskhan,POKEMON,Jungle,5,https://bulbapedia.bulbagarden.net/wiki/Kangaskhan_%28Jungle_5%29,120,BASIC,COLORLESS,FIGHTING,2,1,,Gentle Slap(50/COLORLESS+COLORLESS):  || Dizzy Punch(0/COLORLESS+COLORLESS+COLORLESS): Flip 2 coins. This attack does 90 damage for each heads.,,
473,Team Rocket's Porygon,POKEMON,Destined Rivals,153,https://bulbapedia.bulbagarden.net/wiki/Team_Rocket%27s_Porygon_%28Destined_Rivals_153%29,60,BASIC,COLORLESS,FIGHTING,1,1,,"Hacking(0/COLORLESS): Discard a card from your hand. If you do, your opponent discards a card from their hand.",,
474,Team Rocket's Porygon2,POKEMON,Destined Rivals,154,https://bulbapedia.bulbagarden.net/wiki/Team_Rocket%27s_Porygon2_%28Destined_Rivals_154%29,90,STAGE1,COLORLESS,FIGHTING,1,1,,R Command(0/COLORLESS+COLORLESS+COLORLESS): This attack does 20 damage for each Supporter card that has “Team Rocket” in its name in your discard pile.,,
475,Team Rocket's Porygon-Z,POKEMON,Destined Rivals,155,https://bulbapedia.bulbagarden.net/wiki/Team_Rocket%27s_Porygon-Z_%28Destined_Rivals_155%29,140,STAGE2,COLORLESS,FIGHTING,1,1," Reconstitute: You must discard 2 cards from your hand in order to use this Ability. Once during your turn, you may draw a card.",R Command(0/COLORLESS+COLORLESS): This attack does 20 damage for each Supporter card that has “Team Rocket” in its name in your discard pile.,,
476,Taillow,POKEMON,Destined Rivals,156,https://bulbapedia.bulbagarden.net/wiki/Taillow_%28Destined_Rivals_156%29,60,BASIC,COLORLESS,LIGHTNING,1,1,,Wing Attack(20/COLORLESS): ,,
477,Swellow,POKEMON,EX Delta Species,32,https://bulbapedia.bulbagarden.net/wiki/Swellow_%28EX_Delta_Species_32%29,100,STAGE1,COLORLESS,LIGHTNING,0,1,,Add On(0/COLORLESS): Draw 3 cards. || Speed Wing(70/COLORLESS+COLORLESS): ,,
478,Squawkabilly,POKEMON,Scarlet & Violet,162,https://bulbapedia.bulbagarden.net/wiki/Squawkabilly_%28Scarlet_%26_Violet_162%29,70,BASIC,COLORLESS,LIGHTNING,1,1,,Push Down(20/COLORLESS): You may switch out your opponent’s Active Pokémon to the Bench. (Your opponent chooses the new Active Pokémon.),,
479,Snivy,POKEMON,BW Black Star Promos,1,https://bulbapedia.bulbagarden.net/wiki/Snivy_%28BW_Promo_1%29,70,BASIC,GRASS,FIRE,1,1,,Tackle(10/GRASS):  || Vine Whip(30/GRASS+GRASS): ,,
480,Servine,POKEMON,Black & White,3,https://bulbapedia.bulbagarden.net/wiki/Servine_%28Black_%26_White_3%29,100,STAGE1,GRASS,FIRE,1,1,,Wrap(20/GRASS): コインを1回投げオモテなら、相手のバトルポケモンを【マヒ】にする。 || Vine Whip(60/GRASS+COLORLESS+COLORLESS): ,,
481,Serperior ex,POKEMON,Black Bolt,003,https://bulbapedia.bulbagarden.net/wiki/Serperior_ex_%28Black_Bolt_3%29,320,STAGE2,GRASS,FIRE,2,2, Regal Cheer: このポケモンがいるかぎり、自分のポケモンが使うワザの、相手のバトルポケモンへのダメージは「+20」される。,Command the Grass(150/GRASS+COLORLESS+COLORLESS+COLORLESS): のぞむなら、自分の山札から好きなカードを3枚まで選び、手札に加える。そして山札を切る。,,
482,Pansage,POKEMON,Burning Shadows,12,https://bulbapedia.bulbagarden.net/wiki/Pansage_%28Burning_Shadows_12%29,70,BASIC,GRASS,FIRE,1,1,,Collect(0/COLORLESS): Draw a card. || Scratch(30/COLORLESS+COLORLESS): ,,
483,Simisage,POKEMON,Burning Shadows,13,https://bulbapedia.bulbagarden.net/wiki/Simisage_%28Burning_Shadows_13%29,100,STAGE1,GRASS,FIRE,1,1,,Gentle Slap(70/COLORLESS+COLORLESS): ,,
484,Petilil,POKEMON,Astral Radiance,015,https://bulbapedia.bulbagarden.net/wiki/Petilil_%28Astral_Radiance_15%29,60,BASIC,GRASS,FIRE,1,1,,"Hide(0/COLORLESS): Flip a coin. If heads, during your opponent’s next turn, prevent all damage from and effects of attacks done to this Pokémon. || Leafage(10/GRASS): ",,
485,Lilligant,POKEMON,Evolving Skies,010,https://bulbapedia.bulbagarden.net/wiki/Lilligant_%28Evolving_Skies_10%29,100,STAGE1,GRASS,FIRE,1,1,,"Bemusing Aroma(30/GRASS): Flip a coin. If heads, your opponent’s Active Pokémon is now Paralyzed and Poisoned. If tails, your opponent’s Active Pokémon is now Confused. || Cut(70/GRASS+COLORLESS+COLORLESS): ",,
486,Maractus,POKEMON,Journey Together,008,https://bulbapedia.bulbagarden.net/wiki/Maractus_%28Journey_Together_8%29,100,BASIC,GRASS,FIRE,1,1,,"Lively Needles(20/GRASS): If this Pokémon was healed during this turn, this attack does 100 more damage. || Pierce(50/GRASS+COLORLESS): ",,
487,Karrablast,POKEMON,Journey Together,009,https://bulbapedia.bulbagarden.net/wiki/Karrablast_%28Journey_Together_9%29,60,BASIC,GRASS,FIRE,1,1," Stimulated Evolution: If you have Shelmet in play, this Pokémon can evolve during your first turn or the turn you play it.",Horn Attack(10/COLORLESS): ,,
488,Foongus,POKEMON,Black Bolt,010,https://bulbapedia.bulbagarden.net/wiki/Foongus_%28Black_Bolt_10%29,50,BASIC,GRASS,FIRE,1,1,,Toxic Spore(0/COLORLESS): Your opponent’s Active Pokémon is now Poisoned.,,
489,Amoonguss,POKEMON,Unified Minds,14,https://bulbapedia.bulbagarden.net/wiki/Amoonguss_%28Unified_Minds_14%29,120,STAGE1,GRASS,FIRE,2,1,,"Dangerous Reaction(30/COLORLESS): If your opponent’s Active Pokémon is affected by a Special Condition, this attack does 120 more damage. || Seed Bomb(60/GRASS+COLORLESS): ",,
490,Victini,POKEMON,,,https://bulbapedia.bulbagarden.net/wiki/Victini_%28Gates_to_Infinity%29,80,BASIC,FIRE,WATER,1,1,,"V-Force(120/FIRE+FIRE): If you have 4 or fewer Benched Pokémon, this attack does nothing.",,
491,Darumaka,POKEMON,Black Bolt,013,https://bulbapedia.bulbagarden.net/wiki/Darumaka_%28Black_Bolt_13%29,80,BASIC,FIRE,WATER,2,1,,Will-O-Wisp(30/FIRE+COLORLESS): ,,
492,Darmanitan,POKEMON,,,https://bulbapedia.bulbagarden.net/wiki/Darmanitan_%28Detective_Pikachu%29,140,STAGE1,FIRE,WATER,2,1,,Searing Flame(50/FIRE+COLORLESS): Your opponent’s Active Pokémon is now Burned. || Smashing Headbutt(180/FIRE+COLORLESS+COLORLESS+COLORLESS): Discard 2 Energy from this Pokémon.,,
493,Litwick,POKEMON,Unified Minds,27,https://bulbapedia.bulbagarden.net/wiki/Litwick_%28Unified_Minds_27%29,60,BASIC,FIRE,WATER,1,1,,Brighten and Burn(0/FIRE): Look at the top card of your deck. You may discard that card.,,
494,Lampent,POKEMON,White Flare,017,https://bulbapedia.bulbagarden.net/wiki/Lampent_%28White_Flare_17%29,80,STAGE1,FIRE,WATER,1,1,,Fire Blast(50/FIRE): Discard an Energy from this Pokémon.,,
495,Chandelure,POKEMON,Noble Victories,60,https://bulbapedia.bulbagarden.net/wiki/Chandelure_%28Noble_Victories_60%29,150,STAGE2,FIRE,WATER,2,1,,"Incendiary Pillar(50/FIRE): If you have 10 or more Basic {R} Energy cards in your discard pile, this attack does 100 more damage. || Burn It All Up(180/FIRE+FIRE): Discard all Energy from this Pokémon.",,
496,Larvesta,POKEMON,Surging Sparks,024,https://bulbapedia.bulbagarden.net/wiki/Larvesta_%28Surging_Sparks_24%29,60,BASIC,FIRE,WATER,1,1,,"Peck Off(10/COLORLESS): Before doing damage, discard all Pokémon Tools from your opponent’s Active Pokémon.",,
497,Volcarona,POKEMON,Black Bolt,016,https://bulbapedia.bulbagarden.net/wiki/Volcarona_%28Black_Bolt_16%29,120,STAGE1,FIRE,WATER,1,1," Torrid Scales: You must discard a Basic {R} Energy card from your hand in order to use this Ability. Once during your turn, you may make your opponent’s Active Pokémon Burned.",Fire Wing(70/FIRE+COLORLESS+COLORLESS): ,,
498,Panpour,POKEMON,Black Bolt,017,https://bulbapedia.bulbagarden.net/wiki/Panpour_%28Black_Bolt_17%29,70,BASIC,WATER,LIGHTNING,1,1,,Collect(0/COLORLESS): Draw a card. || Scratch(30/COLORLESS+COLORLESS): ,,
499,Simipour,POKEMON,Black Bolt,018,https://bulbapedia.bulbagarden.net/wiki/Simipour_%28Black_Bolt_18%29,100,STAGE1,WATER,LIGHTNING,1,1,,Gentle Slap(70/COLORLESS+COLORLESS): ,,
500,Tympole,POKEMON,Black Bolt,019,https://bulbapedia.bulbagarden.net/wiki/Tympole_%28Black_Bolt_19%29,60,BASIC,WATER,LIGHTNING,1,1,,Round(0/COLORLESS+COLORLESS): This attack does 20 damage for each of your Pokémon in play that has the Round attack.,,
501,Palpitoad,POKEMON,Black Bolt,020,https://bulbapedia.bulbagarden.net/wiki/Palpitoad_%28Black_Bolt_20%29,90,STAGE1,WATER,LIGHTNING,2,1,,Round(0/COLORLESS+COLORLESS): This attack does 40 damage for each of your Pokémon in play that has the Round attack. || Wave Splash(60/WATER+COLORLESS+COLORLESS): ,,
502,Seismitoad,POKEMON,Black Bolt,021,https://bulbapedia.bulbagarden.net/wiki/Seismitoad_%28Black_Bolt_21%29,170,STAGE2,WATER,LIGHTNING,3,1,,Round(0/COLORLESS+COLORLESS+COLORLESS): This attack does 70 damage for each of your Pokémon in play that has the Round attack. || Hyper Voice(160/WATER+COLORLESS+COLORLESS+COLORLESS): ,,
503,Tirtouga,POKEMON,Black Bolt,022,https://bulbapedia.bulbagarden.net/wiki/Tirtouga_%28Black_Bolt_22%29,100,STAGE1,WATER,LIGHTNING,3,1,,Ancient Seaweed(0/WATER): This attack does 30 damage for each Item card in your opponent’s discard pile. || Surf(80/WATER+COLORLESS+COLORLESS): ,,
504,Carracosta,POKEMON,,,https://bulbapedia.bulbagarden.net/wiki/Carracosta_%28Super_Mystery_Dungeon%29,180,STAGE2,WATER,LIGHTNING,3,1, Mighty Shell: Prevent all damage from and effects of attacks done to this Pokémon by your opponent’s Pokémon that have any Special Energy attached.,"Big Bite(150/WATER+COLORLESS+COLORLESS): During your opponent’s next turn, the Defending Pokémon can’t retreat.",,
505,Alomomola,POKEMON,Black Bolt,024,https://bulbapedia.bulbagarden.net/wiki/Alomomola_%28Black_Bolt_24%29,110,BASIC,WATER,LIGHTNING,1,1," Gentle Fin: Once during your turn, if this Pokémon is in the Active Spot, you may put a Basic Pokémon with 70 HP or less from your discard pile onto your Bench.",Waterfall(70/WATER+COLORLESS+COLORLESS): ,,
506,Cubchoo,POKEMON,Darkness Ablaze,048,https://bulbapedia.bulbagarden.net/wiki/Cubchoo_%28Darkness_Ablaze_48%29,70,BASIC,WATER,METAL,2,1,,"Snotted Up(10/WATER): During your opponent’s next turn, the Defending Pokémon can’t use attacks.",,
507,Beartic,POKEMON,Darkness Ablaze,049,https://bulbapedia.bulbagarden.net/wiki/Beartic_%28Darkness_Ablaze_49%29,150,STAGE1,WATER,METAL,3,1,,"Continuous Headbutt(0/COLORLESS): Flip a coin until you get tails. This attack does 50 damage for each heads. || Sheer Cold(150/WATER+WATER+WATER+COLORLESS): During your opponent’s next turn, the Defending Pokémon can’t use attacks.",,
508,Cryogonal,POKEMON,Evolving Skies,043,https://bulbapedia.bulbagarden.net/wiki/Cryogonal_%28Evolving_Skies_43%29,90,BASIC,WATER,METAL,1,1,,Drag Off(0/WATER): Switch in 1 of your opponent’s Benched Pokémon to the Active Spot. This attack does 20 damage to the new Active Pokémon. || Icicle(30/WATER): ,,
509,Kyurem ex,POKEMON,Black Bolt,028,https://bulbapedia.bulbagarden.net/wiki/Kyurem_ex_%28Black_Bolt_28%29,230,BASIC,WATER,METAL,2,2,,Slash(50/COLORLESS+COLORLESS):  || Blizzard Burst(130/WATER+WATER+COLORLESS): This attack also does 10 damage to each of your opponent’s Benched Pokémon for each Prize card your opponent has taken. (Don’t apply Weakness and Resistance for Benched Pokémon.),,
510,Emolga,POKEMON,,,https://bulbapedia.bulbagarden.net/wiki/Emolga_%28Gates_to_Infinity%29,70,BASIC,LIGHTNING,FIGHTING,0,1,,"Call for Family(0/COLORLESS): Search your deck for up to 2 Basic Pokémon and put them onto your Bench. Then, shuffle your deck. || Static Shock(20/LIGHTNING): ",,
511,Tynamo,POKEMON,Black Bolt,030,https://bulbapedia.bulbagarden.net/wiki/Tynamo_%28Black_Bolt_30%29,40,BASIC,LIGHTNING,FIGHTING,0,1,,Hold Still(0/COLORLESS): Heal 10 damage from this Pokémon.,,
512,Eelektrik,POKEMON,Noble Victories,40,https://bulbapedia.bulbagarden.net/wiki/Eelektrik_%28Noble_Victories_40%29,90,STAGE1,LIGHTNING,FIGHTING,2,1," Dynamotor: Once during your turn, you may attach a Basic {L} Energy card from your discard pile to 1 of your Benched Pokémon.",Electric Ball(50/LIGHTNING+LIGHTNING+COLORLESS): ,,"In the Scarlet & Violet Series, an  card is included in the  expansion that has the same attack,  name, , Weakness, Resistance, and  as this card. However, due to the slightly different wording of the Ability between the Noble Victories print and the Black Bolt print (""you may attach a  Energy"" vs. ""you may attach a Basic  Energy""), it has been ruled that the Noble Victories print cannot be used as a substitute for the Black Bolt print in  play. ; *This ruling has been previously announced on the official Japanese Pokémon Card Game website on June 6, 2025."
513,Eelektross,POKEMON,Black Bolt,032,https://bulbapedia.bulbagarden.net/wiki/Eelektross_%28Black_Bolt_32%29,160,STAGE2,LIGHTNING,FIGHTING,3,1,,"Thunder Fang(60/LIGHTNING): Flip a coin. If heads, your opponent’s Active Pokémon is now Paralyzed. || Buzz Flip(0/LIGHTNING+LIGHTNING+LIGHTNING+COLORLESS): Flip 4 coins. This attack does 100 damage for each heads.",,
514,Thundurus,POKEMON,Chilling Reign,052,https://bulbapedia.bulbagarden.net/wiki/Thundurus_%28Chilling_Reign_52%29,120,BASIC,LIGHTNING,FIGHTING,1,1,,"Charge(0/COLORLESS): Search your deck for a Basic {L} Energy card and attach it to this Pokémon. Then, shuffle your deck. || Disaster Volt(110/LIGHTNING+COLORLESS+COLORLESS): Discard an Energy from this Pokémon.",,
515,Zekrom ex,POKEMON,Black Bolt,034,https://bulbapedia.bulbagarden.net/wiki/Zekrom_ex_%28Black_Bolt_34%29,230,BASIC,LIGHTNING,FIGHTING,2,2,,Slash(50/COLORLESS+COLORLESS):  || Voltage Burst(130/LIGHTNING+LIGHTNING+COLORLESS): This attack does 50 more damage for each Prize card your opponent has taken. This Pokémon also does 30 damage to itself.,,
516,Munna,POKEMON,,,https://bulbapedia.bulbagarden.net/wiki/Munna_%28Gates_to_Infinity%29,70,BASIC,PSYCHIC,DARKNESS,1,1,,Rest(0/COLORLESS): This Pokémon is now Asleep. Heal 30 damage from it. || Mumble(10/PSYCHIC): ,,
517,Musharna,POKEMON,Black Bolt,036,https://bulbapedia.bulbagarden.net/wiki/Musharna_%28Black_Bolt_36%29,120,STAGE1,PSYCHIC,DARKNESS,2,1,,"Dream Calling(0/COLORLESS): You may search your deck for any number of Fennel cards, reveal them, and put them into your hand. Then, shuffle your deck. || Sleep Pulse(50/PSYCHIC): Your opponent’s Active Pokémon is now Asleep.",,
518,Solosis,POKEMON,Black Bolt,037,https://bulbapedia.bulbagarden.net/wiki/Solosis_%28Black_Bolt_37%29,40,BASIC,PSYCHIC,DARKNESS,1,1,,Rollout(10/COLORLESS): ,,
519,Duosion,POKEMON,Silver Tempest,077,https://bulbapedia.bulbagarden.net/wiki/Duosion_%28Silver_Tempest_77%29,70,STAGE1,PSYCHIC,DARKNESS,1,1,,"Cellular Evolution(0/COLORLESS): Search your deck for a card that evolves from 1 of your Pokémon and put it onto that Pokémon to evolve it. Then, shuffle your deck. || Spray Fluid(30/COLORLESS): ",,
520,Reuniclus,POKEMON,Temporal Forces,072,https://bulbapedia.bulbagarden.net/wiki/Reuniclus_%28Temporal_Forces_72%29,140,STAGE2,PSYCHIC,DARKNESS,1,1,,"Cellular Ascension(0/COLORLESS): For each of your Benched Pokémon, search your deck for a card that evolves from that Pokémon and put it onto that Pokémon to evolve it. Then, shuffle your deck. || Evo-Lariat(40/COLORLESS): This attack does 40 more damage for each of your Evolution Pokémon in play.",,
521,Elgyem,POKEMON,Black Bolt,040,https://bulbapedia.bulbagarden.net/wiki/Elgyem_%28Black_Bolt_40%29,60,BASIC,PSYCHIC,DARKNESS,1,1,,Slight Shift(0/PSYCHIC): Move an Energy from 1 of your opponent’s Pokémon to another of their Pokémon. || Beam(40/COLORLESS+COLORLESS+COLORLESS): ,,
522,Beheeyem,POKEMON,,,https://bulbapedia.bulbagarden.net/wiki/Beheeyem_%28Super_Mystery_Dungeon%29,90,STAGE1,PSYCHIC,DARKNESS,1,1,,Calm Mind(0/PSYCHIC): Heal 40 damage from this Pokémon. || Psychic(80/COLORLESS+COLORLESS+COLORLESS): This attack does 30 more damage for each Energy attached to your opponent’s Active Pokémon.,,
523,Golett,POKEMON,Chilling Reign,065,https://bulbapedia.bulbagarden.net/wiki/Golett_%28Chilling_Reign_65%29,90,BASIC,PSYCHIC,DARKNESS,3,1,,"Best Punch(60/COLORLESS+COLORLESS): Flip a coin. If tails, this attack does nothing.",,
524,Golurk,POKEMON,,,https://bulbapedia.bulbagarden.net/wiki/Golurk_%28BW-P_Promo_46%29,160,STAGE1,PSYCHIC,DARKNESS,4,1,,Double Smash(0/COLORLESS+COLORLESS+COLORLESS): Flip 2 coins. This attack does 80 damage for each heads. || Golurk Hammer(200/PSYCHIC+PSYCHIC+COLORLESS+COLORLESS+COLORLESS): ,,
525,Meloetta ex,POKEMON,Black Bolt,044,https://bulbapedia.bulbagarden.net/wiki/Meloetta_ex_%28Black_Bolt_44%29,200,BASIC,PSYCHIC,DARKNESS,1,2," Debut Performance: If you go first, this Pokémon can use attacks during your first turn.","Echoed Voice(30/PSYCHIC): During your next turn, this Pokémon’s Echoed Voice attack does 80 more damage (before applying Weakness and Resistance).",,
526,Drilbur,POKEMON,Black Bolt,045,https://bulbapedia.bulbagarden.net/wiki/Drilbur_%28Black_Bolt_45%29,70,BASIC,FIGHTING,GRASS,1,1,,Mud-Slap(10/FIGHTING):  || Corkscrew Punch(30/FIGHTING+FIGHTING): ,,
527,Excadrill ex,POKEMON,Black Bolt,046,https://bulbapedia.bulbagarden.net/wiki/Excadrill_ex_%28Black_Bolt_46%29,270,STAGE1,FIGHTING,GRASS,3,2,,Piercing Drill(60/FIGHTING+FIGHTING): This attack also does 60 damage to 1 of your opponent’s Benched Pokémon that has any damage counters on it. (Don’t apply Weakness and Resistance for Benched Pokémon.) || Rock Tumble(200/FIGHTING+FIGHTING+FIGHTING): This attack’s damage isn’t affected by Resistance.,,
528,Timburr,POKEMON,,,https://bulbapedia.bulbagarden.net/wiki/Timburr_%28Gates_to_Infinity%29,70,BASIC,FIGHTING,PSYCHIC,2,1,,Low Kick(10/FIGHTING):  || Strength(50/FIGHTING+COLORLESS+COLORLESS): ,,
529,Gurdurr,POKEMON,,,https://bulbapedia.bulbagarden.net/wiki/Gurdurr_%28Gates_to_Infinity%29,100,STAGE1,FIGHTING,PSYCHIC,3,1,,Low Kick(30/FIGHTING):  || Hammer Arm(60/FIGHTING+COLORLESS+COLORLESS): Discard the top card of your opponent’s deck.,,
530,Conkeldurr,POKEMON,Black Bolt,049,https://bulbapedia.bulbagarden.net/wiki/Conkeldurr_%28Black_Bolt_49%29,140,STAGE2,FIGHTING,PSYCHIC,3,1, Craftsmanship: This Pokémon gets +40 HP for each {F} Energy attached to it.,Swing Around(100/FIGHTING+COLORLESS+COLORLESS+COLORLESS): Flip 2 coins. This attack does 50 more damage for each heads.,,
531,Throh,POKEMON,Black Bolt,050,https://bulbapedia.bulbagarden.net/wiki/Throh_%28Black_Bolt_50%29,130,BASIC,FIGHTING,PSYCHIC,2,1,,Shoulder Throw(120/FIGHTING+COLORLESS): This attack does 30 less damage for each {C} in your opponent’s Active Pokémon’s Retreat Cost.,,
532,Dwebble,POKEMON,Unified Minds,10,https://bulbapedia.bulbagarden.net/wiki/Dwebble_%28Unified_Minds_10%29,70,BASIC,FIGHTING,GRASS,2,1,,Flail(0/COLORLESS): This attack does 10 damage for each damage counter on this Pokémon. || Dig Claws(20/COLORLESS+COLORLESS): ,,
533,Crustle,POKEMON,Destined Rivals,012,https://bulbapedia.bulbagarden.net/wiki/Crustle_%28Destined_Rivals_12%29,150,STAGE1,FIGHTING,GRASS,3,1," Sturdy: If this Pokémon has full HP and would be Knocked Out by damage from an attack, it is not Knocked Out, and its remaining HP becomes 10.","Stone Edge(80/FIGHTING+COLORLESS+COLORLESS): Flip a coin. If heads, this attack does 60 more damage.",,
534,Landorus,POKEMON,Noble Victories,74,https://bulbapedia.bulbagarden.net/wiki/Landorus_%28Noble_Victories_74%29,130,BASIC,FIGHTING,GRASS,2,1,,Abundant Harvest(0/COLORLESS): Attach a Basic {F} Energy card from your discard pile to this Pokémon. || Earthquake(110/FIGHTING+COLORLESS+COLORLESS): This attack also does 10 damage to each of your Benched Pokémon. (Don’t apply Weakness and Resistance for Benched Pokémon.),,
535,Venipede,POKEMON,Twilight Masquerade,115,https://bulbapedia.bulbagarden.net/wiki/Venipede_%28Twilight_Masquerade_115%29,80,BASIC,DARKNESS,FIGHTING,3,1,,Poison Spray(0/COLORLESS): Your opponent’s Active Pokémon is now Poisoned.,,
536,Whirlipede,POKEMON,Twilight Masquerade,116,https://bulbapedia.bulbagarden.net/wiki/Whirlipede_%28Twilight_Masquerade_116%29,100,STAGE1,DARKNESS,FIGHTING,3,1,,"Venoshock(30/COLORLESS): If your opponent’s Active Pokémon is Poisoned, this attack does 60 more damage.",,
537,Scolipede,POKEMON,Black Bolt,056,https://bulbapedia.bulbagarden.net/wiki/Scolipede_%28Black_Bolt_56%29,160,STAGE2,DARKNESS,FIGHTING,3,1," Poison Point: If this Pokémon is in the Active Spot and is damaged by an attack from your opponent’s Pokémon (even if this Pokémon is Knocked Out), the Attacking Pokémon is now Poisoned.","Venoshock(90/DARKNESS+COLORLESS): If your opponent’s Active Pokémon is Poisoned, this attack does 90 more damage.",,
538,Sandile,POKEMON,Scarlet & Violet,115,https://bulbapedia.bulbagarden.net/wiki/Sandile_%28Scarlet_%26_Violet_115%29,70,BASIC,DARKNESS,GRASS,2,1,,Tighten Up(10/DARKNESS): Your opponent discards a card from their hand.,,
539,Krokorok,POKEMON,,,https://bulbapedia.bulbagarden.net/wiki/Krokorok_%28Super_Mystery_Dungeon%29,100,STAGE1,DARKNESS,GRASS,2,1,,Tighten Up(40/DARKNESS+COLORLESS): Your opponent discards 2 cards from their hand.,,
540,Krookodile,POKEMON,,,https://bulbapedia.bulbagarden.net/wiki/Krookodile_%28Super_Mystery_Dungeon%29,170,STAGE2,DARKNESS,GRASS,3,1,,"Tighten Up(60/DARKNESS+COLORLESS): Your opponent discards 2 cards from their hand. || Cursed Slug(120/DARKNESS+DARKNESS+COLORLESS): If your opponent has 3 or fewer cards in their hand, this attack does 120 more damage.",,
541,Vullaby,POKEMON,White Flare,063,https://bulbapedia.bulbagarden.net/wiki/Vullaby_%28White_Flare_63%29,70,BASIC,DARKNESS,LIGHTNING,1,1,,Playful Kick(10/COLORLESS): ,,
542,Mandibuzz,POKEMON,White Flare,064,https://bulbapedia.bulbagarden.net/wiki/Mandibuzz_%28White_Flare_64%29,110,STAGE1,DARKNESS,LIGHTNING,1,1," Look for Prey: Once during your turn, you may use this Ability. Your opponent reveals their hand, and you put a Basic Pokémon with 70 HP or less that you find there onto your opponent’s Bench.",Cutting Wind(90/COLORLESS+COLORLESS+COLORLESS): ,,
543,Escavalier,POKEMON,Black Bolt,060,https://bulbapedia.bulbagarden.net/wiki/Escavalier_%28Black_Bolt_60%29,130,STAGE1,METAL,FIRE,3,1,,Wild Lances(90/METAL): This Pokémon also does 30 damage to itself.,,
544,Pawniard,POKEMON,,,https://bulbapedia.bulbagarden.net/wiki/Pawniard_%28Gates_to_Infinity%29,60,BASIC,METAL,FIRE,1,1,,"Corner(10/METAL): During your opponent’s next turn, the Defending Pokémon can’t retreat.",,
545,Bisharp,POKEMON,Scarlet & Violet,133,https://bulbapedia.bulbagarden.net/wiki/Bisharp_%28Scarlet_%26_Violet_133%29,120,STAGE1,METAL,FIRE,2,1,,"Cut Up(40/METAL):  || Finishing Blow(60/METAL+COLORLESS): If your opponent’s Active Pokémon already has any damage counters on it, this attack does 60 more damage.",,
546,Cobalion,POKEMON,,,https://bulbapedia.bulbagarden.net/wiki/Cobalion_%28CoroCoro_Ichiban%21_February_2013%29,120,BASIC,METAL,FIRE,2,1,,"Righteous Edge(20/METAL): Discard a Special Energy from your opponent’s Active Pokémon. || Metal Arms(80/METAL+METAL+COLORLESS): If this Pokémon has a Pokémon Tool attached, this attack does 40 more damage.",,
547,Genesect ex,POKEMON,Black Bolt,067,https://bulbapedia.bulbagarden.net/wiki/Genesect_ex_%28Black_Bolt_67%29,220,BASIC,METAL,FIRE,2,2," Metallic Signal: Once during your turn, you may search your deck for up to 2 Evolution {M} Pokémon, reveal them, and put them into your hand. Then, shuffle your deck.","Protect Charge(150/METAL+METAL+COLORLESS): During your opponent’s next turn, this Pokémon takes 30 less damage from attacks (after applying Weakness and Resistance).",,"Genesect ex's ""Metallic Signal""  can not be used to search for   cards that are  (eg. ). Although they are classified as ""Mega Evolution Pokémon ex"", as they are Basic Pokémon they are not considered ""Evolution Pokémon""."
548,Axew,POKEMON,Black Bolt,068,https://bulbapedia.bulbagarden.net/wiki/Axew_%28Black_Bolt_68%29,70,BASIC,DRAGON,,2,1,,"Gather Strength(0/COLORLESS): Search your deck for up to 2 Basic Energy cards, reveal them, and put them into your hand. Then, shuffle your deck.",,
549,Fraxure,POKEMON,Shrouded Fable,045,https://bulbapedia.bulbagarden.net/wiki/Fraxure_%28Shrouded_Fable_45%29,100,STAGE1,DRAGON,,2,1,,"Bite(30/COLORLESS):  || Boundless Power(90/FIGHTING+METAL): During your next turn, this Pokémon can’t use attacks.",,
550,Haxorus,POKEMON,Shrouded Fable,046,https://bulbapedia.bulbagarden.net/wiki/Haxorus_%28Shrouded_Fable_46%29,170,STAGE2,DRAGON,,3,1,,"Cross-Cut(80/COLORLESS+COLORLESS): If your opponent’s Active Pokémon is an Evolution Pokémon, this attack does 80 more damage. || Axe Blast(0/FIGHTING+METAL+COLORLESS): If your opponent’s Active Pokémon is a Basic Pokémon, it is Knocked Out.",,"Haxorus's ""Bring Down the Axe"" attack will Knock Out an opponent's Active Pokémon with any  attached even if  is in play. Temple of Sinnoh only turns off the Energy's effect, but the Energy is still attached to the target Pokémon."
551,Pidove,POKEMON,Black Bolt,071,https://bulbapedia.bulbagarden.net/wiki/Pidove_%28Black_Bolt_71%29,60,BASIC,COLORLESS,LIGHTNING,1,1,,Scout(0/COLORLESS): Your opponent reveals their hand. || Stampede(10/COLORLESS): ,,
552,Tranquill,POKEMON,Black Bolt,072,https://bulbapedia.bulbagarden.net/wiki/Tranquill_%28Black_Bolt_72%29,80,STAGE1,COLORLESS,LIGHTNING,0,1,,"Fly(40/COLORLESS): Flip a coin. If tails, this attack does nothing. If heads, during your opponent’s next turn, prevent all damage from and effects of attacks done to this Pokémon.",,
553,Unfezant,POKEMON,Black Bolt,073,https://bulbapedia.bulbagarden.net/wiki/Unfezant_%28Black_Bolt_73%29,150,STAGE2,COLORLESS,LIGHTNING,0,1,,"Add On(0/COLORLESS): Draw 4 cards. || Swift Flight(120/COLORLESS+COLORLESS): Flip a coin. If heads, during your opponent’s next turn, prevent all damage from and effects of attacks done to this Pokémon.",,
554,Audino,POKEMON,,,https://bulbapedia.bulbagarden.net/wiki/Audino_%28Pok%C3%A9mon%29,100,BASIC,COLORLESS,FIGHTING,1,1,,Return(30/COLORLESS): You may draw cards until you have 6 cards in your hand.,,
555,Minccino,POKEMON,Temporal Forces,136,https://bulbapedia.bulbagarden.net/wiki/Minccino_%28Temporal_Forces_136%29,60,BASIC,COLORLESS,FIGHTING,1,1,,Tail Slap(0/COLORLESS): Flip 2 coins. This attack does 20 damage for each heads.,,
556,Cinccino,POKEMON,Sword & Shield,147,https://bulbapedia.bulbagarden.net/wiki/Cinccino_%28Sword_%26_Shield_147%29,100,STAGE1,COLORLESS,FIGHTING,1,1,,Do the Wave(20/COLORLESS): This attack does 20 more damage for each of your Benched Pokémon.,,
557,Sewaddle,POKEMON,Unified Minds,7,https://bulbapedia.bulbagarden.net/wiki/Sewaddle_%28Unified_Minds_7%29,50,BASIC,GRASS,FIRE,1,1,,Bug Bite(20/GRASS): ,,
558,Swadloon,POKEMON,Unified Minds,8,https://bulbapedia.bulbagarden.net/wiki/Swadloon_%28Unified_Minds_8%29,80,STAGE1,GRASS,FIRE,2,1," Healing Leaves: Once during your turn, you may heal 20 damage from your Active Pokémon.",Bug Buzz(40/GRASS+COLORLESS): ,,
559,Leavanny,POKEMON,Noble Victories,3,https://bulbapedia.bulbagarden.net/wiki/Leavanny_%28Noble_Victories_3%29,130,STAGE2,GRASS,FIRE,1,1,,"Healing Wrapping(0/COLORLESS): Heal 100 damage from each of your Basic Pokémon. || X-Scissor(90/GRASS+COLORLESS): Flip a coin. If heads, this attack does 40 more damage.",,
560,Cottonee,POKEMON,White Flare,004,https://bulbapedia.bulbagarden.net/wiki/Cottonee_%28White_Flare_4%29,60,BASIC,GRASS,FIRE,1,1,,Absorb(10/GRASS): Heal 10 damage from this Pokémon.,,
561,Whimsicott ex,POKEMON,White Flare,005,https://bulbapedia.bulbagarden.net/wiki/Whimsicott_ex_%28White_Flare_5%29,230,STAGE1,GRASS,FIRE,0,2,,"Energy Gift(0/GRASS): Search your deck for up to 3 Basic Energy cards and attach them to your Pokémon in any way you like. Then, shuffle your deck. || Wondrous Cotton(0/GRASS): Your opponent reveals their hand. This attack does 50 damage for each Trainer card you find there.",,
562,Deerling,POKEMON,Temporal Forces,016,https://bulbapedia.bulbagarden.net/wiki/Deerling_%28Temporal_Forces_16%29,70,BASIC,GRASS,FIRE,1,1,,Rear Kick(30/COLORLESS+COLORLESS): ,,
563,Sawsbuck,POKEMON,Temporal Forces,017,https://bulbapedia.bulbagarden.net/wiki/Sawsbuck_%28Temporal_Forces_17%29,130,STAGE1,GRASS,FIRE,2,1,,Push Down(50/COLORLESS+COLORLESS): Switch out your opponent’s Active Pokémon to the Bench. (Your opponent chooses the new Active Pokémon.) || Solar Beam(100/GRASS+COLORLESS+COLORLESS): ,,
564,Shelmet,POKEMON,Fusion Strike,013,https://bulbapedia.bulbagarden.net/wiki/Shelmet_%28Fusion_Strike_13%29,60,BASIC,GRASS,FIRE,3,1," Stimulated Evolution: If you have Karrablast in play, this Pokémon can evolve during your first turn or the turn you play it.",Headbutt Bounce(10/COLORLESS): ,,
565,Accelgor,POKEMON,,,https://bulbapedia.bulbagarden.net/wiki/Accelgor_%28Virizion_and_Accelgor_Cup%29,100,STAGE1,GRASS,FIRE,1,1,,"Acid Spray(50/GRASS): Flip a coin. If heads, discard an Energy from your opponent’s Active Pokémon.",,
566,Virizion,POKEMON,,,https://bulbapedia.bulbagarden.net/wiki/Virizion_%28Gates_to_Infinity%29,120,BASIC,GRASS,FIRE,1,1,,"Giga Drain(30/GRASS): Heal from this Pokémon the same amount of damage you did to your opponent’s Active Pokémon. || Emerald Blade(130/GRASS+GRASS+COLORLESS): During your next turn, this Pokémon can’t use attacks.",,
567,Tepig,POKEMON,BW Black Star Promos,3,https://bulbapedia.bulbagarden.net/wiki/Tepig_%28BW_Promo_2%29,70,BASIC,FIRE,WATER,1,1,,Tackle(10/FIRE):  || Rollout(30/FIRE+FIRE): ,,
568,Pignite,POKEMON,Black & White,17,https://bulbapedia.bulbagarden.net/wiki/Pignite_%28Black_%26_White_17%29,110,STAGE1,FIRE,WATER,3,1,,Combustion(30/FIRE):  || Heat Crash(80/FIRE+FIRE+COLORLESS): ,,
569,Emboar,POKEMON,Black & White,20,https://bulbapedia.bulbagarden.net/wiki/Emboar_%28Black_%26_White_20%29,180,STAGE2,FIRE,WATER,4,1," Inferno Fandango: As often as you like during your turn, you may attach a Basic {R} Energy card from your hand to 1 of your Pokémon.",Heat Crash(120/FIRE+FIRE+FIRE+COLORLESS): ,,
570,Pansear,POKEMON,Paradox Rift,020,https://bulbapedia.bulbagarden.net/wiki/Pansear_%28Paradox_Rift_20%29,70,BASIC,FIRE,WATER,1,1,,Collect(0/COLORLESS): Draw a card. || Scratch(30/COLORLESS+COLORLESS): ,,
571,Simisear,POKEMON,Burning Shadows,23,https://bulbapedia.bulbagarden.net/wiki/Simisear_%28Burning_Shadows_23%29,100,STAGE1,FIRE,WATER,1,1,,Gentle Slap(70/COLORLESS+COLORLESS): ,,
572,Heatmor,POKEMON,White Flare,019,https://bulbapedia.bulbagarden.net/wiki/Heatmor_%28White_Flare_19%29,120,BASIC,FIRE,WATER,2,1,,"Licking Catch(0/FIRE): Search your deck for up to 3 in any combination of {R} Pokémon and Basic {R} Energy cards, reveal them, and put them into your hand. Then, shuffle your deck. || Fire Claws(60/FIRE+FIRE): ",,
573,Reshiram ex,POKEMON,White Flare,020,https://bulbapedia.bulbagarden.net/wiki/Reshiram_ex_%28White_Flare_20%29,230,BASIC,FIRE,WATER,2,2,,Slash(50/COLORLESS+COLORLESS):  || Blazing Burst(130/FIRE+FIRE+COLORLESS): This attack does 50 more damage for each Prize card your opponent has taken. Discard an Energy from this Pokémon.,,
574,Oshawott,POKEMON,BW Black Star Promos,4,https://bulbapedia.bulbagarden.net/wiki/Oshawott_%28BW_Promo_3%29,70,BASIC,WATER,LIGHTNING,1,1,,Tackle(10/WATER):  || Water Gun(30/WATER+WATER): ,,
575,Dewott,POKEMON,Black & White,29,https://bulbapedia.bulbagarden.net/wiki/Dewott_%28Black_%26_White_29%29,100,STAGE1,WATER,LIGHTNING,1,1,,Energized Shell(0/WATER): This attack does 30 damage for each Energy attached to this Pokémon.,,
576,Samurott,POKEMON,White Flare,023,https://bulbapedia.bulbagarden.net/wiki/Samurott_%28White_Flare_23%29,160,STAGE2,WATER,LIGHTNING,2,1," Torrential Whirlpool: Once during your turn, you may switch your Active Pokémon with 1 of your Benched Pokémon. If you do, switch out your opponent’s Active Pokémon to the Bench. (Your opponent chooses the new Active Pokémon.)",Energized Slash(30/WATER): This attack does 50 more damage for each Energy attached to this Pokémon.,,
577,Basculin,POKEMON,Fusion Strike,070,https://bulbapedia.bulbagarden.net/wiki/Basculin_%28Fusion_Strike_70%29,90,BASIC,WATER,LIGHTNING,1,1,,"Bite(10/COLORLESS):  || Bared Fangs(50/WATER): If your opponent’s Active Pokémon has no damage counters on it before this attack does damage, this attack does nothing.",,
578,Ducklett,POKEMON,Darkness Ablaze,148,https://bulbapedia.bulbagarden.net/wiki/Ducklett_%28Darkness_Ablaze_148%29,70,BASIC,WATER,LIGHTNING,1,1,,Firefighting(0/COLORLESS): Discard a {R} Energy from your opponent’s Active Pokémon. || Wing Attack(20/COLORLESS+COLORLESS): ,,
579,Swanna,POKEMON,,,https://bulbapedia.bulbagarden.net/wiki/Swanna_%28Gates_to_Infinity%29,120,STAGE1,WATER,LIGHTNING,1,1,,Flap(30/COLORLESS):  || Air Slash(120/COLORLESS+COLORLESS+COLORLESS): Discard an Energy from this Pokémon.,,
580,Vanillite,POKEMON,Next Destinies,31,https://bulbapedia.bulbagarden.net/wiki/Vanillite_%28Next_Destinies_31%29,60,BASIC,WATER,METAL,1,1,,"Beat(10/COLORLESS):  || Ice Edge(20/WATER+COLORLESS): Flip a coin. If heads, this attack does 20 more damage.",,
581,Vanillish,POKEMON,Next Destinies,32,https://bulbapedia.bulbagarden.net/wiki/Vanillish_%28Next_Destinies_32%29,90,STAGE1,WATER,METAL,2,1,,"Ram(30/COLORLESS+COLORLESS):  || Ice Beam(50/WATER+COLORLESS+COLORLESS): Flip a coin. If heads, your opponent’s Active Pokémon is now Paralyzed.",,
582,Vanilluxe,POKEMON,White Flare,029,https://bulbapedia.bulbagarden.net/wiki/Vanilluxe_%28White_Flare_29%29,150,STAGE2,WATER,METAL,2,1,,"Ram(60/COLORLESS+COLORLESS):  || Double Freeze(0/WATER+COLORLESS+COLORLESS): Flip 2 coins. This attack does 90 damage for each heads. If either of them is heads, your opponent’s Active Pokémon is now Paralyzed.",,
583,Keldeo ex,POKEMON,White Flare,030,https://bulbapedia.bulbagarden.net/wiki/Keldeo_ex_%28White_Flare_30%29,210,BASIC,WATER,LIGHTNING,2,2,,"Gale Thrust(30/WATER+COLORLESS): If this Pokémon moved from your Bench to the Active Spot this turn, this attack does 90 more damage. || Sonic Edge(120/WATER+COLORLESS+COLORLESS): This attack’s damage isn’t affected by any effects on your opponent’s Active Pokémon.",,
584,Blitzle,POKEMON,Lost Thunder,81,https://bulbapedia.bulbagarden.net/wiki/Blitzle_%28Lost_Thunder_81%29,60,BASIC,LIGHTNING,FIGHTING,1,1,,Smash Kick(10/COLORLESS):  || Zap Kick(30/LIGHTNING+COLORLESS): ,,
585,Zebstrika,POKEMON,Lost Thunder,82,https://bulbapedia.bulbagarden.net/wiki/Zebstrika_%28Lost_Thunder_82%29,120,STAGE1,LIGHTNING,FIGHTING,1,1,,Smash Kick(30/COLORLESS):  || Electrobullet(100/LIGHTNING+LIGHTNING+COLORLESS): This attack also does 30 damage to 1 of your opponent’s Benched Pokémon. (Don’t apply Weakness and Resistance for Benched Pokémon.),,
586,Joltik,POKEMON,Stellar Crown,050,https://bulbapedia.bulbagarden.net/wiki/Joltik_%28Stellar_Crown_50%29,40,BASIC,LIGHTNING,FIGHTING,1,1,,"Surprise Attack(30/LIGHTNING): Flip a coin. If tails, this attack does nothing.",,
587,Galvantula,POKEMON,Shrouded Fable,002,https://bulbapedia.bulbagarden.net/wiki/Galvantula_%28Shrouded_Fable_2%29,90,STAGE1,LIGHTNING,FIGHTING,1,1,,Discharge(0/LIGHTNING): Discard all {L} Energy from this Pokémon. This attack does 50 damage for each card you discarded in this way.,,
588,Stunfisk,POKEMON,Unbroken Bonds,56,https://bulbapedia.bulbagarden.net/wiki/Stunfisk_%28Unbroken_Bonds_56%29,110,BASIC,LIGHTNING,FIGHTING,2,1,,"Muddy Bolt(20/COLORLESS): If this Pokémon has any {F} Energy attached, this attack does 20 more damage. || Flop(50/LIGHTNING+COLORLESS): ",,
589,Woobat,POKEMON,Emerging Powers,36,https://bulbapedia.bulbagarden.net/wiki/Woobat_%28Emerging_Powers_36%29,60,BASIC,PSYCHIC,LIGHTNING,1,1,,Heart Stamp(10/COLORLESS): ,,
590,Swoobat,POKEMON,White Flare,037,https://bulbapedia.bulbagarden.net/wiki/Swoobat_%28White_Flare_37%29,90,STAGE1,PSYCHIC,LIGHTNING,1,1,,Happy Return(0/COLORLESS): Put 1 of your Benched Pokémon and all attached cards into your hand. || Gust(50/COLORLESS+COLORLESS): ,,
591,Sigilyph,POKEMON,Dragons Exalted,52,https://bulbapedia.bulbagarden.net/wiki/Sigilyph_%28Dragons_Exalted_52%29,120,BASIC,PSYCHIC,LIGHTNING,1,1,,"Reflect(0/COLORLESS): During your opponent’s next turn, this Pokémon takes 40 less damage from attacks (after applying Weakness and Resistance). || Telekinesis(0/PSYCHIC+COLORLESS+COLORLESS): This attack does 70 damage to 1 of your opponent’s Pokémon. This attack’s damage isn’t affected by Weakness or Resistance.",,
592,Yamask,POKEMON,Paradox Rift,075,https://bulbapedia.bulbagarden.net/wiki/Yamask_%28Paradox_Rift_75%29,70,BASIC,PSYCHIC,DARKNESS,2,1,,"Focused Wish(20/PSYCHIC+COLORLESS): Flip a coin. If heads, this attack does 20 more damage.",,
593,Cofagrigus,POKEMON,White Flare,040,https://bulbapedia.bulbagarden.net/wiki/Cofagrigus_%28White_Flare_40%29,120,STAGE1,PSYCHIC,DARKNESS,2,1,,Extended Damagriiigus(0/PSYCHIC+COLORLESS): Move all damage counters from 1 of your Benched Pokémon to 1 of your opponent’s Pokémon. || Perplex(60/PSYCHIC+COLORLESS+COLORLESS): Your opponent’s Active Pokémon is now Confused.,,
594,Gothita,POKEMON,White Flare,041,https://bulbapedia.bulbagarden.net/wiki/Gothita_%28White_Flare_41%29,70,BASIC,PSYCHIC,DARKNESS,1,1,,Super Psy Bolt(20/PSYCHIC): ,,
595,Gothorita,POKEMON,White Flare,042,https://bulbapedia.bulbagarden.net/wiki/Gothorita_%28White_Flare_42%29,90,STAGE1,PSYCHIC,DARKNESS,1,1,,Fortunate Eye(0/PSYCHIC): Look at the top 5 cards of your opponent’s deck and put them back in any order. || Psyshot(40/PSYCHIC+COLORLESS): ,,
596,Gothitelle,POKEMON,White Flare,043,https://bulbapedia.bulbagarden.net/wiki/Gothitelle_%28White_Flare_43%29,150,STAGE2,PSYCHIC,DARKNESS,2,1," Distorted Future: Once during your turn, if this Pokémon is in the Active Spot, you may have your opponent shuffle their hand into their deck and draw 3 cards.","Synchro Shot(90/PSYCHIC+COLORLESS): If you have the same number of cards in your hand as your opponent, this attack does 90 more damage.",,
597,Frillish,POKEMON,White Flare,044,https://bulbapedia.bulbagarden.net/wiki/Frillish_%28White_Flare_44%29,80,BASIC,PSYCHIC,DARKNESS,3,1,,"Oceanic Gloom(20/PSYCHIC): During your opponent’s next turn, they can’t play any Item cards from their hand.",,
598,Jellicent ex,POKEMON,White Flare,045,https://bulbapedia.bulbagarden.net/wiki/Jellicent_ex_%28White_Flare_45%29,270,STAGE1,PSYCHIC,DARKNESS,3,2," Oceanic Curse: As long as this Pokémon is in the Active Spot, your opponent can’t play any Item cards or Pokémon Tool cards from their hand.","Power Press(80/PSYCHIC+COLORLESS): If this Pokémon has at least 2 extra Energy attached (in addition to this attack’s cost), this attack does 80 more damage.",,
599,Roggenrola,POKEMON,White Flare,046,https://bulbapedia.bulbagarden.net/wiki/Roggenrola_%28White_Flare_46%29,80,BASIC,FIGHTING,GRASS,2,1,,"Harden(0/FIGHTING): During your opponent’s next turn, prevent all damage done to this Pokémon by attacks if that damage is 40 or less. || Rolling Rocks(30/FIGHTING+FIGHTING): ",,
600,Boldore,POKEMON,White Flare,047,https://bulbapedia.bulbagarden.net/wiki/Boldore_%28White_Flare_47%29,110,STAGE1,FIGHTING,GRASS,3,1,,"Smack Down(30/FIGHTING): If your opponent’s Active Pokémon has {F} Resistance, this attack does 50 more damage. || Power Gem(90/FIGHTING+FIGHTING+FIGHTING): ",,
601,Gigalith,POKEMON,White Flare,048,https://bulbapedia.bulbagarden.net/wiki/Gigalith_%28White_Flare_48%29,170,STAGE2,FIGHTING,GRASS,3,1,,Vengeful Cannon(0/FIGHTING): This attack does 20 damage for each damage counter on all of your Benched {F} Pokémon. || Heavy Impact(160/FIGHTING+FIGHTING+FIGHTING): ,,
602,Sawk,POKEMON,White Flare,049,https://bulbapedia.bulbagarden.net/wiki/Sawk_%28White_Flare_49%29,110,BASIC,FIGHTING,PSYCHIC,1,1,,"Elbow Strike(30/FIGHTING):  || Rising Chop(90/FIGHTING): If your opponent’s Active Pokémon isn’t a Pokémon {ex}, this attack does nothing. This attack’s damage isn’t affected by Weakness or Resistance.",,
603,Archen,POKEMON,,,https://bulbapedia.bulbagarden.net/wiki/Archen_%28Super_Mystery_Dungeon%29,80,STAGE1,FIGHTING,GRASS,1,1,,Acrobatics(30/FIGHTING+COLORLESS): Flip 2 coins. This attack does 30 more damage for each heads.,,
604,Archeops,POKEMON,Silver Tempest,147,https://bulbapedia.bulbagarden.net/wiki/Archeops_%28Silver_Tempest_147%29,140,STAGE2,FIGHTING,GRASS,1,1," Ancient Wing: Once during your turn, if this Pokémon is in the Active Spot, you may devolve 1 of your opponent’s evolved Pokémon by putting the highest Stage Evolution card on it into your opponent’s hand.",Rock Throw(100/FIGHTING+COLORLESS): ,,
605,Mienfoo,POKEMON,White Flare,052,https://bulbapedia.bulbagarden.net/wiki/Mienfoo_%28White_Flare_52%29,60,BASIC,FIGHTING,PSYCHIC,1,1,,Kick(20/FIGHTING): ,,
606,Mienshao,POKEMON,White Flare,053,https://bulbapedia.bulbagarden.net/wiki/Mienshao_%28White_Flare_53%29,100,STAGE1,FIGHTING,PSYCHIC,1,1,,Low Sweep(40/FIGHTING):  || Smash Uppercut(80/FIGHTING+FIGHTING): This attack’s damage isn’t affected by Resistance.,,
607,Terrakion,POKEMON,,,https://bulbapedia.bulbagarden.net/wiki/Terrakion_%28Pok%C3%A9mon_Tretta_Fan_Book%29,140,BASIC,FIGHTING,GRASS,3,1,,"Retaliate(50/FIGHTING+COLORLESS): If any of your Pokémon were Knocked Out by damage from an attack during your opponent’s last turn, this attack does 80 more damage. || Land Crush(100/FIGHTING+FIGHTING+COLORLESS): ",,
608,Purrloin,POKEMON,White Flare,055,https://bulbapedia.bulbagarden.net/wiki/Purrloin_%28White_Flare_55%29,60,BASIC,DARKNESS,GRASS,1,1,,"Invite Evil(0/DARKNESS): Search your deck for up to 3 {D} Pokémon, reveal them, and put them into your hand. Then, shuffle your deck.",,
609,Liepard,POKEMON,Brilliant Stars,091,https://bulbapedia.bulbagarden.net/wiki/Liepard_%28Brilliant_Stars_91%29,110,STAGE1,DARKNESS,GRASS,1,1,,Knock Off(50/DARKNESS): Discard a random card from your opponent’s hand.,,
610,Scraggy,POKEMON,,,https://bulbapedia.bulbagarden.net/wiki/Scraggy_%28Gates_to_Infinity%29,70,BASIC,DARKNESS,GRASS,1,1,,Headbutt(10/DARKNESS):  || Invade(30/DARKNESS+DARKNESS): ,,
611,Scrafty,POKEMON,Champion's Path,042,https://bulbapedia.bulbagarden.net/wiki/Scrafty_%28Champion%27s_Path_42%29,120,STAGE1,DARKNESS,GRASS,2,1,,Ruffians Attack(0/DARKNESS+DARKNESS): Flip a coin for each {D} Pokémon you have in play. This attack does 60 damage for each heads.,,
612,Trubbish,POKEMON,Rebel Clash,117,https://bulbapedia.bulbagarden.net/wiki/Trubbish_%28Rebel_Clash_117%29,70,BASIC,DARKNESS,FIGHTING,2,1,,Drool(10/DARKNESS):  || Sludge Bomb(20/DARKNESS+COLORLESS): ,,
613,Garbodor,POKEMON,Dragons Exalted,54,https://bulbapedia.bulbagarden.net/wiki/Garbodor_%28Dragons_Exalted_54%29,140,STAGE1,DARKNESS,FIGHTING,3,1,,Suffocating Gas(40/DARKNESS):  || Gunk Shot(120/DARKNESS+DARKNESS+COLORLESS): Your opponent’s Active Pokémon is now Poisoned.,,
614,Zorua,POKEMON,Shining Legends,52,https://bulbapedia.bulbagarden.net/wiki/Zorua_%28Shining_Legends_52%29,70,BASIC,DARKNESS,GRASS,1,1,,Take Down(30/DARKNESS): This Pokémon also does 10 damage to itself.,,
615,Zoroark,POKEMON,,,https://bulbapedia.bulbagarden.net/wiki/Zoroark_%28Pok%C3%A9mon%29,120,STAGE1,DARKNESS,GRASS,1,1,,Mind Jack(0/DARKNESS): This attack does 30 damage for each of your opponent’s Benched Pokémon. || Foul Play(0/COLORLESS+COLORLESS+COLORLESS): Choose 1 of your opponent’s Active Pokémon’s attacks and use it as this attack.,,
616,Deino,POKEMON,White Flare,065,https://bulbapedia.bulbagarden.net/wiki/Deino_%28White_Flare_65%29,80,BASIC,DARKNESS,GRASS,2,1,,"Body Slam(20/COLORLESS+COLORLESS): Flip a coin. If heads, your opponent’s Active Pokémon is now Paralyzed. || Darkness Fang(50/DARKNESS+COLORLESS+COLORLESS): ",,
617,Zweilous,POKEMON,White Flare,066,https://bulbapedia.bulbagarden.net/wiki/Zweilous_%28White_Flare_66%29,110,STAGE1,DARKNESS,GRASS,3,1,,Double Hit(0/COLORLESS+COLORLESS): Flip 2 coins. This attack does 40 damage for each heads. || Pitch-Black Fangs(100/DARKNESS+DARKNESS+COLORLESS+COLORLESS): ,,
618,Hydreigon ex,POKEMON,Surging Sparks,119,https://bulbapedia.bulbagarden.net/wiki/Hydreigon_ex_%28Surging_Sparks_119%29,330,STAGE2,DARKNESS,GRASS,3,2," Greedy Eater: If your opponent’s Basic Pokémon is Knocked Out by damage from an attack used by this Pokémon, take 1 more Prize card.","Dark Bite(200/DARKNESS+DARKNESS+DARKNESS+COLORLESS+COLORLESS): During your opponent’s next turn, the Defending Pokémon can’t retreat.",,
619,Ferroseed,POKEMON,White Flare,068,https://bulbapedia.bulbagarden.net/wiki/Ferroseed_%28White_Flare_68%29,70,BASIC,METAL,FIRE,2,1,,Zzzt(10/METAL):  || Metal Claw(40/METAL+COLORLESS+COLORLESS): ,,
620,Ferrothorn,POKEMON,Paradox Rift,128,https://bulbapedia.bulbagarden.net/wiki/Ferrothorn_%28Paradox_Rift_128%29,140,STAGE1,METAL,FIRE,3,1,,Power Whip(0/METAL): This attack does 20 damage to 1 of your opponent’s Pokémon for each Energy attached to this Pokémon. (Don’t apply Weakness and Resistance for Benched Pokémon.) || Metal Claw(130/METAL+COLORLESS+COLORLESS+COLORLESS): ,,
621,Klink,POKEMON,Black Bolt,061,https://bulbapedia.bulbagarden.net/wiki/Klink_%28Black_Bolt_61%29,60,BASIC,METAL,FIRE,1,1,,"Hard Gears(10/METAL): During your opponent’s next turn, this Pokémon takes 10 less damage from attacks (after applying Weakness and Resistance).",,
622,Klang,POKEMON,Black Bolt,062,https://bulbapedia.bulbagarden.net/wiki/Klang_%28Black_Bolt_62%29,90,STAGE1,METAL,FIRE,2,1,,"Hard Gears(50/METAL+COLORLESS): During your opponent’s next turn, this Pokémon takes 20 less damage from attacks (after applying Weakness and Resistance).",,
623,Klinklang,POKEMON,Emerging Powers,76,https://bulbapedia.bulbagarden.net/wiki/Klinklang_%28Emerging_Powers_76%29,150,STAGE2,METAL,FIRE,3,1, Gear Coating: All of your Pokémon that have any {M} Energy attached take 20 less damage from attacks from your opponent’s Pokémon (after applying Weakness and Resistance).,Hammer In(120/METAL+COLORLESS+COLORLESS): ,,
624,Durant,POKEMON,White Flare,070,https://bulbapedia.bulbagarden.net/wiki/Durant_%28White_Flare_70%29,110,BASIC,METAL,FIRE,1,1,,"Bite Together(20/COLORLESS): If Durant is on your Bench, this attack does 20 more damage. || Vise Grip(50/METAL+COLORLESS): ",,
625,Druddigon,POKEMON,White Flare,071,https://bulbapedia.bulbagarden.net/wiki/Druddigon_%28White_Flare_71%29,120,BASIC,DRAGON,,2,1,,"Shred(40/COLORLESS): This attack’s damage isn’t affected by any effects on your opponent’s Active Pokémon. || Ambush(90/FIRE+WATER+COLORLESS): Flip a coin. If heads, this attack does 60 more damage.",,
626,Patrat,POKEMON,Black & White,77,https://bulbapedia.bulbagarden.net/wiki/Patrat_%28Black_%26_White_77%29,60,BASIC,COLORLESS,FIGHTING,1,1,,"Procurement(0/COLORLESS): Search your deck for an Item card, reveal it, and put it into your hand. Then, shuffle your deck. || Gnaw(10/COLORLESS): ",,
627,Watchog,POKEMON,Chaos Rising,071,https://bulbapedia.bulbagarden.net/wiki/Watchog_%28Chaos_Rising_71%29,90,STAGE1,COLORLESS,FIGHTING,1,1,,"Focus Energy(0/COLORLESS): During your next turn, this Pokémon’s Hyper Fang attack’s base damage is 240. || Hyper Fang(80/COLORLESS): Flip a coin. If tails, this attack does nothing.",,
628,Lillipup,POKEMON,Black & White,80,https://bulbapedia.bulbagarden.net/wiki/Lillipup_%28Black_%26_White_80%29,60,BASIC,COLORLESS,FIGHTING,1,1,,"Play Rough(10/COLORLESS): Flip a coin. If heads, this attack does 20 more damage.",,
629,Herdier,POKEMON,White Flare,075,https://bulbapedia.bulbagarden.net/wiki/Herdier_%28White_Flare_75%29,90,STAGE1,COLORLESS,FIGHTING,1,1,,Roar(0/COLORLESS): Switch out your opponent’s Active Pokémon to the Bench. (Your opponent chooses the new Active Pokémon.) || Lunge Out(70/COLORLESS+COLORLESS+COLORLESS): ,,
630,Stoutland,POKEMON,Cosmic Eclipse,176,https://bulbapedia.bulbagarden.net/wiki/Stoutland_%28Cosmic_Eclipse_176%29,160,STAGE2,COLORLESS,FIGHTING,3,1,,"Odor Sleuth(0/COLORLESS+COLORLESS): Flip 3 coins. Put a number of cards up to the number of heads from your discard pile into your hand. || Special Fang(100/COLORLESS+COLORLESS+COLORLESS+COLORLESS): If this Pokémon has any Special Energy attached, this attack does 100 more damage.",,
631,Bouffalant ex,POKEMON,White Flare,077,https://bulbapedia.bulbagarden.net/wiki/Bouffalant_ex_%28White_Flare_77%29,220,BASIC,COLORLESS,FIGHTING,2,2, Bouffer: This Pokémon takes 30 less damage from attacks (after applying Weakness and Resistance).,"Gold Breaker(100/COLORLESS+COLORLESS+COLORLESS): If your opponent’s Active Pokémon is a Pokémon {ex}, this attack does 100 more damage.",,
632,Rufflet,POKEMON,Black Bolt,077,https://bulbapedia.bulbagarden.net/wiki/Rufflet_%28Black_Bolt_77%29,70,BASIC,COLORLESS,LIGHTNING,1,1,,Peck(10/COLORLESS):  || Glide(20/COLORLESS+COLORLESS): ,,
633,Braviary,POKEMON,Black Bolt,078,https://bulbapedia.bulbagarden.net/wiki/Braviary_%28Black_Bolt_78%29,140,STAGE1,COLORLESS,LIGHTNING,1,1,,"Aerial Ace(40/COLORLESS): Flip a coin. If heads, this attack does 40 more damage. || Speed Wing(130/COLORLESS+COLORLESS+COLORLESS+COLORLESS): ",,
634,Tornadus,POKEMON,Emerging Powers,89,https://bulbapedia.bulbagarden.net/wiki/Tornadus_%28Emerging_Powers_89%29,120,BASIC,COLORLESS,LIGHTNING,1,1,,Wrapped in Wind(0/COLORLESS): Attach a Basic Energy card from your hand to this Pokémon. || Hurricane(100/COLORLESS+COLORLESS+COLORLESS): Move a Basic Energy from this Pokémon to 1 of your Benched Pokémon.,,
635,Steven's Baltoy,POKEMON,Destined Rivals,083,https://bulbapedia.bulbagarden.net/wiki/Steven%27s_Baltoy_%28Destined_Rivals_83%29,60,BASIC,PSYCHIC,DARKNESS,1,1,,"Summoning Sign(0/COLORLESS): Search your deck for up to 2 Basic Steven’s Pokémon and put them onto your Bench. Then, shuffle your deck. || Psychic Sphere(20/PSYCHIC): ",,
636,Steven's Claydol,POKEMON,Destined Rivals,084,https://bulbapedia.bulbagarden.net/wiki/Steven%27s_Claydol_%28Destined_Rivals_84%29,120,STAGE1,PSYCHIC,DARKNESS,2,1,,Eerie Light(20/PSYCHIC): Your opponent’s Active Pokémon is now Confused. || Clay Blast(220/PSYCHIC+PSYCHIC+COLORLESS): Discard all Energy from this Pokémon.,,
637,Steven's Carbink,POKEMON,Destined Rivals,086,https://bulbapedia.bulbagarden.net/wiki/Steven%27s_Carbink_%28Destined_Rivals_86%29,80,BASIC,PSYCHIC,METAL,2,1," Stone Palace: As long as this Pokémon is on your Bench, all of your Steven’s Pokémon take 30 less damage from attacks from your opponent’s Pokémon (after applying Weakness and Resistance). The effect of Stone Palace doesn’t stack.",Magical Shot(80/PSYCHIC+COLORLESS+COLORLESS): ,,
638,Steven's Skarmory,POKEMON,Destined Rivals,142,https://bulbapedia.bulbagarden.net/wiki/Steven%27s_Skarmory_%28Destined_Rivals_142%29,120,BASIC,METAL,LIGHTNING,1,1,,Razor Wing(30/COLORLESS+COLORLESS):  || Sonic Double(0/METAL+METAL+COLORLESS): This attack does 50 damage to 2 of your opponent’s Pokémon. (Don’t apply Weakness and Resistance for Benched Pokémon.),,
639,Steven's Beldum,POKEMON,Destined Rivals,143,https://bulbapedia.bulbagarden.net/wiki/Steven%27s_Beldum_%28Destined_Rivals_143%29,70,BASIC,METAL,FIRE,1,1,,Ram(30/METAL+COLORLESS): ,,
640,Steven's Metang,POKEMON,Destined Rivals,144,https://bulbapedia.bulbagarden.net/wiki/Steven%27s_Metang_%28Destined_Rivals_144%29,100,STAGE1,METAL,FIRE,2,1,,"Metal Slash(70/METAL+COLORLESS): During your next turn, this Pokémon can’t attack.",,
641,Steven's Metagross ex,POKEMON,Destined Rivals,145,https://bulbapedia.bulbagarden.net/wiki/Steven%27s_Metagross_ex_%28Destined_Rivals_145%29,340,STAGE2,METAL,FIRE,3,2," X-Boot: Once during your turn, you may search your deck for a Basic {P} Energy card, a Basic {M} Energy card, or 1 of each and attach them to your {P} Pokémon and {M} Pokémon in any way you like. Then, shuffle your deck.",Metal Stomp(200/METAL+COLORLESS+COLORLESS): ,,
642,Marnie's Purrloin,POKEMON,Destined Rivals,130,https://bulbapedia.bulbagarden.net/wiki/Marnie%27s_Purrloin_%28Destined_Rivals_130%29,60,BASIC,DARKNESS,GRASS,1,1,,"Pointy Nails(20/DARKNESS): If your opponent’s Active Pokémon is a Pokémon {ex}, this attack does 40 more damage.",,
643,Marnie's Liepard,POKEMON,Destined Rivals,131,https://bulbapedia.bulbagarden.net/wiki/Marnie%27s_Liepard_%28Destined_Rivals_131%29,100,STAGE1,DARKNESS,GRASS,1,1,,"Pointy Claws(70/DARKNESS+DARKNESS): If your opponent’s Active Pokémon is a Pokémon {ex}, this attack does 70 more damage.",,
644,Marnie's Scraggy,POKEMON,Destined Rivals,132,https://bulbapedia.bulbagarden.net/wiki/Marnie%27s_Scraggy_%28Destined_Rivals_132%29,70,BASIC,DARKNESS,GRASS,1,1,,Crunch(50/DARKNESS+DARKNESS+COLORLESS): Discard an Energy from your opponent’s Active Pokémon.,,
645,Marnie's Scrafty,POKEMON,Destined Rivals,133,https://bulbapedia.bulbagarden.net/wiki/Marnie%27s_Scrafty_%28Destined_Rivals_133%29,120,STAGE1,DARKNESS,GRASS,2,1,,Rear Kick(40/DARKNESS):  || Wild Tackle(160/DARKNESS+DARKNESS+COLORLESS): This Pokémon also does 30 damage to itself.,,
646,Marnie's Impidimp,POKEMON,Destined Rivals,134,https://bulbapedia.bulbagarden.net/wiki/Marnie%27s_Impidimp_%28Destined_Rivals_134%29,70,BASIC,DARKNESS,GRASS,1,1,,Filch(0/COLORLESS): Draw a card. || Corkscrew Punch(10/DARKNESS): ,,
647,Marnie's Morgrem,POKEMON,Destined Rivals,135,https://bulbapedia.bulbagarden.net/wiki/Marnie%27s_Morgrem_%28Destined_Rivals_135%29,100,STAGE1,DARKNESS,GRASS,1,1,,Corkscrew Punch(60/DARKNESS+DARKNESS): ,,
648,Marnie's Grimmsnarl ex,POKEMON,Destined Rivals,136,https://bulbapedia.bulbagarden.net/wiki/Marnie%27s_Grimmsnarl_ex_%28Destined_Rivals_136%29,320,STAGE2,DARKNESS,GRASS,2,2," Punk Up: When you play this Pokémon from your hand to evolve 1 of your Pokémon during your turn, you may search your deck for up to 5 Basic {D} Energy cards and attach them to your Marnie’s Pokémon in any way you like. Then, shuffle your deck.",Shadow Bullet(180/DARKNESS+DARKNESS): This attack also does 30 damage to 1 of your opponent’s Benched Pokémon. (Don’t apply Weakness and Resistance for Benched Pokémon.),,
649,Marnie's Morpeko,POKEMON,Destined Rivals,137,https://bulbapedia.bulbagarden.net/wiki/Marnie%27s_Morpeko_%28Destined_Rivals_137%29,70,BASIC,DARKNESS,GRASS,0,1,,Spiky Wheel(20/COLORLESS+COLORLESS+COLORLESS): This attack does 40 more damage for each {D} Energy attached to this Pokémon.,,
650,Bulbasaur,POKEMON,,,https://bulbapedia.bulbagarden.net/wiki/Bulbasaur_%28Pok%C3%A9mon%29,80,BASIC,GRASS,FIRE,2,1,,"Bind Down(10/GRASS): During your opponent’s next turn, the Defending Pokémon can’t retreat.",,
651,Ivysaur,POKEMON,Base Set,30,https://bulbapedia.bulbagarden.net/wiki/Ivysaur_%28Base_Set_30%29,110,STAGE1,GRASS,FIRE,3,1,,Razor Leaf(60/GRASS+GRASS): ,,
652,Mega Venusaur ex,POKEMON,Mega Evolution,003,https://bulbapedia.bulbagarden.net/wiki/Mega_Venusaur_ex_%28Mega_Evolution_3%29,380,STAGE2,GRASS,FIRE,4,3," Solar Transfer: As often as you like during your turn, you may use this Ability. Move a Basic {G} Energy from 1 of your Pokémon to another of your Pokémon.",Jungle Dump(240/GRASS+GRASS+GRASS+GRASS): Heal 30 damage from this Pokémon.,,
653,Exeggcute,POKEMON,Jungle,52,https://bulbapedia.bulbagarden.net/wiki/Exeggcute_%28Jungle_52%29,60,BASIC,GRASS,FIRE,1,1,,"Jam-Packed(0/COLORLESS): Search your deck for a Basic {G} Energy card and attach it to this Pokémon. Then, shuffle your deck.",,
654,Exeggutor,POKEMON,Jungle,35,https://bulbapedia.bulbagarden.net/wiki/Exeggutor_%28Jungle_35%29,140,STAGE1,GRASS,FIRE,2,1,,"Guard Press(30/GRASS): During your opponent’s next turn, this Pokémon takes 30 less damage from attacks (after applying Weakness and Resistance). || Stomping Wood(60/COLORLESS+COLORLESS+COLORLESS): This attack does 30 more damage for each {G} Energy attached to this Pokémon.",,
655,Celebi,POKEMON,,,https://bulbapedia.bulbagarden.net/wiki/Celebi_%28Pok%C3%A9mon%29,80,BASIC,GRASS,FIRE,1,1,,"Traverse Time(0/GRASS): Search your deck for up to 3 in any combination of {G} Pokémon and Stadium cards, reveal them, and put them into your hand. Then, shuffle your deck. || Solar Cutter(30/GRASS): ",,
656,Seedot,POKEMON,Temporal Forces,003,https://bulbapedia.bulbagarden.net/wiki/Seedot_%28Temporal_Forces_3%29,60,BASIC,GRASS,FIRE,1,1,,Nap(0/COLORLESS): Heal 20 damage from this Pokémon. || Seed Bomb(20/GRASS+COLORLESS): ,,
657,Nuzleaf,POKEMON,,,https://bulbapedia.bulbagarden.net/wiki/Nuzleaf_%28Super_Mystery_Dungeon%29,100,STAGE1,GRASS,FIRE,2,1,,Pound(30/GRASS):  || Low Kick(50/GRASS+COLORLESS): ,,
658,Shiftry,POKEMON,,,https://bulbapedia.bulbagarden.net/wiki/Shiftry_%28Red_and_Blue_Rescue_Team%29,160,STAGE2,GRASS,FIRE,2,1,,"Reversing Gust(0/GRASS): Flip a coin. If heads, choose 1 of your opponent’s Pokémon. Shuffle that Pokémon and all attached cards into their deck. || Perplex(100/GRASS+COLORLESS): Your opponent’s Active Pokémon is now Confused.",,
659,Vulpix,POKEMON,Base Set,68,https://bulbapedia.bulbagarden.net/wiki/Vulpix_%28Base_Set_68%29,70,BASIC,FIRE,WATER,1,1,,Stampede(10/COLORLESS):  || Combustion(20/FIRE+COLORLESS): ,,
660,Ninetales,POKEMON,Base Set,12,https://bulbapedia.bulbagarden.net/wiki/Ninetales_%28Base_Set_12%29,120,STAGE1,FIRE,WATER,1,1,,"Supernatural Shapeshifter(0/COLORLESS): Discard the top card of your deck, and if that card is a Supporter card, use the effect of that card as the effect of this attack. || Combustion(60/FIRE+COLORLESS): ",,
661,Numel,POKEMON,Paldean Fates,011,https://bulbapedia.bulbagarden.net/wiki/Numel_%28Paldean_Fates_11%29,80,BASIC,FIRE,WATER,2,1,,"Call for Family(0/FIRE): Search your deck for up to 2 Basic Pokémon and put them onto your Bench. Then, shuffle your deck. || Flare(30/FIRE+COLORLESS+COLORLESS): ",,
662,Mega Camerupt ex,POKEMON,Mega Evolution,022,https://bulbapedia.bulbagarden.net/wiki/Mega_Camerupt_ex_%28Mega_Evolution_22%29,340,STAGE1,FIRE,WATER,4,3,,"Roasting Heat(80/FIRE): If your opponent’s Active Pokémon is Burned, this attack does 160 more damage. || Volcanic Meteor(280/FIRE+COLORLESS+COLORLESS+COLORLESS): Discard 2 Energy from this Pokémon.",,
663,Volcanion,POKEMON,Unbroken Bonds,25,https://bulbapedia.bulbagarden.net/wiki/Volcanion_%28Unbroken_Bonds_25%29,130,BASIC,FIRE,WATER,2,1,,Singe(0/FIRE): Your opponent’s Active Pokémon is now Burned. || Backfire(130/FIRE+FIRE+COLORLESS): Put 2 {R} Energy attached to this Pokémon into your hand.,,
664,Scorbunny,POKEMON,Stellar Crown,026,https://bulbapedia.bulbagarden.net/wiki/Scorbunny_%28Stellar_Crown_26%29,70,BASIC,FIRE,WATER,1,1,,"Wild Kick(30/COLORLESS): Flip a coin. If tails, this attack does nothing.",,
665,Raboot,POKEMON,Stellar Crown,027,https://bulbapedia.bulbagarden.net/wiki/Raboot_%28Stellar_Crown_27%29,100,STAGE1,FIRE,WATER,1,1,,Jumping Kick(0/COLORLESS): This attack does 40 damage to 1 of your opponent’s Pokémon. (Don’t apply Weakness and Resistance for Benched Pokémon.),,
666,Cinderace,POKEMON,Chilling Reign,028,https://bulbapedia.bulbagarden.net/wiki/Cinderace_%28Chilling_Reign_28%29,160,STAGE2,FIRE,WATER,0,1," Explosiveness: If this Pokémon is in your hand when you are setting up to play, you may put it face down in the Active Spot.","Turbo Flare(50/COLORLESS): Search your deck for up to 3 Basic Energy cards and attach them to your Benched Pokémon in any way you like. Then, shuffle your deck.",,
667,Corphish,POKEMON,Brilliant Stars,032,https://bulbapedia.bulbagarden.net/wiki/Corphish_%28Brilliant_Stars_32%29,80,BASIC,WATER,LIGHTNING,2,1,,Vise Grip(10/COLORLESS):  || Take Down(30/COLORLESS+COLORLESS): This Pokémon also does 10 damage to itself.,,
668,Gimmighoul,POKEMON,Paradox Rift,088,https://bulbapedia.bulbagarden.net/wiki/Gimmighoul_%28Paradox_Rift_88%29,70,BASIC,PSYCHIC,DARKNESS,2,1,,Slap(10/COLORLESS): ,,
669,Sandshrew,POKEMON,Base Set,62,https://bulbapedia.bulbagarden.net/wiki/Sandshrew_%28Base_Set_62%29,70,BASIC,FIGHTING,GRASS,1,1,,Dig Claws(10/COLORLESS):  || Mud-Slap(20/FIGHTING+COLORLESS): ,,
670,Sandslash,POKEMON,Fossil,41,https://bulbapedia.bulbagarden.net/wiki/Sandslash_%28Fossil_41%29,120,STAGE1,FIGHTING,GRASS,1,1,,"Sand Attack(50/COLORLESS+COLORLESS): During your opponent’s next turn, if the Defending Pokémon tries to use an attack, your opponent flips a coin. If tails, that attack doesn’t happen. || Mud Shot(100/FIGHTING+COLORLESS+COLORLESS): ",,
671,Onix,POKEMON,,,https://bulbapedia.bulbagarden.net/wiki/Onix_%28Pok%C3%A9mon%29,120,BASIC,FIGHTING,GRASS,4,1,,"Bind(30/COLORLESS+COLORLESS): Flip a coin. If heads, your opponent’s Active Pokémon is now Paralyzed. || Strength(100/COLORLESS+COLORLESS+COLORLESS+COLORLESS): ",,
672,Tyrogue,POKEMON,Unbroken Bonds,100,https://bulbapedia.bulbagarden.net/wiki/Tyrogue_%28Unbroken_Bonds_100%29,30,BASIC,FIGHTING,PSYCHIC,0,1,,Pow-Pow Punching(10/): Flip a coin until you get tails. This attack does 30 more damage for each heads.,,
673,Makuhita,POKEMON,EX Ruby & Sapphire,56,https://bulbapedia.bulbagarden.net/wiki/Makuhita_%28EX_Ruby_%26_Sapphire_56%29,80,BASIC,FIGHTING,PSYCHIC,2,1,,Corkscrew Punch(10/FIGHTING):  || Confront(30/FIGHTING+FIGHTING): ,,
674,Hariyama,POKEMON,Fusion Strike,143,https://bulbapedia.bulbagarden.net/wiki/Hariyama_%28Fusion_Strike_143%29,150,STAGE1,FIGHTING,PSYCHIC,3,1," Heave-Ho Catcher: Once during your turn, when you play this Pokémon from your hand to evolve 1 of your Pokémon, you may use this Ability. Switch in 1 of your opponent’s Benched Pokémon to the Active Spot.",Wild Press(210/FIGHTING+FIGHTING+FIGHTING): This Pokémon also does 70 damage to itself.,,
675,Lunatone,POKEMON,Mega Evolution,074,https://bulbapedia.bulbagarden.net/wiki/Lunatone_%28Mega_Evolution_74%29,110,BASIC,FIGHTING,GRASS,1,1," Lunar Cycle: Once during your turn, if you have Solrock in play, you may discard a Basic {F} Energy card from your hand in order to use this Ability. Draw 3 cards. You can’t use more than 1 Lunar Cycle Ability each turn.",Power Gem(50/FIGHTING+FIGHTING): ,,
676,Solrock,POKEMON,Burning Shadows,69,https://bulbapedia.bulbagarden.net/wiki/Solrock_%28Burning_Shadows_69%29,110,BASIC,FIGHTING,GRASS,1,1,,"Cosmic Beam(70/FIGHTING): If you don’t have Lunatone on your Bench, this attack does nothing. This attack’s damage isn’t affected by Weakness or Resistance.",,
677,Riolu,POKEMON,Brilliant Stars,078,https://bulbapedia.bulbagarden.net/wiki/Riolu_%28Brilliant_Stars_78%29,80,BASIC,FIGHTING,PSYCHIC,2,1,,"Accelerating Stab(30/FIGHTING): During your next turn, this Pokémon can’t use Accelerating Stab.",,
678,Mega Lucario ex,POKEMON,Mega Evolution,077,https://bulbapedia.bulbagarden.net/wiki/Mega_Lucario_ex_%28Mega_Evolution_77%29,340,STAGE1,FIGHTING,PSYCHIC,2,3,,"Aura Jab(130/FIGHTING): Attach up to 3 Basic {F} Energy cards from your discard pile to your Benched Pokémon in any way you like. || Mega Brave(270/FIGHTING+FIGHTING): During your next turn, this Pokémon can’t use Mega Brave.",,
679,Croagunk,POKEMON,POP Series 9,7,https://bulbapedia.bulbagarden.net/wiki/Croagunk_%28POP_Series_9_7%29,70,BASIC,FIGHTING,PSYCHIC,1,1,,Smack(20/FIGHTING): ,,
680,Toxicroak,POKEMON,Shrouded Fable,024,https://bulbapedia.bulbagarden.net/wiki/Toxicroak_%28Shrouded_Fable_24%29,130,STAGE1,FIGHTING,PSYCHIC,1,1,,Reckless Charge(70/FIGHTING): This Pokémon also does 20 damage to itself.,,
681,Marshadow,POKEMON,Shining Legends,45,https://bulbapedia.bulbagarden.net/wiki/Marshadow_%28Shining_Legends_45%29,90,BASIC,FIGHTING,PSYCHIC,1,1,,"Shadowy Side Kick(60/FIGHTING+FIGHTING): If your opponent’s Pokémon is Knocked Out by damage from this attack, during your opponent’s next turn, prevent all damage from and effects of attacks done to this Pokémon.",,"This card has been banned from all sanctioned Pokémon TCG tournaments using the  since October 4, 2019 in Japan and November 15, 2019 internationally as it was [https://www.pokemon.com/us/sun-moon-cosmic-eclipse-banned-list-and-rule-changes-announcement/ ruled] to create an unbalanced playing environment. The specific concerns were: ; *To protect the hand size of the opponent on the first and second turns of the game due to its . ; *A specific combo in Japanese tournaments used Marshadow's Ability to dwindle the opponent's hand up to no cards on the first turn. ; It was also later [https://asia.pokemon-card.com/tw/rules/regulation/ banned] in Hong Kong and Taiwan from June 19, 2020, and in the  from September 1, 2024."
682,Stonjourner,POKEMON,Rebel Clash,111,https://bulbapedia.bulbagarden.net/wiki/Stonjourner_%28Rebel_Clash_111%29,130,BASIC,FIGHTING,GRASS,2,1,,"Stony Kick(20/FIGHTING): This attack also does 20 damage to 1 of your opponent’s Benched Pokémon. (Don’t apply Weakness and Resistance for Benched Pokémon.) || Boundless Power(140/FIGHTING+FIGHTING+COLORLESS): During your next turn, this Pokémon can’t use attacks.",,
683,Nacli,POKEMON,Paldea Evolved,121,https://bulbapedia.bulbagarden.net/wiki/Nacli_%28Paldea_Evolved_121%29,70,BASIC,FIGHTING,GRASS,2,1,,Ram(10/COLORLESS): ,,
684,Naclstack,POKEMON,Paldea Evolved,122,https://bulbapedia.bulbagarden.net/wiki/Naclstack_%28Paldea_Evolved_122%29,110,STAGE1,FIGHTING,GRASS,3,1,,Rock Hurl(50/FIGHTING+COLORLESS): This attack’s damage isn’t affected by Resistance.,,
685,Garganacl,POKEMON,Paldea Evolved,123,https://bulbapedia.bulbagarden.net/wiki/Garganacl_%28Paldea_Evolved_123%29,180,STAGE2,FIGHTING,GRASS,4,1, Powerful a-Salt: Attacks used by your {F} Pokémon do 30 more damage to your opponent’s Active Pokémon (before applying Weakness and Resistance).,Hammer In(130/FIGHTING+FIGHTING+COLORLESS): ,,
686,Crawdaunt,POKEMON,Twilight Masquerade,048,https://bulbapedia.bulbagarden.net/wiki/Crawdaunt_%28Twilight_Masquerade_48%29,130,STAGE1,DARKNESS,GRASS,3,1,,"Vise Grip(30/COLORLESS):  || Cutting Riposte(130/DARKNESS+DARKNESS+COLORLESS): If this Pokémon has any damage counters on it, this attack can be used for {D}.",,
687,Mega Absol ex,POKEMON,,,https://bulbapedia.bulbagarden.net/wiki/Mega_Absol_ex_%28Mega_Rising_151%29,280,BASIC,DARKNESS,GRASS,2,3,,"Terminal Period(0/DARKNESS+COLORLESS): If your opponent’s Active Pokémon has exactly 6 damage counters on it, that Pokémon is Knocked Out. || Claw of Darkness(200/DARKNESS+DARKNESS+COLORLESS): Your opponent reveals their hand, and you discard a card you find there.",,
688,Spiritomb,POKEMON,Paldea Evolved,089,https://bulbapedia.bulbagarden.net/wiki/Spiritomb_%28Paldea_Evolved_89%29,80,BASIC,DARKNESS,GRASS,1,1," Spiteful Swirl: If your Active {D} Pokémon is damaged by an attack from your opponent’s Pokémon (even if your Active {D} Pokémon is Knocked Out), place 1 damage counter on the Attacking Pokémon.",Mountain Breaker(10/DARKNESS): Discard the top card of your opponent’s deck.,,
689,Yveltal,POKEMON,,,https://bulbapedia.bulbagarden.net/wiki/Yveltal_%28Super_Mystery_Dungeon%29,110,BASIC,DARKNESS,LIGHTNING,0,1,,"Clutch(20/DARKNESS): During your opponent’s next turn, the Defending Pokémon can’t retreat. || Dark Feather(110/DARKNESS+DARKNESS+COLORLESS): ",,
690,Nickit,POKEMON,Sword & Shield,125,https://bulbapedia.bulbagarden.net/wiki/Nickit_%28Sword_%26_Shield_125%29,70,BASIC,DARKNESS,GRASS,1,1,,Darkness Fang(20/DARKNESS): ,,
691,Thievul,POKEMON,Sword & Shield,126,https://bulbapedia.bulbagarden.net/wiki/Thievul_%28Sword_%26_Shield_126%29,120,STAGE1,DARKNESS,GRASS,1,1,,Greedy Hunt(20/COLORLESS): You may draw cards until you have 6 cards in your hand. || Pitch-Black Fangs(60/DARKNESS+COLORLESS): ,,
692,Shroodle,POKEMON,Paldea Evolved,144,https://bulbapedia.bulbagarden.net/wiki/Shroodle_%28Paldea_Evolved_144%29,60,BASIC,DARKNESS,FIGHTING,1,1,,Poison Jab(20/DARKNESS+COLORLESS): Your opponent’s Active Pokémon is now Poisoned.,,
693,Grafaiai,POKEMON,Paldea Evolved,146,https://bulbapedia.bulbagarden.net/wiki/Grafaiai_%28Paldea_Evolved_146%29,100,STAGE1,DARKNESS,FIGHTING,1,1,,"Miraculous Paint(90/DARKNESS+COLORLESS): Flip a coin. If heads, choose a Special Condition. Your opponent’s Active Pokémon is now affected by that Special Condition.",,
694,Steelix,POKEMON,,,https://bulbapedia.bulbagarden.net/wiki/Steelix_%28Pok%C3%A9mon%29,200,STAGE1,METAL,FIRE,4,1,,"Welcoming Tail(40/COLORLESS+COLORLESS): If you have exactly 6 Prize cards remaining, this attack does 200 more damage. || Skull Bash(140/METAL+METAL+COLORLESS+COLORLESS): ",,
695,Mega Mawile ex,POKEMON,Mega Evolution,094,https://bulbapedia.bulbagarden.net/wiki/Mega_Mawile_ex_%28Mega_Evolution_94%29,270,BASIC,METAL,FIRE,2,3,,"Gobble Down(0/METAL+METAL): This attack does 80 damage for each Prize card you have taken. || Huge Bite(260/METAL+METAL+COLORLESS): If your opponent’s Active Pokémon already has any damage counters on it, this attack’s base damage is 30.",,
696,Dialga,POKEMON,,,https://bulbapedia.bulbagarden.net/wiki/Dialga_%28Pok%C3%A9mon%29,140,BASIC,METAL,FIRE,2,1,,Beam(30/METAL):  || Chrono Burst(80/METAL+METAL+COLORLESS): You may shuffle all Energy attached to this Pokémon into your deck and have this attack do 80 more damage.,,
697,Tinkatink,POKEMON,Paldea Evolved,101,https://bulbapedia.bulbagarden.net/wiki/Tinkatink_%28Paldea_Evolved_101%29,70,BASIC,METAL,FIRE,1,1,,Beat(20/METAL): ,,
698,Tinkatuff,POKEMON,Paldea Evolved,104,https://bulbapedia.bulbagarden.net/wiki/Tinkatuff_%28Paldea_Evolved_104%29,90,STAGE1,METAL,FIRE,2,1," Haphazard Hammer: Once during your turn, when you play this Pokémon from your hand to evolve 1 of your Pokémon, you may use this Ability. Flip a coin. If heads, discard an Energy from your opponent’s Active Pokémon.",Light Punch(30/METAL): ,,
699,Tinkaton,POKEMON,Paldea Evolved,105,https://bulbapedia.bulbagarden.net/wiki/Tinkaton_%28Paldea_Evolved_105%29,160,STAGE2,METAL,FIRE,2,1,,Windup Swing(240/METAL): This attack does 60 less damage for each Energy attached to your opponent’s Active Pokémon.,,
700,Gholdengo,POKEMON,Surging Sparks,131,https://bulbapedia.bulbagarden.net/wiki/Gholdengo_%28Surging_Sparks_131%29,130,STAGE1,METAL,FIRE,2,1,,"All-You-Can-Grab(0/COLORLESS): Flip a coin until you get tails. Search your deck for a number of cards up to the number of heads and put them into your hand. Then, shuffle your deck. || Speed Attack(100/METAL+COLORLESS+COLORLESS): ",,
701,Spearow,POKEMON,Jungle,62,https://bulbapedia.bulbagarden.net/wiki/Spearow_%28Jungle_62%29,60,BASIC,COLORLESS,LIGHTNING,1,1,,"Pluck(10/COLORLESS): Before doing damage, discard all Pokémon Tools from your opponent’s Active Pokémon.",,
702,Fearow,POKEMON,Jungle,36,https://bulbapedia.bulbagarden.net/wiki/Fearow_%28Jungle_36%29,100,STAGE1,COLORLESS,LIGHTNING,1,1,,Repeating Drill(0/COLORLESS): Flip 5 coins. This attack does 30 damage for each heads.,,
703,Miltank,POKEMON,Flashfire,83,https://bulbapedia.bulbagarden.net/wiki/Miltank_%28Flashfire_83%29,120,BASIC,COLORLESS,FIGHTING,2,1,,"Bellyful of Milk(0/COLORLESS+COLORLESS): Flip 2 coins. If both of them are heads, heal all damage from 1 of your Pokémon. || Tackle(60/COLORLESS+COLORLESS+COLORLESS): ",,
704,Yungoos,POKEMON,Sun & Moon,109,https://bulbapedia.bulbagarden.net/wiki/Yungoos_%28Sun_%26_Moon_109%29,70,BASIC,COLORLESS,FIGHTING,1,1,,Collect(0/COLORLESS): Draw a card. || Gnaw(20/COLORLESS+COLORLESS): ,,
705,Gumshoos,POKEMON,Ultra Prism,113,https://bulbapedia.bulbagarden.net/wiki/Gumshoos_%28Ultra_Prism_113%29,100,STAGE1,COLORLESS,FIGHTING,1,1," Evidence Gathering: Once during your turn, you may use this Ability. Switch a card from your hand with the top card of your deck.",Bite(50/COLORLESS+COLORLESS): ,,
706,Tangela,POKEMON,Base Set,66,https://bulbapedia.bulbagarden.net/wiki/Tangela_%28Base_Set_66%29,80,BASIC,GRASS,FIRE,2,1,,Poison Powder(0/GRASS): Your opponent’s Active Pokémon is now Poisoned. || Hook(30/GRASS+COLORLESS+COLORLESS): ,,
707,Tangrowth,POKEMON,Twilight Masquerade,002,https://bulbapedia.bulbagarden.net/wiki/Tangrowth_%28Twilight_Masquerade_2%29,150,STAGE1,GRASS,FIRE,4,1,,"Absorb(30/GRASS+COLORLESS): Heal 30 damage from this Pokémon. || Pumped-Up Whip(120/GRASS+GRASS+COLORLESS+COLORLESS): If this Pokémon has at least 2 extra Energy attached (in addition to this attack’s cost), this attack does 140 more damage.",,
708,Chikorita,POKEMON,,,https://bulbapedia.bulbagarden.net/wiki/Chikorita_%28Pok%C3%A9mon%29,70,BASIC,GRASS,FIRE,1,1,,Razor Leaf(20/GRASS): ,,
709,Bayleef,POKEMON,Ascended Heroes,009,https://bulbapedia.bulbagarden.net/wiki/Bayleef_%28Ascended_Heroes_9%29,110,STAGE1,GRASS,FIRE,2,1,,Push Down(50/GRASS+COLORLESS): Switch out your opponent’s Active Pokémon to the Bench. (Your opponent chooses the new Active Pokémon.),,
710,Meganium,POKEMON,,,https://bulbapedia.bulbagarden.net/wiki/Meganium_%28Pok%C3%A9mon%29,160,STAGE2,GRASS,FIRE,2,1, Wild Growth: Each Basic {G} Energy attached to all of your Pokémon provides {G}{G} Energy. The effect of Wild Growth doesn’t stack.,Solar Beam(140/GRASS+GRASS+COLORLESS+COLORLESS): ,,
711,Shuckle,POKEMON,Mega Evolution,011,https://bulbapedia.bulbagarden.net/wiki/Shuckle_%28Mega_Evolution_11%29,80,BASIC,GRASS,FIRE,1,1," Fermented Juice: Once during your turn, if this Pokémon has any {G} Energy attached, you may use this Ability. Heal 30 damage from 1 of your Pokémon.",Rollout(30/GRASS+COLORLESS): ,,
712,Nincada,POKEMON,Roaring Skies,9,https://bulbapedia.bulbagarden.net/wiki/Nincada_%28Roaring_Skies_9%29,50,BASIC,GRASS,FIRE,1,1,,Scratch(20/COLORLESS): ,,
713,Ninjask,POKEMON,Mega Evolution,017,https://bulbapedia.bulbagarden.net/wiki/Ninjask_%28Mega_Evolution_17%29,80,STAGE1,GRASS,FIRE,0,1," Cast-Off Shell: Once during your turn, when you play this Pokémon from your hand to evolve 1 of your Pokémon, you may use this Ability. Search your deck for a Shedinja and put it onto your Bench. Then, shuffle your deck.",U-turn(90/GRASS+COLORLESS): Switch this Pokémon with 1 of your Benched Pokémon.,,
714,Dhelmise,POKEMON,Guardians Rising,59,https://bulbapedia.bulbagarden.net/wiki/Dhelmise_%28Guardians_Rising_59%29,120,BASIC,GRASS,FIRE,2,1,,"Earthen Power(30/GRASS+COLORLESS): If you have a Stadium in play, this attack does 50 more damage.",,
715,Litleo,POKEMON,Evolving Skies,022,https://bulbapedia.bulbagarden.net/wiki/Litleo_%28Evolving_Skies_22%29,70,BASIC,FIRE,WATER,2,1,,Flare(30/FIRE+COLORLESS): ,,
716,Pyroar,POKEMON,Paldea Evolved,032,https://bulbapedia.bulbagarden.net/wiki/Pyroar_%28Paldea_Evolved_32%29,130,STAGE1,FIRE,WATER,2,1," Intimidating Fang: As long as this Pokémon is in the Active Spot, attacks used by your opponent’s Active Pokémon do 30 less damage (before applying Weakness and Resistance).",Searing Flame(70/FIRE+COLORLESS+COLORLESS): Your opponent’s Active Pokémon is now Burned.,,
717,Sizzlipede,POKEMON,Sword & Shield,037,https://bulbapedia.bulbagarden.net/wiki/Sizzlipede_%28Sword_%26_Shield_37%29,80,BASIC,FIRE,WATER,2,1,,Ram(10/FIRE):  || Combustion(50/FIRE+FIRE+COLORLESS): ,,
718,Centiskorch,POKEMON,Sword & Shield,039,https://bulbapedia.bulbagarden.net/wiki/Centiskorch_%28Sword_%26_Shield_39%29,140,STAGE1,FIRE,WATER,3,1,,"Coiling Crush(50/COLORLESS+COLORLESS): Flip 2 coins. For each heads, discard an Energy from your opponent’s Active Pokémon. || Heat Crawler(140/FIRE+FIRE+COLORLESS+COLORLESS): ",,
719,Chi-Yu,POKEMON,Paradox Rift,029,https://bulbapedia.bulbagarden.net/wiki/Chi-Yu_%28Paradox_Rift_29%29,110,BASIC,FIRE,WATER,1,1,,"Scorching Earth(40/FIRE): If your opponent has a Stadium in play, discard it. If you do, your opponent can’t play any Stadium cards from their hand during their next turn.",,
720,Mantine,POKEMON,Sword & Shield,052,https://bulbapedia.bulbagarden.net/wiki/Mantine_%28Sword_%26_Shield_52%29,110,BASIC,WATER,LIGHTNING,1,1,,"Call for Family(0/COLORLESS): Search your deck for up to 2 Basic Pokémon and put them onto your Bench. Then, shuffle your deck. || Waterfall(50/WATER+COLORLESS): ",,
721,Kyogre,POKEMON,,,https://bulbapedia.bulbagarden.net/wiki/Kyogre_%28Pok%C3%A9mon%29,150,BASIC,WATER,LIGHTNING,3,1,,"Riptide(0/WATER): This attack does 20 damage for each Basic {W} Energy card in your discard pile. Then, shuffle those cards into your deck. || Swirling Waves(130/WATER+WATER+COLORLESS): Discard 2 Energy from this Pokémon.",,
722,Snover,POKEMON,Paldea Evolved,010,https://bulbapedia.bulbagarden.net/wiki/Snover_%28Paldea_Evolved_10%29,90,BASIC,WATER,METAL,3,1,,Beat(10/WATER):  || Icy Snow(30/WATER+WATER): ,,
723,Mega Abomasnow ex,POKEMON,Mega Evolution,036,https://bulbapedia.bulbagarden.net/wiki/Mega_Abomasnow_ex_%28Mega_Evolution_36%29,350,STAGE1,WATER,METAL,4,3,,"Hammer-lanche(0/WATER+WATER): Discard the top 6 cards of your deck, and this attack does 100 damage for each Basic {W} Energy card that you discarded in this way. || Frost Barrier(200/WATER+WATER+WATER): During your opponent’s next turn, this Pokémon takes 30 less damage from attacks (after applying Weakness and Resistance).",,
724,Clauncher,POKEMON,Scarlet & Violet,049,https://bulbapedia.bulbagarden.net/wiki/Clauncher_%28Scarlet_%26_Violet_49%29,80,BASIC,WATER,LIGHTNING,2,1,,Wave Splash(50/WATER+WATER): ,,
725,Clawitzer,POKEMON,Mega Evolution,038,https://bulbapedia.bulbagarden.net/wiki/Clawitzer_%28Mega_Evolution_38%29,130,STAGE1,WATER,LIGHTNING,2,1," Fall Back to Reload: Once during your turn, when this Pokémon moves from the Active Spot to your Bench, you may use this Ability. Attach up to 2 Basic {W} Energy cards from your hand to this Pokémon.",Aqua Launcher(210/WATER+WATER+WATER): Discard all Energy from this Pokémon.,,
726,Sobble,POKEMON,Sword & Shield,054,https://bulbapedia.bulbagarden.net/wiki/Sobble_%28Sword_%26_Shield_54%29,70,BASIC,WATER,LIGHTNING,1,1,,"Surprise Attack(30/WATER): Flip a coin. If tails, this attack does nothing.",,
727,Drizzile,POKEMON,Sword & Shield,056,https://bulbapedia.bulbagarden.net/wiki/Drizzile_%28Sword_%26_Shield_56%29,100,STAGE1,WATER,LIGHTNING,1,1,,Double Stab(0/WATER): Flip 2 coins. This attack does 30 damage for each heads.,,
728,Inteleon,POKEMON,,,https://bulbapedia.bulbagarden.net/wiki/Inteleon_%28Pok%C3%A9mon%29,150,STAGE2,WATER,LIGHTNING,1,1,,"Bring Down(0/WATER): Choose a Pokémon in play (yours or your opponent’s) that has the least HP remaining, except for this Pokémon, and it is Knocked Out. || Water Shot(110/WATER): Discard an Energy from this Pokémon.",,
729,Snom,POKEMON,Sword & Shield,063,https://bulbapedia.bulbagarden.net/wiki/Snom_%28Sword_%26_Shield_63%29,50,BASIC,WATER,METAL,1,1,,"Hide(0/WATER): Flip a coin. If heads, during your opponent’s next turn, prevent all damage from and effects of attacks done to this Pokémon.",,
730,Frosmoth,POKEMON,Sword & Shield,064,https://bulbapedia.bulbagarden.net/wiki/Frosmoth_%28Sword_%26_Shield_64%29,110,STAGE1,WATER,METAL,2,1,,Chilling Wings(0/WATER): This attack does 20 damage to each of your opponent’s Pokémon. (Don’t apply Weakness and Resistance for Benched Pokémon.) Your opponent’s Active Pokémon is now Asleep.,,
731,Eiscue,POKEMON,Rebel Clash,054,https://bulbapedia.bulbagarden.net/wiki/Eiscue_%28Rebel_Clash_54%29,110,BASIC,WATER,METAL,1,1,,"Freezing Headbutt(20/COLORLESS): Flip a coin. If heads, your opponent’s Active Pokémon is now Paralyzed. || Tackle(90/WATER+COLORLESS+COLORLESS): ",,
732,Magnemite,POKEMON,Base Set,53,https://bulbapedia.bulbagarden.net/wiki/Magnemite_%28Base_Set_53%29,70,BASIC,LIGHTNING,FIGHTING,1,1,,Beam(10/LIGHTNING): ,,
733,Magneton,POKEMON,Base Set,9,https://bulbapedia.bulbagarden.net/wiki/Magneton_%28Base_Set_9%29,90,STAGE1,LIGHTNING,FIGHTING,2,1,,"Thunder Shock(30/LIGHTNING): Flip a coin. If heads, your opponent’s Active Pokémon is now Paralyzed.",,
734,Magnezone,POKEMON,Ultra Prism,83,https://bulbapedia.bulbagarden.net/wiki/Magnezone_%28Ultra_Prism_83%29,160,STAGE2,LIGHTNING,FIGHTING,3,1,,"Upper Spark(50/LIGHTNING): If this Pokémon evolved from Magneton during this turn, this attack does 120 more damage. || Flashing Bolt(160/LIGHTNING+LIGHTNING): During your next turn, this Pokémon can’t use Flashing Bolt.",,
735,Raikou,POKEMON,,,https://bulbapedia.bulbagarden.net/wiki/Raikou_%28Pok%C3%A9mon%29,120,BASIC,LIGHTNING,FIGHTING,1,1,,"Electro Fall(30/LIGHTNING+LIGHTNING): If you have at least 4 {L} Energy in play, this attack does 90 more damage.",,
736,Electrike,POKEMON,Vivid Voltage,051,https://bulbapedia.bulbagarden.net/wiki/Electrike_%28Vivid_Voltage_51%29,70,BASIC,LIGHTNING,FIGHTING,1,1,,Thunder Jolt(30/LIGHTNING): This Pokémon also does 10 damage to itself.,,
737,Mega Manectric ex,POKEMON,Mega Evolution,050,https://bulbapedia.bulbagarden.net/wiki/Mega_Manectric_ex_%28Mega_Evolution_50%29,330,STAGE1,LIGHTNING,FIGHTING,0,3,,"Flash Ray(120/LIGHTNING+LIGHTNING): During your opponent’s next turn, prevent all damage done to this Pokémon by attacks from Basic Pokémon. || Riotous Blasting(200/LIGHTNING+LIGHTNING+LIGHTNING): You may discard all Energy from this Pokémon and have this attack do 130 more damage.",,
738,Pachirisu,POKEMON,Scarlet & Violet,068,https://bulbapedia.bulbagarden.net/wiki/Pachirisu_%28Scarlet_%26_Violet_68%29,70,BASIC,LIGHTNING,FIGHTING,1,1,,"Electrified Incisors(10/LIGHTNING): During your opponent’s next turn, whenever they attach an Energy card from their hand to the Defending Pokémon, place 8 damage counters on that Pokémon.",,
739,Helioptile,POKEMON,Fusion Strike,098,https://bulbapedia.bulbagarden.net/wiki/Helioptile_%28Fusion_Strike_98%29,70,BASIC,LIGHTNING,FIGHTING,1,1,,Double Scratch(0/COLORLESS): Flip 2 coins. This attack does 10 damage for each heads.,,
740,Heliolisk,POKEMON,Twilight Masquerade,071,https://bulbapedia.bulbagarden.net/wiki/Heliolisk_%28Twilight_Masquerade_71%29,120,STAGE1,LIGHTNING,FIGHTING,1,1,,Dazzle Blast(20/COLORLESS): Your opponent’s Active Pokémon is now Confused. || Head Bolt(70/LIGHTNING+COLORLESS): ,,
741,Abra,POKEMON,Base Set,43,https://bulbapedia.bulbagarden.net/wiki/Abra_%28Base_Set_43%29,50,BASIC,PSYCHIC,DARKNESS,1,1,,Teleportation Attack(10/PSYCHIC): Switch this Pokémon with 1 of your Benched Pokémon.,,
742,Kadabra,POKEMON,Base Set,32,https://bulbapedia.bulbagarden.net/wiki/Kadabra_%28Base_Set_32%29,80,STAGE1,PSYCHIC,DARKNESS,1,1," Psychic Draw: Once during your turn, when you play this Pokémon from your hand to evolve 1 of your Pokémon, you may use this Ability. Draw 2 cards.",Super Psy Bolt(30/PSYCHIC): ,,
743,Alakazam,POKEMON,Base Set,1,https://bulbapedia.bulbagarden.net/wiki/Alakazam_%28Base_Set_1%29,140,STAGE2,PSYCHIC,DARKNESS,1,1," Psychic Draw: Once during your turn, when you play this Pokémon from your hand to evolve 1 of your Pokémon, you may use this Ability. Draw 3 cards.",Powerful Hand(0/PSYCHIC): Place 2 damage counters on your opponent’s Active Pokémon for each card in your hand.,,
744,Jynx,POKEMON,Base Set,31,https://bulbapedia.bulbagarden.net/wiki/Jynx_%28Base_Set_31%29,110,BASIC,PSYCHIC,DARKNESS,1,1,,Psychic(30/PSYCHIC+PSYCHIC): This attack does 30 more damage for each Energy attached to your opponent’s Active Pokémon.,,
745,Ralts,POKEMON,Ancient Origins,52,https://bulbapedia.bulbagarden.net/wiki/Ralts_%28Ancient_Origins_52%29,70,BASIC,PSYCHIC,DARKNESS,1,1,,Collect(0/COLORLESS): Draw a card. || Headbutt(10/PSYCHIC): ,,
746,Kirlia,POKEMON,Ancient Origins,53,https://bulbapedia.bulbagarden.net/wiki/Kirlia_%28Ancient_Origins_53%29,100,STAGE1,PSYCHIC,DARKNESS,1,1,,"Call Sign(0/PSYCHIC): Search your deck for up to 3 Pokémon, reveal them, and put them into your hand. Then, shuffle your deck. || Psyshot(30/PSYCHIC): ",,
747,Mega Gardevoir ex,POKEMON,Mega Evolution,060,https://bulbapedia.bulbagarden.net/wiki/Mega_Gardevoir_ex_%28Mega_Evolution_60%29,360,STAGE2,PSYCHIC,DARKNESS,2,3,,"Overflowing Wishes(0/PSYCHIC): For each of your Benched Pokémon, search your deck for a Basic {P} Energy card and attach it to that Pokémon. Then, shuffle your deck. || Mega Symphonia(0/PSYCHIC): This attack does 50 damage for each {P} Energy attached to all of your Pokémon.",,
748,Shedinja,POKEMON,Mega Evolution,061,https://bulbapedia.bulbagarden.net/wiki/Shedinja_%28Mega_Evolution_61%29,60,STAGE1,PSYCHIC,DARKNESS,0,1," Fragile Husk: If this Pokémon is Knocked Out by damage from an attack from your opponent’s Pokémon {ex}, your opponent can’t take any Prize cards for it.",Damage Beat(0/PSYCHIC): This attack does 20 damage for each damage counter on your opponent’s Active Pokémon.,,
749,Spoink,POKEMON,Battle Styles,055,https://bulbapedia.bulbagarden.net/wiki/Spoink_%28Battle_Styles_55%29,70,BASIC,PSYCHIC,DARKNESS,1,1,,Triple Spin(0/PSYCHIC): Flip 3 coins. This attack does 10 damage for each heads.,,
750,Grumpig,POKEMON,Battle Styles,056,https://bulbapedia.bulbagarden.net/wiki/Grumpig_%28Battle_Styles_56%29,120,STAGE1,PSYCHIC,DARKNESS,2,1," Energized Steps: Once during your turn, when you play this Pokémon from your hand to evolve 1 of your Pokémon, you may use this Ability. Look at the top 4 cards of your deck and attach any number of Basic Energy cards you find there to your Pokémon in any way you like. Shuffle the other cards back into your deck.",Psychic Sphere(60/PSYCHIC+COLORLESS+COLORLESS): ,,
751,Xerneas,POKEMON,,,https://bulbapedia.bulbagarden.net/wiki/Xerneas_%28Pok%C3%A9mon%29,120,BASIC,PSYCHIC,METAL,1,1,,"Geo Gate(0/PSYCHIC): Search your deck for up to 3 Basic {P} Pokémon and put them onto your Bench. Then, shuffle your deck. || Bright Horns(120/PSYCHIC+PSYCHIC+COLORLESS): During your next turn, this Pokémon can’t use Bright Horns.",,
752,Greavard,POKEMON,Scarlet & Violet,104,https://bulbapedia.bulbagarden.net/wiki/Greavard_%28Scarlet_%26_Violet_104%29,80,BASIC,PSYCHIC,DARKNESS,3,1,,Stampede(10/PSYCHIC):  || Take Down(40/PSYCHIC+COLORLESS): This Pokémon also does 10 damage to itself.,,
753,Houndstone,POKEMON,Scarlet & Violet,106,https://bulbapedia.bulbagarden.net/wiki/Houndstone_%28Scarlet_%26_Violet_106%29,140,STAGE1,PSYCHIC,DARKNESS,3,1,,"Horrifying Bite(30/PSYCHIC): Flip a coin until you get tails. For each heads, choose a random card from your opponent’s hand. Your opponent reveals those cards and shuffles them into their deck. || Hammer In(130/PSYCHIC+PSYCHIC+COLORLESS): ",,
754,Mega Latias ex,POKEMON,Mega Evolution,100,https://bulbapedia.bulbagarden.net/wiki/Mega_Latias_ex_%28Mega_Evolution_100%29,280,BASIC,DRAGON,,1,3,,Strafe(40/COLORLESS): You may switch this Pokémon with 1 of your Benched Pokémon. || Illusory Impulse(300/FIRE+PSYCHIC+COLORLESS): Discard all Energy from this Pokémon.,,
755,Latios,POKEMON,,,https://bulbapedia.bulbagarden.net/wiki/Latios_%28Pok%C3%A9mon%29,130,BASIC,DRAGON,,1,1," Lustrous Assist: Once during your turn, when your Mega Latias {ex} moves from your Bench to the Active Spot, you may use this Ability. Move any amount of Energy from your Benched Pokémon to your Active Pokémon.",Dragon Claw(130/WATER+PSYCHIC+COLORLESS): ,,
756,Mega Kangaskhan ex,POKEMON,Mega Evolution,104,https://bulbapedia.bulbagarden.net/wiki/Mega_Kangaskhan_ex_%28Mega_Evolution_104%29,300,BASIC,COLORLESS,FIGHTING,3,3," Run Errand: Once during your turn, if this Pokémon is in the Active Spot, you may use this Ability. Draw 2 cards. You can’t use more than 1 Run Errand Ability each turn.",Rapid-Fire Combo(200/COLORLESS+COLORLESS+COLORLESS): Flip a coin until you get tails. This attack does 50 more damage for each heads.,,
757,Delibird,POKEMON,,,https://bulbapedia.bulbagarden.net/wiki/Delibird_%28Team_Rocket%29,90,BASIC,COLORLESS,LIGHTNING,1,1,,"Quick Gift(0/COLORLESS): If you go first, you can use this attack during your first turn. Search your deck for a card and put it into your hand. Then, shuffle your deck. || Gentle Slap(30/COLORLESS+COLORLESS): ",,
758,Buneary,POKEMON,,,https://bulbapedia.bulbagarden.net/wiki/Buneary_%28Crimson_Blaze_62%29,70,BASIC,COLORLESS,FIGHTING,1,1,,"Charm(0/COLORLESS): During your opponent’s next turn, attacks used by the Defending Pokémon do 20 less damage (before applying Weakness and Resistance). || Skip(10/COLORLESS): ",,
759,Lopunny,POKEMON,Fusion Strike,213,https://bulbapedia.bulbagarden.net/wiki/Lopunny_%28Fusion_Strike_213%29,110,STAGE1,COLORLESS,FIGHTING,1,1,,Dashing Kick(0/COLORLESS): This attack does 50 damage to 1 of your opponent’s Benched Pokémon. (Don’t apply Weakness and Resistance for Benched Pokémon.) || Spiral Kick(60/COLORLESS+COLORLESS): ,,
760,Stufful,POKEMON,Guardians Rising,112,https://bulbapedia.bulbagarden.net/wiki/Stufful_%28Guardians_Rising_112%29,70,BASIC,COLORLESS,FIGHTING,2,1,,Light Punch(10/COLORLESS):  || Flop(20/COLORLESS+COLORLESS): ,,
761,Bewear,POKEMON,Shrouded Fable,053,https://bulbapedia.bulbagarden.net/wiki/Bewear_%28Shrouded_Fable_53%29,130,STAGE1,COLORLESS,FIGHTING,3,1,,"Knuckle Punch(50/COLORLESS+COLORLESS):  || Hyper Lariat(100/COLORLESS+COLORLESS+COLORLESS): Flip 2 coins. If both of them are heads, this attack does 100 more damage.",,
762,Snubbull,POKEMON,SM Black Star Promos,,https://bulbapedia.bulbagarden.net/wiki/Snubbull_%28SM_Promo_200%29,70,BASIC,PSYCHIC,METAL,1,1,,Tackle(20/PSYCHIC+COLORLESS): ,,
763,Granbull,POKEMON,,,https://bulbapedia.bulbagarden.net/wiki/Granbull_%28Red_and_Blue_Rescue_Team%29,130,STAGE1,PSYCHIC,METAL,2,1,,"Bite(50/PSYCHIC+COLORLESS):  || Finishing Blow(90/PSYCHIC+PSYCHIC+COLORLESS): If your opponent’s Active Pokémon already has any damage counters on it, this attack does 90 more damage.",,
764,Cresselia,POKEMON,Chilling Reign,064,https://bulbapedia.bulbagarden.net/wiki/Cresselia_%28Chilling_Reign_64%29,120,BASIC,PSYCHIC,DARKNESS,1,1,,"Swelling Light(0/PSYCHIC): Search your deck for up to 2 Basic {P} Energy cards and attach them to this Pokémon. Then, shuffle your deck. || Aurora Beam(90/PSYCHIC+PSYCHIC+COLORLESS): ",,
765,Meloetta,POKEMON,,,https://bulbapedia.bulbagarden.net/wiki/Meloetta_%28Gates_to_Infinity%29,90,BASIC,PSYCHIC,DARKNESS,1,1,,Soothing Melody(0/PSYCHIC): Heal 120 damage from 1 of your Benched {P} Pokémon. || Magical Shot(50/PSYCHIC+COLORLESS): ,,
766,Mega Diancie ex,POKEMON,Phantasmal Flames,041,https://bulbapedia.bulbagarden.net/wiki/Mega_Diancie_ex_%28Phantasmal_Flames_41%29,270,BASIC,PSYCHIC,METAL,1,3, Diamond Coat: This Pokémon takes 30 less damage from attacks (after applying Weakness and Resistance).,"Garland Ray(0/PSYCHIC+PSYCHIC): Discard up to 2 Energy cards from this Pokémon, and this attack does 120 damage for each card you discarded in this way.",,
767,Mimikyu,POKEMON,Paldea Evolved,097,https://bulbapedia.bulbagarden.net/wiki/Mimikyu_%28Paldea_Evolved_97%29,70,BASIC,PSYCHIC,METAL,1,1,,"Call for Family(0/COLORLESS): Search your deck for a Basic Pokémon and put it onto your Bench. Then, shuffle your deck. || Scratch(20/PSYCHIC): ",,
768,Milcery,POKEMON,Rebel Clash,086,https://bulbapedia.bulbagarden.net/wiki/Milcery_%28Rebel_Clash_86%29,50,BASIC,PSYCHIC,METAL,1,1,,Draining Kiss(10/PSYCHIC): Heal 10 damage from this Pokémon.,,
769,Alcremie,POKEMON,Rebel Clash,087,https://bulbapedia.bulbagarden.net/wiki/Alcremie_%28Rebel_Clash_87%29,90,STAGE1,PSYCHIC,METAL,1,1,,Sweet Circle(0/PSYCHIC): This attack does 20 damage for each of your Pokémon in play.,,
770,Gastly,POKEMON,Base Set,50,https://bulbapedia.bulbagarden.net/wiki/Gastly_%28Base_Set_50%29,70,BASIC,DARKNESS,FIGHTING,1,1,,Petty Grudge(10/DARKNESS): ,,
771,Haunter,POKEMON,Fossil,6,https://bulbapedia.bulbagarden.net/wiki/Haunter_%28Fossil_6%29,100,STAGE1,DARKNESS,FIGHTING,1,1,,Spooky Shot(40/DARKNESS): ,,
772,Mega Gengar ex,POKEMON,Phantasmal Flames,056,https://bulbapedia.bulbagarden.net/wiki/Mega_Gengar_ex_%28Phantasmal_Flames_56%29,350,STAGE2,DARKNESS,FIGHTING,2,3," Shadowy Concealment: If 1 of your {D} Pokémon is Knocked Out by damage from an attack from your opponent’s Pokémon {ex}, that player takes 1 fewer Prize card. The effect of Shadowy Concealment doesn’t stack.",Void Gale(230/DARKNESS+DARKNESS): Move an Energy from this Pokémon to 1 of your Benched Pokémon.,,"For the ""Shadowy Concealment"" : ; *The Ability affects both the player's Active and Benched  Pokémon. It also affects Mega Gengar ex itself, such that if the opponent has a  Knock Out the Mega Gengar ex using an attack damage, they will only take 2 Prize cards for the Knock Out. ; *The Ability only activates if the player's Darkness-type Pokémon are Knocked Out by damage from attacks from the opponent's Pokémon ex. It does not activate with other effects that Knock Out the Darkness-type Pokémon (eg. placing damage counters, s, instant Knock Out effects), or with attacks from opposing non-Pokémon ex. ; *Although the ""Shadowy Concealment"" Ability does not stack with itself, it still stacks with other effects that reduce Prize cards taken by the opponent (eg. , 's ""Oh No You Don't"" Ability)."
773,Murkrow,POKEMON,Paldea Evolved,131,https://bulbapedia.bulbagarden.net/wiki/Murkrow_%28Paldea_Evolved_131%29,60,BASIC,DARKNESS,LIGHTNING,1,1,,"Ambush(10/DARKNESS): Flip a coin. If heads, this attack does 20 more damage.",,
774,Honchkrow,POKEMON,Guardians Rising,79,https://bulbapedia.bulbagarden.net/wiki/Honchkrow_%28Guardians_Rising_79%29,130,STAGE1,DARKNESS,LIGHTNING,1,1,,"Wind of Darkness(30/DARKNESS):  || Sniping Feathers(0/DARKNESS+DARKNESS+COLORLESS): Discard 2 Energy from this Pokémon, and this attack does 120 damage to 1 of your opponent’s Pokémon. (Don’t apply Weakness and Resistance for Benched Pokémon.)",,
775,Sableye,POKEMON,XY Black Star Promos,,https://bulbapedia.bulbagarden.net/wiki/Sableye_%28XY_Promo_92%29,80,BASIC,DARKNESS,GRASS,1,1,,"Cocky Claw(20/DARKNESS): If you have any Stage 2 {D} Pokémon on your Bench, this attack does 70 more damage.",,
776,Absol,POKEMON,Astral Radiance,097,https://bulbapedia.bulbagarden.net/wiki/Absol_%28Astral_Radiance_97%29,110,BASIC,DARKNESS,GRASS,1,1,,Allure(0/COLORLESS): Draw 2 cards. || Dark Cutter(60/DARKNESS+COLORLESS): ,,
777,Eternatus,POKEMON,Surging Sparks,141,https://bulbapedia.bulbagarden.net/wiki/Eternatus_%28Surging_Sparks_141%29,150,BASIC,DARKNESS,FIGHTING,2,1,,"Shatter(50/DARKNESS+DARKNESS): Discard a Stadium in play. || Power Rush(130/DARKNESS+DARKNESS+DARKNESS): Flip a coin. If tails, during your next turn, this Pokémon can’t use attacks.",,
778,Oddish,POKEMON,Jungle,58,https://bulbapedia.bulbagarden.net/wiki/Oddish_%28Jungle_58%29,50,BASIC,GRASS,FIRE,1,1,,Seed Bomb(20/GRASS): ,,
779,Gloom,POKEMON,Jungle,37,https://bulbapedia.bulbagarden.net/wiki/Gloom_%28Jungle_37%29,70,STAGE1,GRASS,FIRE,1,1,,Disperse Drool(20/GRASS): This attack also does 20 damage to each Benched Pokémon (both yours and your opponent’s). (Don’t apply Weakness and Resistance for Benched Pokémon.),,
780,Vileplume,POKEMON,Jungle,15,https://bulbapedia.bulbagarden.net/wiki/Vileplume_%28Jungle_15%29,150,STAGE2,GRASS,FIRE,2,1,,"Pollen Bomb(30/GRASS): Your opponent’s Active Pokémon is now Asleep and Poisoned. || Lively Flower(60/GRASS): If this Pokémon was healed during this turn, this attack does 120 more damage.",,
781,Mega Heracross ex,POKEMON,Phantasmal Flames,004,https://bulbapedia.bulbagarden.net/wiki/Mega_Heracross_ex_%28Phantasmal_Flames_4%29,280,BASIC,GRASS,FIRE,2,3,,"Juggernaut Horn(100/GRASS+GRASS): If this Pokémon was damaged by an attack during your opponent’s last turn, this attack does that much more damage. || Mountain Ramming(170/GRASS+GRASS+GRASS): Discard the top 2 cards of your opponent’s deck.",,
782,Lotad,POKEMON,Journey Together,035,https://bulbapedia.bulbagarden.net/wiki/Lotad_%28Journey_Together_35%29,70,BASIC,GRASS,FIRE,1,1,,Headbutt(30/GRASS+COLORLESS): ,,
783,Lombre,POKEMON,,,https://bulbapedia.bulbagarden.net/wiki/Lombre_%28Red_and_Blue_Rescue_Team%29,90,STAGE1,GRASS,FIRE,1,1,,Mega Drain(30/GRASS+COLORLESS): Heal 30 damage from this Pokémon.,,
784,Ludicolo,POKEMON,Phantasmal Flames,007,https://bulbapedia.bulbagarden.net/wiki/Ludicolo_%28Phantasmal_Flames_7%29,160,STAGE2,GRASS,FIRE,2,1," Excited Heal: Once during your turn, if you have any {G} Mega Evolution Pokémon {ex} in play, you may use this Ability. Heal 60 damage from 1 of your Pokémon.",Lunge Out(120/GRASS+COLORLESS): ,,
785,Genesect,POKEMON,,,https://bulbapedia.bulbagarden.net/wiki/Genesect_%28Pok%C3%A9mon%29,120,BASIC,GRASS,FIRE,2,1,,Bug’s Cannon(0/GRASS): This attack does 20 damage to 1 of your opponent’s Pokémon for each {G} Energy attached to this Pokémon. (Don’t apply Weakness and Resistance for Benched Pokémon.) || Speed Attack(110/GRASS+GRASS+COLORLESS): ,,
786,Nymble,POKEMON,Phantasmal Flames,009,https://bulbapedia.bulbagarden.net/wiki/Nymble_%28Phantasmal_Flames_9%29,50,BASIC,GRASS,FIRE,1,1,,Flail Around(0/GRASS): Flip 3 coins. This attack does 10 damage for each heads.,,
787,Lokix,POKEMON,Paradox Rift,122,https://bulbapedia.bulbagarden.net/wiki/Lokix_%28Paradox_Rift_122%29,120,STAGE1,GRASS,FIRE,1,1,,Low Kick(30/GRASS):  || Jumping Shot(150/COLORLESS+COLORLESS+COLORLESS): Shuffle this Pokémon and all attached cards into your deck.,,
788,Charmander,POKEMON,,,https://bulbapedia.bulbagarden.net/wiki/Charmander_%28Pok%C3%A9mon%29,80,BASIC,FIRE,WATER,2,1," Agile: If this Pokémon has no Energy attached, it has no Retreat Cost.",Live Coal(20/FIRE): ,,
789,Charmeleon,POKEMON,Base Set,24,https://bulbapedia.bulbagarden.net/wiki/Charmeleon_%28Base_Set_24%29,110,STAGE1,FIRE,WATER,2,1,,Steady Firebreathing(40/FIRE): ,,
790,Mega Charizard X ex,POKEMON,Phantasmal Flames,013,https://bulbapedia.bulbagarden.net/wiki/Mega_Charizard_X_ex_%28Phantasmal_Flames_13%29,360,STAGE2,FIRE,WATER,2,3,,"Inferno X(0/FIRE+FIRE): Discard any amount of {R} Energy from among your Pokémon, and this attack does 90 damage for each card you discarded in this way.",,
791,Moltres,POKEMON,Wizards Black Star Promos,149,https://bulbapedia.bulbagarden.net/wiki/Moltres_%28Wizards_Promo_21%29,120,BASIC,FIRE,WATER,1,1,,"Fighting Wings(20/FIRE): If your opponent’s Active Pokémon is a Pokémon {ex}, this attack does 90 more damage.",,
792,Darumaka,POKEMON,Black Bolt,013,https://bulbapedia.bulbagarden.net/wiki/Darumaka_%28Black_Bolt_13%29,80,BASIC,FIRE,WATER,2,1,,Blaze Ball(10/COLORLESS+COLORLESS+COLORLESS): This attack does 20 more damage for each {R} Energy attached to this Pokémon.,,
793,Darmanitan,POKEMON,,,https://bulbapedia.bulbagarden.net/wiki/Darmanitan_%28Detective_Pikachu%29,150,STAGE1,FIRE,WATER,3,1,,Blaze Ball(40/COLORLESS+COLORLESS+COLORLESS+COLORLESS): This attack does 40 more damage for each {R} Energy attached to this Pokémon.,,
794,Reshiram,POKEMON,,,https://bulbapedia.bulbagarden.net/wiki/Reshiram_%28Tretta_Strengthening_Set_Speed_10%29,130,BASIC,FIRE,WATER,2,1,,Combustion(30/FIRE):  || Burning Flare(240/FIRE+FIRE+FIRE+FIRE): This Pokémon also does 60 damage to itself.,,
795,Oricorio ex,POKEMON,Phantasmal Flames,018,https://bulbapedia.bulbagarden.net/wiki/Oricorio_ex_%28Phantasmal_Flames_18%29,190,BASIC,FIRE,WATER,1,2," Excited Turbo: As often as you like during your turn, if you have any {R} Mega Evolution Pokémon {ex} in play, you may use this Ability. Attach a Basic {R} Energy card from your hand to 1 of your Benched {R} Pokémon.",Fire Wing(110/FIRE+FIRE+COLORLESS): ,,
796,Charcadet,POKEMON,Scarlet & Violet,040,https://bulbapedia.bulbagarden.net/wiki/Charcadet_%28Scarlet_%26_Violet_40%29,70,BASIC,FIRE,WATER,2,1,,"Gather Strength(0/FIRE): Search your deck for up to 2 Basic Energy cards, reveal them, and put them into your hand. Then, shuffle your deck. || Chop(10/FIRE): ",,
797,Ceruledge,POKEMON,Paldea Evolved,098,https://bulbapedia.bulbagarden.net/wiki/Ceruledge_%28Paldea_Evolved_98%29,140,STAGE1,FIRE,WATER,2,1,,"Infernal Slash(220/FIRE): Discard 4 Basic {R} Energy cards from your hand. If you can’t discard 4 cards in this way, this attack does nothing.",,
798,Seel,POKEMON,Base Set,41,https://bulbapedia.bulbagarden.net/wiki/Seel_%28Base_Set_41%29,80,BASIC,WATER,LIGHTNING,2,1,,Bubble Drain(20/WATER+COLORLESS): Heal 20 damage from this Pokémon.,,
799,Dewgong,POKEMON,,,https://bulbapedia.bulbagarden.net/wiki/Dewgong_%28Cerulean_Gym%29,130,STAGE1,WATER,LIGHTNING,2,1, Thick Fat: This Pokémon takes 30 less damage from attacks from your opponent’s {R} or {W} Pokémon (after applying Weakness and Resistance).,Slam(0/WATER+COLORLESS): Flip 2 coins. This attack does 70 damage for each heads.,,
800,Swinub,POKEMON,Journey Together,077,https://bulbapedia.bulbagarden.net/wiki/Swinub_%28Journey_Together_77%29,70,BASIC,WATER,METAL,2,1,,Stampede(10/COLORLESS):  || Icy Snow(20/WATER+COLORLESS): ,,
801,Piloswine,POKEMON,Journey Together,078,https://bulbapedia.bulbagarden.net/wiki/Piloswine_%28Journey_Together_78%29,100,STAGE1,WATER,METAL,3,1,,"Rising Lunge(30/COLORLESS+COLORLESS): Flip a coin. If heads, this attack does 30 more damage. || Frost Smash(70/WATER+COLORLESS+COLORLESS): ",,
802,Mamoswine,POKEMON,,,https://bulbapedia.bulbagarden.net/wiki/Mamoswine_%28Space-Time_Smackdown_33%29,180,STAGE2,WATER,METAL,4,1,,"Wreck(120/COLORLESS+COLORLESS+COLORLESS): If a Stadium is in play, this attack does 120 more damage. Then, discard that Stadium. || Blizzard Edge(200/WATER+COLORLESS+COLORLESS+COLORLESS): Discard 2 Energy from this Pokémon.",,
803,Suicune,POKEMON,,,https://bulbapedia.bulbagarden.net/wiki/Suicune_%28Pok%C3%A9mon%29,130,BASIC,WATER,LIGHTNING,2,1,,"Crystal Fall(30/WATER+WATER): If you have at least 4 {W} Energy in play, this attack does 90 more damage.",,
804,Piplup,POKEMON,,,https://bulbapedia.bulbagarden.net/wiki/Piplup_%28Pok%C3%A9mon%29,70,BASIC,WATER,LIGHTNING,1,1,,"Call for Support(0/COLORLESS): Search your deck for a Supporter card, reveal it, and put it into your hand. Then, shuffle your deck. || Tackle(20/COLORLESS+COLORLESS): ",,
805,Prinplup,POKEMON,Diamond & Pearl,58,https://bulbapedia.bulbagarden.net/wiki/Prinplup_%28Diamond_%26_Pearl_58%29,100,STAGE1,WATER,LIGHTNING,2,1,,Peck(20/COLORLESS):  || Targeted Dive(0/COLORLESS+COLORLESS+COLORLESS): This attack does 70 damage to 1 of your opponent’s Benched Pokémon. (Don’t apply Weakness and Resistance for Benched Pokémon.),,
806,Rotom ex,POKEMON,Phantasmal Flames,029,https://bulbapedia.bulbagarden.net/wiki/Rotom_ex_%28Phantasmal_Flames_29%29,190,BASIC,LIGHTNING,FIGHTING,1,2," Multi Adapter: Each of your Pokémon that has ""Rotom"" in its name may have up to 2 Pokémon Tool cards attached. If this Ability goes away, discard Pokémon Tools from those Pokémon until only 1 remains on each.",Thunderbolt(130/LIGHTNING+COLORLESS): Discard all Energy from this Pokémon.,,"The effect of Rotom ex's ""Multi Adapter""  does not stack."
807,Yamper,POKEMON,Sword & Shield,073,https://bulbapedia.bulbagarden.net/wiki/Yamper_%28Sword_%26_Shield_73%29,70,BASIC,LIGHTNING,FIGHTING,1,1,,"Play Rough(20/LIGHTNING+COLORLESS): Flip a coin. If heads, this attack does 20 more damage.",,
808,Boltund,POKEMON,Sword & Shield,075,https://bulbapedia.bulbagarden.net/wiki/Boltund_%28Sword_%26_Shield_75%29,130,STAGE1,LIGHTNING,FIGHTING,1,1,,"Electric Run(70/LIGHTNING+COLORLESS): Flip a coin. If heads, this attack does 70 more damage.",,
809,Pawmi,POKEMON,Scarlet & Violet,074,https://bulbapedia.bulbagarden.net/wiki/Pawmi_%28Scarlet_%26_Violet_74%29,60,BASIC,LIGHTNING,FIGHTING,1,1,,"Growl(0/LIGHTNING): During your opponent’s next turn, attacks used by the Defending Pokémon do 30 less damage (before applying Weakness and Resistance). || Tiny Charge(10/LIGHTNING): ",,
810,Pawmo,POKEMON,Scarlet & Violet,075,https://bulbapedia.bulbagarden.net/wiki/Pawmo_%28Scarlet_%26_Violet_75%29,90,STAGE1,LIGHTNING,FIGHTING,1,1,,Electric Punch(60/LIGHTNING+LIGHTNING): ,,
811,Pawmot,POKEMON,Scarlet & Violet,076,https://bulbapedia.bulbagarden.net/wiki/Pawmot_%28Scarlet_%26_Violet_76%29,140,STAGE2,LIGHTNING,FIGHTING,1,1,,Voltaic Fist(130/LIGHTNING+LIGHTNING): You may have this Pokémon also do 60 damage to itself and make your opponent’s Active Pokémon Paralyzed.,,
812,Misdreavus,POKEMON,Legendary Treasures,57,https://bulbapedia.bulbagarden.net/wiki/Misdreavus_%28Legendary_Treasures_57%29,70,BASIC,PSYCHIC,DARKNESS,1,1,,Petty Grudge(20/PSYCHIC): ,,
813,Mismagius ex,POKEMON,,,https://bulbapedia.bulbagarden.net/wiki/Mismagius_ex_%28Space-Time_Smackdown_67%29,260,STAGE1,PSYCHIC,DARKNESS,1,2," Swirling Prose: As long as this Pokémon is in the Active Spot, whenever your opponent’s Active Pokémon moves to the Bench during their turn, their new Active Pokémon is now Confused.",Hexa-Magic(150/PSYCHIC+PSYCHIC): You may draw cards until you have 6 cards in your hand.,,
814,Cottonee,POKEMON,White Flare,004,https://bulbapedia.bulbagarden.net/wiki/Cottonee_%28White_Flare_4%29,60,BASIC,PSYCHIC,METAL,1,1,,Collect(0/COLORLESS): Draw a card.,,
815,Whimsicott,POKEMON,Guardians Rising,91,https://bulbapedia.bulbagarden.net/wiki/Whimsicott_%28Guardians_Rising_91%29,90,STAGE1,PSYCHIC,METAL,1,1,,Healing Fluff(0/COLORLESS): Heal all damage from 1 of your Benched Pokémon. || U-turn(50/PSYCHIC): Switch this Pokémon with 1 of your Benched Pokémon.,,
816,Zacian,POKEMON,,,https://bulbapedia.bulbagarden.net/wiki/Zacian_%28Pok%C3%A9mon%29,130,BASIC,PSYCHIC,METAL,2,1,,"Limit Break(50/PSYCHIC+COLORLESS): If your opponent has 3 or fewer Prize cards remaining, this attack does 90 more damage.",,
817,Bramblin,POKEMON,Paldea Evolved,023,https://bulbapedia.bulbagarden.net/wiki/Bramblin_%28Paldea_Evolved_23%29,50,BASIC,PSYCHIC,DARKNESS,1,1,,Sneaky Placement(0/PSYCHIC): Place 1 damage counter on 1 of your opponent’s Pokémon.,,
818,Brambleghast,POKEMON,Temporal Forces,021,https://bulbapedia.bulbagarden.net/wiki/Brambleghast_%28Temporal_Forces_21%29,100,STAGE1,PSYCHIC,DARKNESS,2,1," Prison Panic: Once during your turn, when you play this Pokémon from your hand to evolve 1 of your Pokémon, you may use this Ability. Make your opponent’s Active Pokémon Confused.",Psychic Sphere(80/PSYCHIC+COLORLESS+COLORLESS): ,,
819,Paldean Tauros,POKEMON,Paldea Evolved,108,https://bulbapedia.bulbagarden.net/wiki/Paldean_Tauros_%28Paldea_Evolved_108%29,130,BASIC,FIGHTING,PSYCHIC,2,1,,Raging Charge(0/FIGHTING): This attack does 40 damage for each of your Pokémon that has “Tauros” in its name that has any damage counters on it. || Double-Edge(70/FIGHTING+FIGHTING): This Pokémon also does 20 damage to itself.,,
820,Gligar,POKEMON,Paradox Rift,091,https://bulbapedia.bulbagarden.net/wiki/Gligar_%28Paradox_Rift_91%29,70,BASIC,FIGHTING,GRASS,1,1,,Poison Jab(10/FIGHTING): Your opponent’s Active Pokémon is now Poisoned.,,
821,Gliscor,POKEMON,Guardians Rising,68,https://bulbapedia.bulbagarden.net/wiki/Gliscor_%28Guardians_Rising_68%29,120,STAGE1,FIGHTING,GRASS,1,1,,"Poison Ring(50/FIGHTING): Your opponent’s Active Pokémon is now Poisoned. During your opponent’s next turn, that Pokémon can’t retreat.",,
822,Trapinch,POKEMON,Darkness Ablaze,089,https://bulbapedia.bulbagarden.net/wiki/Trapinch_%28Darkness_Ablaze_89%29,70,BASIC,FIGHTING,GRASS,1,1,,Double Headbutt(0/FIGHTING): Flip 2 coins. This attack does 10 damage for each heads.,,
823,Vibrava,POKEMON,EX Dragon,46,https://bulbapedia.bulbagarden.net/wiki/Vibrava_%28EX_Dragon_46%29,90,STAGE1,FIGHTING,GRASS,1,1,,Super Vibration(60/FIGHTING+FIGHTING): ,,
824,Flygon,POKEMON,,,https://bulbapedia.bulbagarden.net/wiki/Flygon_%28Pok%C3%A9mon%29,150,STAGE2,FIGHTING,GRASS,1,1," Sandy Flapping: Once during your turn, when you play this Pokémon from your hand to evolve 1 of your Pokémon, you may use this Ability. You may also use this Ability if this Pokémon is in the Active Spot and is Knocked Out by damage from an attack from your opponent’s Pokémon. Discard the top 2 cards of your opponent’s deck.",Cutting Wind(130/FIGHTING+FIGHTING): ,,
825,Sneasel,POKEMON,Paldea Evolved,133,https://bulbapedia.bulbagarden.net/wiki/Sneasel_%28Paldea_Evolved_133%29,70,BASIC,DARKNESS,GRASS,1,1,,Dig Claws(10/DARKNESS):  || Scratch(30/DARKNESS+DARKNESS): ,,
826,Weavile,POKEMON,Ultra Prism,74,https://bulbapedia.bulbagarden.net/wiki/Weavile_%28Ultra_Prism_74%29,90,STAGE1,DARKNESS,GRASS,1,1,,"Retaliatory Claw(20/DARKNESS+DARKNESS): If this Pokémon’s remaining HP is 50 or less, this attack does 170 more damage. || Cut(60/DARKNESS+DARKNESS): ",,
827,Carvanha,POKEMON,Obsidian Flames,046,https://bulbapedia.bulbagarden.net/wiki/Carvanha_%28Obsidian_Flames_46%29,70,BASIC,DARKNESS,GRASS,1,1,,Reckless Charge(30/DARKNESS): This Pokémon also does 10 damage to itself.,,
828,Mega Sharpedo ex,POKEMON,Phantasmal Flames,061,https://bulbapedia.bulbagarden.net/wiki/Mega_Sharpedo_ex_%28Phantasmal_Flames_61%29,330,STAGE1,DARKNESS,GRASS,0,3,,"Greedy Fang(70/DARKNESS): Draw 2 cards. || Hungry Jaws(120/DARKNESS+DARKNESS): If this Pokémon has any damage counters on it, this attack does 150 more damage.",,
829,Seviper,POKEMON,Burning Shadows,50,https://bulbapedia.bulbagarden.net/wiki/Seviper_%28Burning_Shadows_50%29,120,BASIC,DARKNESS,FIGHTING,1,1," Excited Power: If you have any {D} Mega Evolution Pokémon {ex} in play, attacks used by this Pokémon do 120 more damage to your opponent’s Active Pokémon (before applying Weakness and Resistance).",Pitch-Black Fangs(120/DARKNESS+DARKNESS+DARKNESS): ,,
830,Sandile,POKEMON,Scarlet & Violet,115,https://bulbapedia.bulbagarden.net/wiki/Sandile_%28Scarlet_%26_Violet_115%29,70,BASIC,DARKNESS,GRASS,2,1,,Ram(10/DARKNESS):  || Rear Kick(20/DARKNESS+COLORLESS): ,,
831,Krokorok,POKEMON,,,https://bulbapedia.bulbagarden.net/wiki/Krokorok_%28Super_Mystery_Dungeon%29,100,STAGE1,DARKNESS,GRASS,2,1,,Bite(30/DARKNESS):  || Confront(60/DARKNESS+COLORLESS+COLORLESS): ,,
832,Krookodile,POKEMON,,,https://bulbapedia.bulbagarden.net/wiki/Krookodile_%28Super_Mystery_Dungeon%29,170,STAGE2,DARKNESS,GRASS,3,1,,"Vengeful Fang(60/DARKNESS): If any of your Pokémon were Knocked Out by damage from an attack during your opponent’s last turn, this attack does 160 more damage. || Hammer In(160/DARKNESS+COLORLESS+COLORLESS+COLORLESS): ",,
833,Toxel,POKEMON,Obsidian Flames,071,https://bulbapedia.bulbagarden.net/wiki/Toxel_%28Obsidian_Flames_71%29,70,BASIC,DARKNESS,FIGHTING,1,1,,"Call for Family(0/DARKNESS): Search your deck for up to 2 Basic Pokémon and put them onto your Bench. Then, shuffle your deck. || Playful Kick(20/DARKNESS+COLORLESS): ",,
834,Toxtricity,POKEMON,Phantasmal Flames,068,https://bulbapedia.bulbagarden.net/wiki/Toxtricity_%28Phantasmal_Flames_68%29,140,STAGE1,DARKNESS,FIGHTING,2,1," Sinister Surge: Once during your turn, you may use this Ability. Search your deck for a Basic {D} Energy card and attach it to 1 of your Benched {D} Pokémon. Then, shuffle your deck. If you attached Energy to a Pokémon in this way, place 2 damage counters on that Pokémon.",Gentle Slap(100/DARKNESS+DARKNESS+COLORLESS): ,,"For the ""Sinister Surge"" : ; *A player may use ""Sinister Surge"" on their Benched  Pokémon with 20 HP or less; if they do, the 2 damage counters placed from the Ability will cause that Pokémon to be Knocked Out. The text for the ""Sinister Surge"" Ability has no clause prohibiting it from being used on a Pokémon that would be Knocked Out by it (unlike in eg. 's ""Psychic Embrace"" Ability). ; *When using ""Sinister Surge"", the player may choose to not get out any Basic  (Darkness) Energy cards from their deck, in which case they shuffle their deck and end the process."
835,Empoleon ex,POKEMON,Phantasmal Flames,070,https://bulbapedia.bulbagarden.net/wiki/Empoleon_ex_%28Phantasmal_Flames_70%29,320,STAGE2,METAL,FIRE,2,2, Emperor’s Stance: Prevent all effects of attacks used by your opponent’s Pokémon done to this Pokémon. (Damage is not an effect.),"Iron Feathers(210/METAL+METAL+COLORLESS): During your opponent’s next turn, this Pokémon takes 60 less damage from attacks (after applying Weakness and Resistance).",,
836,Bronzor,POKEMON,Temporal Forces,068,https://bulbapedia.bulbagarden.net/wiki/Bronzor_%28Temporal_Forces_68%29,80,BASIC,METAL,FIRE,2,1,,"Iron Defense(0/COLORLESS): Flip a coin. If heads, during your opponent’s next turn, prevent all damage done to this Pokémon by attacks. || Rollout(30/COLORLESS+COLORLESS+COLORLESS): ",,
837,Bronzong,POKEMON,Battle Styles,102,https://bulbapedia.bulbagarden.net/wiki/Bronzong_%28Battle_Styles_102%29,140,STAGE1,METAL,FIRE,3,1,,Triple Draw(0/COLORLESS): Draw 3 cards. || Tool Drop(0/COLORLESS+COLORLESS+COLORLESS): This attack does 40 damage for each Pokémon Tool attached to all Pokémon.,,
838,Togedemaru,POKEMON,Sun & Moon,53,https://bulbapedia.bulbagarden.net/wiki/Togedemaru_%28Sun_%26_Moon_53%29,80,BASIC,METAL,FIRE,1,1,,"Find a Friend(0/COLORLESS): Search your deck for a Pokémon, reveal it, and put it into your hand. Then, shuffle your deck. || Gnaw(30/METAL): ",,
839,Duraludon,POKEMON,Rebel Clash,138,https://bulbapedia.bulbagarden.net/wiki/Duraludon_%28Rebel_Clash_138%29,130,BASIC,METAL,FIRE,2,1,,Hyper Beam(70/METAL+METAL+METAL): Discard an Energy from your opponent’s Active Pokémon.,,
840,Archaludon,POKEMON,Stellar Crown,107,https://bulbapedia.bulbagarden.net/wiki/Archaludon_%28Stellar_Crown_107%29,180,STAGE1,METAL,FIRE,2,1,,"Coated Attack(120/METAL+METAL+METAL): During your opponent’s next turn, prevent all damage done to this Pokémon by attacks from Basic Pokémon.",,
841,Jigglypuff,POKEMON,Jungle,54,https://bulbapedia.bulbagarden.net/wiki/Jigglypuff_%28Jungle_54%29,70,BASIC,COLORLESS,FIGHTING,1,1,,Ball Roll(0/COLORLESS): Flip a coin until you get tails. This attack does 20 damage for each heads.,,
842,Wigglytuff,POKEMON,Jungle,16,https://bulbapedia.bulbagarden.net/wiki/Wigglytuff_%28Jungle_16%29,120,STAGE1,COLORLESS,FIGHTING,2,1,,Round(0/COLORLESS+COLORLESS): This attack does 40 damage for each of your Pokémon in play that has the Round attack. || Seismic Toss(100/COLORLESS+COLORLESS+COLORLESS): ,,
843,Aipom,POKEMON,Paradox Rift,145,https://bulbapedia.bulbagarden.net/wiki/Aipom_%28Paradox_Rift_145%29,70,BASIC,COLORLESS,FIGHTING,1,1,,"Astonish(20/COLORLESS+COLORLESS): Choose a random card from your opponent’s hand, and your opponent reveals that card and shuffles it into their deck.",,
844,Ambipom,POKEMON,Phantasmal Flames,079,https://bulbapedia.bulbagarden.net/wiki/Ambipom_%28Phantasmal_Flames_79%29,110,STAGE1,COLORLESS,FIGHTING,1,1,,"Slap(50/COLORLESS+COLORLESS):  || Dual Tail(0/COLORLESS+COLORLESS+COLORLESS): Discard 2 Energy from this Pokémon, and this attack does 60 damage to each of 2 of your opponent’s Pokémon. (Don’t apply Weakness and Resistance for Benched Pokémon.)",,
845,Smeargle,POKEMON,Silver Tempest,137,https://bulbapedia.bulbagarden.net/wiki/Smeargle_%28Silver_Tempest_137%29,80,BASIC,COLORLESS,FIGHTING,1,1,,Energizing Sketch(0/COLORLESS): Flip 3 coins. Attach an amount of Basic Energy up to the number of heads from your discard pile to your Benched Pokémon in any way you like. || Hook(40/COLORLESS+COLORLESS): ,,
846,Zigzagoon,POKEMON,Obsidian Flames,167,https://bulbapedia.bulbagarden.net/wiki/Zigzagoon_%28Obsidian_Flames_167%29,70,BASIC,COLORLESS,FIGHTING,1,1,,"Surprise Attack(30/COLORLESS): Flip a coin. If tails, this attack does nothing.",,
847,Linoone,POKEMON,Obsidian Flames,168,https://bulbapedia.bulbagarden.net/wiki/Linoone_%28Obsidian_Flames_168%29,100,STAGE1,COLORLESS,FIGHTING,1,1," Excited Dash: Once during your turn, if this Pokémon is on your Bench, and if you have any Mega Evolution Pokémon {ex} in play, you may use this Ability. Switch this Pokémon with your Active Pokémon.",Slash(70/COLORLESS): ,,
848,Buneary,POKEMON,,,https://bulbapedia.bulbagarden.net/wiki/Buneary_%28Crimson_Blaze_62%29,70,BASIC,COLORLESS,FIGHTING,1,1,,Run Around(0/COLORLESS): Switch this Pokémon with 1 of your Benched Pokémon. || Kick(20/COLORLESS+COLORLESS): ,,
849,Mega Lopunny ex,POKEMON,Phantasmal Flames,084,https://bulbapedia.bulbagarden.net/wiki/Mega_Lopunny_ex_%28Phantasmal_Flames_84%29,330,STAGE1,COLORLESS,FIGHTING,1,3,,"Gale Thrust(60/COLORLESS): If this Pokémon moved from your Bench to the Active Spot this turn, this attack does 170 more damage. || Spiky Hopper(160/COLORLESS+COLORLESS): This attack’s damage isn’t affected by any effects on your opponent’s Active Pokémon.",,
850,Wurmple,POKEMON,Lost Origin,006,https://bulbapedia.bulbagarden.net/wiki/Wurmple_%28Lost_Origin_6%29,60,BASIC,GRASS,FIRE,1,1,,Bug Bite(20/GRASS): ,,
851,Silcoon,POKEMON,Lost Thunder,25,https://bulbapedia.bulbagarden.net/wiki/Silcoon_%28Lost_Thunder_25%29,90,STAGE1,GRASS,FIRE,3,1," Multiplying Cocoon: Once during your turn, when you play this Pokémon from your hand to evolve 1 of your Pokémon, you may use this Ability. Search your deck for a Silcoon or a Cascoon and put it onto your Bench. Then, shuffle your deck.",Tackle(30/GRASS): ,,
852,Beautifly,POKEMON,Lost Thunder,26,https://bulbapedia.bulbagarden.net/wiki/Beautifly_%28Lost_Thunder_26%29,130,STAGE2,GRASS,FIRE,1,1,,"Stun Spore(40/GRASS): Flip a coin. If heads, your opponent’s Active Pokémon is now Paralyzed. || Energy Straw(0/GRASS): Your opponent reveals their hand, and this attack does 80 damage for each Energy card you find there.",,
853,Cascoon,POKEMON,Lost Thunder,27,https://bulbapedia.bulbagarden.net/wiki/Cascoon_%28Lost_Thunder_27%29,90,STAGE1,GRASS,FIRE,3,1,,Trading Places(0/GRASS): Switch this Pokémon with 1 of your Benched Pokémon.,,
854,Dustox,POKEMON,Lost Thunder,28,https://bulbapedia.bulbagarden.net/wiki/Dustox_%28Lost_Thunder_28%29,140,STAGE2,GRASS,FIRE,1,1," Boisterous Wind: Once during your turn, you may use this Ability. Flip a coin. If heads, put an Energy attached to your opponent’s Active Pokémon into their hand.",Twilight Poison(100/GRASS+GRASS): Your opponent’s Active Pokémon is now Asleep and Poisoned.,,
855,Entei,POKEMON,,,https://bulbapedia.bulbagarden.net/wiki/Entei_%28Pok%C3%A9mon%29,140,BASIC,FIRE,WATER,3,1,,"Flare Fall(30/FIRE+FIRE): If you have at least 4 {R} Energy in play, this attack does 90 more damage.",,
856,Numel,POKEMON,Paldean Fates,011,https://bulbapedia.bulbagarden.net/wiki/Numel_%28Paldean_Fates_11%29,80,BASIC,FIRE,WATER,3,1," Incandescent Body: If this Pokémon is in the Active Spot and is damaged by an attack from your opponent’s Pokémon (even if this Pokémon is Knocked Out), the Attacking Pokémon is now Burned.",Combustion(20/FIRE+COLORLESS): ,,
857,Camerupt,POKEMON,Paldean Fates,012,https://bulbapedia.bulbagarden.net/wiki/Camerupt_%28Paldean_Fates_12%29,140,STAGE1,FIRE,WATER,3,1,,"Roasting Burn(110/FIRE): If your opponent’s Active Pokémon isn’t Burned, this attack does nothing. || Power Stomp(170/FIRE+COLORLESS+COLORLESS+COLORLESS): Discard 2 Energy from this Pokémon.",,
858,Psyduck,POKEMON,,,https://bulbapedia.bulbagarden.net/wiki/Psyduck_%28Pok%C3%A9mon%29,70,BASIC,WATER,LIGHTNING,1,1, Damp: Pokémon in play (both yours and your opponent’s) lose any Ability that requires the Pokémon using it to Knock Out itself.,Ram(20/COLORLESS+COLORLESS): ,,
859,Golduck,POKEMON,Fossil,35,https://bulbapedia.bulbagarden.net/wiki/Golduck_%28Fossil_35%29,120,STAGE1,WATER,LIGHTNING,1,1, Damp: Pokémon in play (both yours and your opponent’s) lose any Ability that requires the Pokémon using it to Knock Out itself.,Hydro Pump(60/COLORLESS+COLORLESS+COLORLESS): This attack does 20 more damage for each {W} Energy attached to this Pokémon.,,
860,Snorunt,POKEMON,Chilling Reign,035,https://bulbapedia.bulbagarden.net/wiki/Snorunt_%28Chilling_Reign_35%29,70,BASIC,WATER,METAL,1,1,,Chilly(10/WATER): ,,
861,Mega Froslass ex,POKEMON,Ascended Heroes,047,https://bulbapedia.bulbagarden.net/wiki/Mega_Froslass_ex_%28Ascended_Heroes_47%29,310,STAGE1,WATER,METAL,1,3,,Resentful Refrain(0/WATER): This attack does 50 damage for each card in your opponent’s hand. || Absolute Snow(150/WATER+COLORLESS+COLORLESS): Your opponent’s Active Pokémon is now Asleep.,,
862,N's Vanillite,POKEMON,Ascended Heroes,049,https://bulbapedia.bulbagarden.net/wiki/N%27s_Vanillite_%28Ascended_Heroes_49%29,60,BASIC,WATER,METAL,1,1,,"Call for Family(0/COLORLESS): Search your deck for up to 2 Basic Pokémon and put them onto your Bench. Then, shuffle your deck. || Icy Snow(20/WATER+COLORLESS): ",,
863,N's Vanillish,POKEMON,Ascended Heroes,050,https://bulbapedia.bulbagarden.net/wiki/N%27s_Vanillish_%28Ascended_Heroes_50%29,100,STAGE1,WATER,METAL,1,1,,"Flop(20/COLORLESS):  || Sheer Cold(60/WATER+COLORLESS+COLORLESS): During your opponent’s next turn, the Defending Pokémon can’t use attacks.",,
864,N's Vanilluxe,POKEMON,Ascended Heroes,051,https://bulbapedia.bulbagarden.net/wiki/N%27s_Vanilluxe_%28Ascended_Heroes_51%29,150,STAGE2,WATER,METAL,2,1,,Snow Coating(0/COLORLESS+COLORLESS): Double the number of damage counters on each of your opponent’s Pokémon. || Blizzard(120/WATER+COLORLESS+COLORLESS): This attack also does 10 damage to each of your opponent’s Benched Pokémon. (Don’t apply Weakness and Resistance for Benched Pokémon.),,
865,Snom,POKEMON,Sword & Shield,063,https://bulbapedia.bulbagarden.net/wiki/Snom_%28Sword_%26_Shield_63%29,50,BASIC,WATER,METAL,1,1,,Icicle(20/WATER): ,,
866,Frosmoth,POKEMON,Sword & Shield,064,https://bulbapedia.bulbagarden.net/wiki/Frosmoth_%28Sword_%26_Shield_64%29,110,STAGE1,WATER,METAL,2,1," Alluring Wings: Once during your turn, if this Pokémon is in the Active Spot, you may use this Ability. Each player draws a card.",Cold Cyclone(90/WATER+WATER): Move a {W} Energy from this Pokémon to 1 of your Benched Pokémon.,,
867,Glastrier,POKEMON,Lost Origin,051,https://bulbapedia.bulbagarden.net/wiki/Glastrier_%28Lost_Origin_51%29,130,BASIC,WATER,METAL,2,1,,"Ice Shot(20/WATER): This attack also does 20 damage to 1 of your opponent’s Benched Pokémon. (Don’t apply Weakness and Resistance for Benched Pokémon.) || Frosty Typhoon(130/WATER+WATER+WATER): During your next turn, this Pokémon can’t use Frosty Typhoon.",,
868,Mega Eelektross ex,POKEMON,Ascended Heroes,061,https://bulbapedia.bulbagarden.net/wiki/Mega_Eelektross_ex_%28Ascended_Heroes_61%29,350,STAGE2,LIGHTNING,FIGHTING,2,3,,Split Bomb(0/LIGHTNING+LIGHTNING): This attack does 60 damage to each of 2 of your opponent’s Pokémon. (Don’t apply Weakness and Resistance for Benched Pokémon.) || Disaster Shock(190/LIGHTNING+LIGHTNING+LIGHTNING): You may discard 2 {L} Energy from this Pokémon and make your opponent’s Active Pokémon Paralyzed.,,
869,Stunfisk,POKEMON,Unbroken Bonds,56,https://bulbapedia.bulbagarden.net/wiki/Stunfisk_%28Unbroken_Bonds_56%29,110,BASIC,LIGHTNING,FIGHTING,2,1,,"Pouncing Trap(30/LIGHTNING): During your opponent’s next turn, the Defending Pokémon can’t retreat. During your next turn, the Defending Pokémon takes 100 more damage from attacks (after applying Weakness and Resistance).",,
870,Helioptile,POKEMON,Fusion Strike,098,https://bulbapedia.bulbagarden.net/wiki/Helioptile_%28Fusion_Strike_98%29,70,BASIC,LIGHTNING,FIGHTING,1,1,,Zap Kick(30/LIGHTNING+COLORLESS): ,,
871,Heliolisk,POKEMON,Twilight Masquerade,071,https://bulbapedia.bulbagarden.net/wiki/Heliolisk_%28Twilight_Masquerade_71%29,120,STAGE1,LIGHTNING,FIGHTING,1,1," Frilled Generator: Once during your turn, if you played Canari from your hand this turn, you may use this Ability. Search your deck for up to 2 Basic {L} Energy cards and attach them to this Pokémon. Then, shuffle your deck.",Powerful Bolt(0/LIGHTNING+COLORLESS+COLORLESS): Flip a coin for each Energy attached to this Pokémon. This attack does 70 damage for each heads.,,
872,Tapu Koko,POKEMON,SM Black Star Promos,,https://bulbapedia.bulbagarden.net/wiki/Tapu_Koko_%28SM_Promo_30%29,120,BASIC,LIGHTNING,FIGHTING,1,1,,"Fast Flight(0/LIGHTNING): If you go first, you can use this attack during your first turn. Discard your hand and draw 5 cards. || Thunder Blast(130/LIGHTNING+LIGHTNING+COLORLESS): Discard 2 Energy from this Pokémon.",,
873,Team Rocket's Exeggcute,POKEMON,Ascended Heroes,077,https://bulbapedia.bulbagarden.net/wiki/Team_Rocket%27s_Exeggcute_%28Ascended_Heroes_77%29,60,BASIC,PSYCHIC,DARKNESS,1,1,,"Focused Wish(10/PSYCHIC): Flip a coin. If heads, this attack does 20 more damage.",,
874,Team Rocket's Exeggutor,POKEMON,Ascended Heroes,078,https://bulbapedia.bulbagarden.net/wiki/Team_Rocket%27s_Exeggutor_%28Ascended_Heroes_78%29,140,STAGE1,PSYCHIC,DARKNESS,3,1,,"Tri Kinesis(0/COLORLESS+COLORLESS): Flip 3 coins. If all of them are heads, Knock Out 1 of your opponent’s Pokémon. || Double-Edge(150/PSYCHIC+COLORLESS+COLORLESS): This Pokémon also does 30 damage to itself.",,
875,Misdreavus,POKEMON,Legendary Treasures,57,https://bulbapedia.bulbagarden.net/wiki/Misdreavus_%28Legendary_Treasures_57%29,60,BASIC,PSYCHIC,DARKNESS,1,1,,"Ascension(0/PSYCHIC): Search your deck for a card that evolves from this Pokémon and put it onto this Pokémon to evolve it. Then, shuffle your deck.",,
876,Mismagius,POKEMON,Legendary Treasures,58,https://bulbapedia.bulbagarden.net/wiki/Mismagius_%28Legendary_Treasures_58%29,110,STAGE1,PSYCHIC,DARKNESS,1,1,,"Assassin’s Magic(60/PSYCHIC+COLORLESS): If your opponent’s Active Pokémon is affected by a Special Condition, place 6 damage counters on 1 of your opponent’s Benched Pokémon.",,
877,Rotom,POKEMON,,,https://bulbapedia.bulbagarden.net/wiki/Rotom_%28Pok%C3%A9mon%29,60,BASIC,PSYCHIC,DARKNESS,1,1,,"Roto Call(0/COLORLESS): You may search your deck for any number of Pokémon that have “Rotom” in their name and put them onto your Bench. Then, shuffle your deck. || Gadget Show(0/COLORLESS+COLORLESS): This attack does 30 damage for each Pokémon Tool attached to all of your Pokémon.",,
878,Hop's Phantump,POKEMON,Ascended Heroes,095,https://bulbapedia.bulbagarden.net/wiki/Hop%27s_Phantump_%28Ascended_Heroes_95%29,70,BASIC,PSYCHIC,DARKNESS,2,1,,"Splashing Dodge(10/COLORLESS): Flip a coin. If heads, during your opponent’s next turn, prevent all damage from and effects of attacks done to this Pokémon.",,
879,Hop's Trevenant,POKEMON,Ascended Heroes,096,https://bulbapedia.bulbagarden.net/wiki/Hop%27s_Trevenant_%28Ascended_Heroes_96%29,140,STAGE1,PSYCHIC,DARKNESS,2,1,,"Horrifying Revenge(30/COLORLESS): If any of your Hop’s Pokémon were Knocked Out by damage from an attack during your opponent’s last turn, this attack does 100 more damage. || Corner(90/PSYCHIC+COLORLESS+COLORLESS): During your opponent’s next turn, the Defending Pokémon can’t retreat.",,
880,Spectrier,POKEMON,Lost Origin,081,https://bulbapedia.bulbagarden.net/wiki/Spectrier_%28Lost_Origin_81%29,120,BASIC,PSYCHIC,DARKNESS,1,1,,Spooky Shot(30/PSYCHIC):  || Phantasmal Barrage(0/PSYCHIC+PSYCHIC+COLORLESS): Discard all Energy from this Pokémon and place 12 damage counters on 1 of your opponent’s Pokémon.,,
881,Team Rocket's Diglett,POKEMON,Ascended Heroes,100,https://bulbapedia.bulbagarden.net/wiki/Team_Rocket%27s_Diglett_%28Ascended_Heroes_100%29,60,BASIC,FIGHTING,GRASS,1,1,,"Relentless Burrowing(0/FIGHTING): Flip a coin until you get tails. For each heads, discard the top card of your opponent’s deck.",,
882,Team Rocket's Dugtrio,POKEMON,Ascended Heroes,101,https://bulbapedia.bulbagarden.net/wiki/Team_Rocket%27s_Dugtrio_%28Ascended_Heroes_101%29,100,STAGE1,FIGHTING,GRASS,1,1," Holes: Whenever your opponent’s Active Pokémon moves to the Bench during their turn, place 2 damage counters on that Pokémon.",Mud Shot(50/FIGHTING+COLORLESS): ,,
883,Meditite,POKEMON,Stellar Crown,078,https://bulbapedia.bulbagarden.net/wiki/Meditite_%28Stellar_Crown_78%29,70,BASIC,FIGHTING,PSYCHIC,1,1,,Collect(0/COLORLESS): Draw a card. || Gentle Slap(10/FIGHTING): ,,
884,Medicham,POKEMON,Temporal Forces,083,https://bulbapedia.bulbagarden.net/wiki/Medicham_%28Temporal_Forces_83%29,120,STAGE1,FIGHTING,PSYCHIC,1,1,,"Seventh Kick(150/FIGHTING): If you don’t have exactly 7 cards in your hand, this attack does nothing.",,
885,Pancham,POKEMON,Crown Zenith,072,https://bulbapedia.bulbagarden.net/wiki/Pancham_%28Crown_Zenith_72%29,70,BASIC,FIGHTING,PSYCHIC,2,1,,Reckless Charge(20/COLORLESS): This Pokémon also does 10 damage to itself.,,
886,Mega Hawlucha ex,POKEMON,Ascended Heroes,116,https://bulbapedia.bulbagarden.net/wiki/Mega_Hawlucha_ex_%28Ascended_Heroes_116%29,250,BASIC,FIGHTING,PSYCHIC,1,3," Tenacious Body: If this Pokémon would be Knocked Out by damage from an attack, flip a coin. If heads, this Pokémon is not Knocked Out, and its remaining HP becomes 10.","Somersault Dive(120/FIGHTING+FIGHTING+COLORLESS): If a Stadium is in play, this attack does 140 more damage. Then, discard that Stadium.",,
887,Rolycoly,POKEMON,Rebel Clash,105,https://bulbapedia.bulbagarden.net/wiki/Rolycoly_%28Rebel_Clash_105%29,80,BASIC,FIGHTING,GRASS,3,1,,Mud-Slap(20/FIGHTING): ,,
888,Carkol,POKEMON,Rebel Clash,106,https://bulbapedia.bulbagarden.net/wiki/Carkol_%28Rebel_Clash_106%29,110,STAGE1,FIGHTING,GRASS,3,1,,"Guard Press(20/FIGHTING): During your opponent’s next turn, this Pokémon takes 20 less damage from attacks (after applying Weakness and Resistance). || Power Gem(60/FIGHTING+COLORLESS+COLORLESS): ",,
889,Coalossal,POKEMON,Rebel Clash,107,https://bulbapedia.bulbagarden.net/wiki/Coalossal_%28Rebel_Clash_107%29,180,STAGE2,FIGHTING,GRASS,4,1,,"Tar Cannon(0/FIGHTING): This attack does 140 damage to 1 of your opponent’s Pokémon. If you don’t have 10 or more Basic {F} Energy cards in your discard pile, this attack does nothing. (Don’t apply Weakness and Resistance for Benched Pokémon.) || Bulky Bump(220/FIGHTING+COLORLESS+COLORLESS+COLORLESS): Discard 3 Energy from this Pokémon.",,
890,Okidogi,POKEMON,Twilight Masquerade,111,https://bulbapedia.bulbagarden.net/wiki/Okidogi_%28Twilight_Masquerade_111%29,140,BASIC,FIGHTING,PSYCHIC,3,1,,Light Punch(20/FIGHTING):  || Settle the Score(80/FIGHTING+FIGHTING+COLORLESS): This attack does 60 more damage for each Prize card your opponent took during their last turn.,,
891,Team Rocket's Honchkrow,POKEMON,Ascended Heroes,127,https://bulbapedia.bulbagarden.net/wiki/Team_Rocket%27s_Honchkrow_%28Ascended_Heroes_127%29,130,STAGE1,DARKNESS,LIGHTNING,1,1,,"Rocket Feathers(0/COLORLESS+COLORLESS): You may discard any number of Supporter cards that have “Team Rocket” in their name from your hand, and this attack does 60 damage for each card you discarded in this way. || Hammer In(100/DARKNESS+COLORLESS+COLORLESS): ",,
892,Galarian Zigzagoon,POKEMON,Sword & Shield,117,https://bulbapedia.bulbagarden.net/wiki/Galarian_Zigzagoon_%28Sword_%26_Shield_117%29,70,BASIC,DARKNESS,GRASS,1,1,,Gnaw(10/DARKNESS): ,,
893,Galarian Linoone,POKEMON,Sword & Shield,118,https://bulbapedia.bulbagarden.net/wiki/Galarian_Linoone_%28Sword_%26_Shield_118%29,90,STAGE1,DARKNESS,GRASS,2,1,,Gnaw(20/DARKNESS):  || Claw Slash(50/DARKNESS+COLORLESS): ,,
894,Galarian Obstagoon,POKEMON,Sword & Shield,119,https://bulbapedia.bulbagarden.net/wiki/Galarian_Obstagoon_%28Sword_%26_Shield_119%29,170,STAGE2,DARKNESS,GRASS,2,1,,Scarring Shout(0/DARKNESS+COLORLESS): This attack does 70 damage for each damage counter on your opponent’s Active Pokémon. || Punk Smash(160/DARKNESS+COLORLESS+COLORLESS): Discard an Energy from this Pokémon.,,
895,Scraggy,POKEMON,,,https://bulbapedia.bulbagarden.net/wiki/Scraggy_%28Gates_to_Infinity%29,80,BASIC,DARKNESS,GRASS,2,1,,Knock Off(20/DARKNESS+COLORLESS): Discard a random card from your opponent’s hand.,,
896,Mega Scrafty ex,POKEMON,Ascended Heroes,135,https://bulbapedia.bulbagarden.net/wiki/Mega_Scrafty_ex_%28Ascended_Heroes_135%29,330,STAGE1,DARKNESS,GRASS,2,3," Counterattacking Crest: If this Pokémon is in the Active Spot and is damaged by an attack from your opponent’s Pokémon (even if this Pokémon is Knocked Out), place 5 damage counters on the Attacking Pokémon.",Outlaw Leg(160/DARKNESS+DARKNESS+COLORLESS): Discard a random card from your opponent’s hand. Discard the top card of your opponent’s deck.,,
897,Pangoro,POKEMON,,,https://bulbapedia.bulbagarden.net/wiki/Pangoro_%28Detective_Pikachu%29,140,STAGE1,DARKNESS,GRASS,3,1,,"Corkscrew Punch(40/DARKNESS):  || Master’s Punch(80/DARKNESS+DARKNESS+COLORLESS): If any of your Benched Pancham have any damage counters on them, this attack does 120 more damage.",,
898,Pecharunt,POKEMON,SVP Black Star Promos,,https://bulbapedia.bulbagarden.net/wiki/Pecharunt_%28SVP_Promo_129%29,80,BASIC,DARKNESS,FIGHTING,1,1," Final Chain: If this Pokémon is Knocked Out by damage from an attack from your opponent’s Pokémon, search your deck for a card and put it into your hand. Then, shuffle your deck.","Mochi Rush(20/DARKNESS): During your next turn, this Pokémon’s Mochi Rush attack does 50 more damage (before applying Weakness and Resistance).",,
899,Pawniard,POKEMON,,,https://bulbapedia.bulbagarden.net/wiki/Pawniard_%28Gates_to_Infinity%29,70,BASIC,METAL,FIRE,1,1,,Push Down(10/METAL): Switch out your opponent’s Active Pokémon to the Bench. (Your opponent chooses the new Active Pokémon.),,
900,Bisharp,POKEMON,Scarlet & Violet,133,https://bulbapedia.bulbagarden.net/wiki/Bisharp_%28Scarlet_%26_Violet_133%29,120,STAGE1,METAL,FIRE,1,1,,Rapid Draw(50/METAL): Draw 2 cards.,,
901,Kingambit,POKEMON,Scarlet & Violet,134,https://bulbapedia.bulbagarden.net/wiki/Kingambit_%28Scarlet_%26_Violet_134%29,170,STAGE2,METAL,FIRE,3,1, Supreme Overlord: Attacks used by this Pokémon do 30 more damage to your opponent’s Active Pokémon for each Prize card your opponent has taken (before applying Weakness and Resistance).,Double-Edged Slash(180/METAL+METAL): This Pokémon also does 50 damage to itself.,,
902,Dratini,POKEMON,Base Set,26,https://bulbapedia.bulbagarden.net/wiki/Dratini_%28Base_Set_26%29,80,BASIC,DRAGON,,2,1,,Headbutt(30/WATER+LIGHTNING): ,,
903,Dragonair,POKEMON,Base Set,18,https://bulbapedia.bulbagarden.net/wiki/Dragonair_%28Base_Set_18%29,100,STAGE1,DRAGON,,2,1," Evolutionary Guidance: Once during your turn, if this Pokémon has any Energy attached, you may use this Ability. Search your deck for an Evolution Pokémon, reveal it, and put it into your hand. Then, shuffle your deck.",Tail Snap(60/WATER+LIGHTNING): ,,
904,Mega Dragonite ex,POKEMON,Ascended Heroes,152,https://bulbapedia.bulbagarden.net/wiki/Mega_Dragonite_ex_%28Ascended_Heroes_152%29,370,STAGE2,DRAGON,,2,3," Sky Transport: Once during your turn, you may use this Ability. Switch your Active Pokémon with 1 of your Benched Pokémon.",Ryuno Glide(330/WATER+LIGHTNING+LIGHTNING): Discard 2 Energy from this Pokémon.,,
905,Rayquaza,POKEMON,,,https://bulbapedia.bulbagarden.net/wiki/Rayquaza_%28Pok%C3%A9mon%29,120,BASIC,DRAGON,,1,1,,"Breakthrough Assault(20/LIGHTNING+COLORLESS): If this Pokémon moved from your Bench to the Active Spot this turn, this attack does 90 more damage. || Dragon Claw(130/FIRE+LIGHTNING+COLORLESS): ",,
906,N's Zekrom,POKEMON,Ascended Heroes,155,https://bulbapedia.bulbagarden.net/wiki/N%27s_Zekrom_%28Ascended_Heroes_155%29,130,BASIC,DRAGON,,2,1,,"Shred(70/COLORLESS+COLORLESS+COLORLESS): This attack’s damage isn’t affected by any effects on your opponent’s Active Pokémon. || Rampaging Thunder(250/FIRE+LIGHTNING+LIGHTNING+COLORLESS): During your next turn, this Pokémon can’t use attacks.",,
907,Noibat,POKEMON,Paldea Evolved,152,https://bulbapedia.bulbagarden.net/wiki/Noibat_%28Paldea_Evolved_152%29,70,BASIC,DRAGON,,1,1,,"Knickknack Carrying(0/COLORLESS): Search your deck for a Pokémon Tool card, reveal it, and put it into your hand. Then, shuffle your deck. || Bite(30/PSYCHIC+DARKNESS): ",,
908,Noivern,POKEMON,,,https://bulbapedia.bulbagarden.net/wiki/Noivern_%28Pok%C3%A9mon%29,120,STAGE1,DRAGON,,0,1,,"Agility(40/COLORLESS+COLORLESS): Flip a coin. If heads, during your opponent’s next turn, prevent all damage from and effects of attacks done to this Pokémon. || Enhanced Blade(70/PSYCHIC+DARKNESS): If this Pokémon has a Pokémon Tool attached, this attack does 70 more damage.",,
909,Erika's Oddish,POKEMON,Gym Heroes,78,https://bulbapedia.bulbagarden.net/wiki/Erika%27s_Oddish_%28Gym_Heroes_78%29,60,BASIC,GRASS,FIRE,1,1,,Reckless Charge(30/GRASS): This Pokémon also does 10 damage to itself.,,
910,Erika's Gloom,POKEMON,Gym Heroes,46,https://bulbapedia.bulbagarden.net/wiki/Erika%27s_Gloom_%28Gym_Heroes_46%29,90,STAGE1,GRASS,FIRE,1,1,,Poison Spray(50/GRASS+COLORLESS): Your opponent’s Active Pokémon is now Poisoned.,,
911,Erika's Vileplume ex,POKEMON,Ascended Heroes,003,https://bulbapedia.bulbagarden.net/wiki/Erika%27s_Vileplume_ex_%28Ascended_Heroes_3%29,310,STAGE2,GRASS,FIRE,2,2," Lovely Fragrance: Once during your turn, you may use this Ability. Heal 30 damage from each of your Pokémon.",Bloom Powder(160/GRASS+GRASS+COLORLESS): Your opponent’s Active Pokémon is now Asleep and Poisoned.,,
912,Erika's Bellsprout,POKEMON,Gym Heroes,75,https://bulbapedia.bulbagarden.net/wiki/Erika%27s_Bellsprout_%28Gym_Heroes_75%29,60,BASIC,GRASS,FIRE,1,1,,Vine Slap(20/GRASS): ,,
913,Erika's Weepinbell,POKEMON,Gym Heroes,48,https://bulbapedia.bulbagarden.net/wiki/Erika%27s_Weepinbell_%28Gym_Heroes_48%29,90,STAGE1,GRASS,FIRE,2,1,,"Melt(30/GRASS):  || Leafy Cyclone(70/GRASS+COLORLESS): During your next turn, this Pokémon can’t use attacks.",,
914,Erika's Victreebel,POKEMON,Gym Heroes,26,https://bulbapedia.bulbagarden.net/wiki/Erika%27s_Victreebel_%28Gym_Heroes_26%29,150,STAGE2,GRASS,FIRE,3,1,,Flower Garden Rondo(0/GRASS+COLORLESS): This attack does 40 damage for each of your Erika’s Pokémon in play. || Solar Beam(130/GRASS+GRASS+COLORLESS): ,,
915,Erika's Tangela,POKEMON,Ascended Heroes,007,https://bulbapedia.bulbagarden.net/wiki/Erika%27s_Tangela_%28Ascended_Heroes_7%29,80,BASIC,GRASS,FIRE,2,1," Gathering of Blossoms: Once during your turn, you may use this Ability. Search your deck for an Erika’s Pokémon, reveal it, and put it into your hand. Then, shuffle your deck.","Bind(50/GRASS+COLORLESS): Flip a coin. If heads, your opponent’s Active Pokémon is now Paralyzed.",,
916,Scyther,POKEMON,Jungle,10,https://bulbapedia.bulbagarden.net/wiki/Scyther_%28Jungle_10%29,90,BASIC,GRASS,FIRE,1,1,,"Cut Up(10/COLORLESS):  || Slashing Strike(60/COLORLESS+COLORLESS): During your next turn, this Pokémon can’t use Slashing Strike.",,
917,Chikorita,POKEMON,,,https://bulbapedia.bulbagarden.net/wiki/Chikorita_%28Pok%C3%A9mon%29,70,BASIC,GRASS,FIRE,1,1,,"Growl(0/COLORLESS): During your opponent’s next turn, attacks used by the Defending Pokémon do 20 less damage (before applying Weakness and Resistance). || Seed Bomb(30/GRASS+GRASS): ",,
918,Bayleef,POKEMON,Ascended Heroes,009,https://bulbapedia.bulbagarden.net/wiki/Bayleef_%28Ascended_Heroes_9%29,100,STAGE1,GRASS,FIRE,2,1,,Leaf Step(60/GRASS+GRASS): ,,
919,Mega Meganium ex,POKEMON,Ascended Heroes,010,https://bulbapedia.bulbagarden.net/wiki/Mega_Meganium_ex_%28Ascended_Heroes_10%29,360,STAGE2,GRASS,FIRE,2,3,,Giant Bouquet(70/COLORLESS+COLORLESS+COLORLESS): This attack does 50 more damage for each {G} Energy attached to this Pokémon.,,
920,Tapu Bulu,POKEMON,,,https://bulbapedia.bulbagarden.net/wiki/Tapu_Bulu_%28Pok%C3%A9mon%29,140,BASIC,GRASS,FIRE,3,1,,Wood Hammer(220/GRASS+GRASS+COLORLESS+COLORLESS): This Pokémon also does 30 damage to itself.,,
921,Dipplin,POKEMON,Twilight Masquerade,018,https://bulbapedia.bulbagarden.net/wiki/Dipplin_%28Twilight_Masquerade_18%29,90,STAGE1,GRASS,FIRE,3,1,,"Coated Attack(20/GRASS): During your opponent’s next turn, prevent all damage done to this Pokémon by attacks from Basic Pokémon.",,"The only attack considered for the ""Festival Lead"" Ability is the attack printed directly on the Pokémon card with the Ability (""this Pokémon may use an attack it has twice""). Cards that grant the Pokémon additional attacks such as Technical Machine s are not considered for ""Festival Lead"". ; If a player's Pokémon with ""Festival Lead"" has 1 Energy attached to it and uses an attack on the opponent's Active Pokémon with  attached, and the Energy is moved to the player's Benched Pokémon, the Attacking Pokémon with Festival Lead cannot attack the second time, as the Energy requirement is no longer satisfied. ; For interactions between a Pokémon with the ""Festival Lead"" Ability and  from , which has the ""Midnight Fluttering"" Ability that shuts down the opposing Active Pokémon's Ability: ; *If a player uses a ""Festival Lead"" Pokémon to Knock Out their opponent's Active Pokémon and the opponent sends out Flutter Mane with the ""Midnight Fluttering"" Ability as a replacement Active Pokémon, the ""Festival Lead"" Ability is immediately removed and the player may not attack a second time. ; *If a player uses a ""Festival Lead"" Pokémon to Knock Out their opponent's Active Flutter Mane with the ""Midnight Fluttering"" Ability, the ""Festival Lead"" Ability reactivates upon the Flutter Mane being Knocked Out, and thus the ""Festival Lead"" Pokémon may attack a second time."
922,Sprigatito,POKEMON,Scarlet & Violet,013,https://bulbapedia.bulbagarden.net/wiki/Sprigatito_%28Scarlet_%26_Violet_13%29,60,BASIC,GRASS,FIRE,1,1,,Tons of Treading(0/COLORLESS): Flip 3 coins. This attack does 10 damage for each heads.,,
923,Floragato,POKEMON,Paldea Evolved,014,https://bulbapedia.bulbagarden.net/wiki/Floragato_%28Paldea_Evolved_14%29,90,STAGE1,GRASS,FIRE,1,1,,"Magical Leaf(30/COLORLESS+COLORLESS): Flip a coin. If heads, this attack does 30 more damage, and heal 30 damage from this Pokémon.",,
924,Meowscarada,POKEMON,,,https://bulbapedia.bulbagarden.net/wiki/Meowscarada_%28Shining_Revelry_7%29,160,STAGE2,GRASS,FIRE,1,1," Showtime: Once during your turn, if this Pokémon is on your Bench, you may switch it with your Active Pokémon.","Rising Bloom(90/COLORLESS+COLORLESS): If your opponent’s Active Pokémon is a Pokémon {ex}, this attack does 90 more damage.",,
925,Capsakid,POKEMON,Scarlet & Violet,028,https://bulbapedia.bulbagarden.net/wiki/Capsakid_%28Scarlet_%26_Violet_28%29,70,BASIC,GRASS,FIRE,1,1,,Headbutt Bounce(20/COLORLESS+COLORLESS): ,,
926,Charmander,POKEMON,,,https://bulbapedia.bulbagarden.net/wiki/Charmander_%28Pok%C3%A9mon%29,80,BASIC,FIRE,WATER,1,1,,Fire Claws(30/FIRE+COLORLESS): ,,
927,Charmeleon,POKEMON,Base Set,24,https://bulbapedia.bulbagarden.net/wiki/Charmeleon_%28Base_Set_24%29,100,STAGE1,FIRE,WATER,1,1,,Heat Blast(50/FIRE+COLORLESS): ,,
928,Mega Charizard Y ex,POKEMON,Ascended Heroes,022,https://bulbapedia.bulbagarden.net/wiki/Mega_Charizard_Y_ex_%28Ascended_Heroes_22%29,360,STAGE2,FIRE,WATER,1,3,,"Explosion Y(0/FIRE+FIRE+COLORLESS): Discard 3 Energy from this Pokémon, and this attack does 280 damage to 1 of your opponent’s Pokémon. (Don’t apply Weakness and Resistance for Benched Pokémon.)",,
929,Magmar,POKEMON,Fossil,39,https://bulbapedia.bulbagarden.net/wiki/Magmar_%28Fossil_39%29,80,BASIC,FIRE,WATER,2,1,,"Searing Flame(30/FIRE+COLORLESS): Flip a coin. If heads, your opponent’s Active Pokémon is now Burned.",,
930,Tepig,POKEMON,BW Black Star Promos,3,https://bulbapedia.bulbagarden.net/wiki/Tepig_%28BW_Promo_2%29,80,BASIC,FIRE,WATER,2,1,,Steady Firebreathing(20/FIRE): ,,
931,Pignite,POKEMON,Black & White,17,https://bulbapedia.bulbagarden.net/wiki/Pignite_%28Black_%26_White_17%29,110,STAGE1,FIRE,WATER,3,1,,Super Singe(70/FIRE+FIRE+COLORLESS): Your opponent’s Active Pokémon is now Burned.,,
932,Mega Emboar ex,POKEMON,Ascended Heroes,031,https://bulbapedia.bulbagarden.net/wiki/Mega_Emboar_ex_%28Ascended_Heroes_31%29,380,STAGE2,FIRE,WATER,4,3,,Crimson Blast(320/FIRE+FIRE+COLORLESS): This Pokémon also does 60 damage to itself.,,
933,Larvesta,POKEMON,Surging Sparks,024,https://bulbapedia.bulbagarden.net/wiki/Larvesta_%28Surging_Sparks_24%29,70,BASIC,FIRE,WATER,2,1,,Ram(10/COLORLESS):  || Steady Firebreathing(20/FIRE+COLORLESS): ,,
934,Centiskorch,POKEMON,Sword & Shield,039,https://bulbapedia.bulbagarden.net/wiki/Centiskorch_%28Sword_%26_Shield_39%29,130,STAGE1,FIRE,WATER,2,1,,Billowing Heat Wave(130/FIRE): This attack also does 30 damage to each of your Benched Pokémon. (Don’t apply Weakness and Resistance for Benched Pokémon.) || Heat Blast(80/COLORLESS+COLORLESS+COLORLESS): ,,
935,Fuecoco,POKEMON,Paldea Evolved,034,https://bulbapedia.bulbagarden.net/wiki/Fuecoco_%28Paldea_Evolved_34%29,80,BASIC,FIRE,WATER,2,1,,Heat Burn(20/FIRE+COLORLESS): Your opponent’s Active Pokémon is now Burned.,,
936,Crocalor,POKEMON,Paldea Evolved,036,https://bulbapedia.bulbagarden.net/wiki/Crocalor_%28Paldea_Evolved_36%29,110,STAGE1,FIRE,WATER,3,1,,"Heat Breath(30/FIRE+COLORLESS): Flip a coin. If heads, this attack does 50 more damage.",,
937,Totodile,POKEMON,,,https://bulbapedia.bulbagarden.net/wiki/Totodile_%28Pok%C3%A9mon%29,80,BASIC,WATER,LIGHTNING,1,1,,Slight Intrusion(40/WATER+WATER): This Pokémon also does 10 damage to itself.,,
938,Croconaw,POKEMON,,,https://bulbapedia.bulbagarden.net/wiki/Croconaw_%28T_Promo_9%29,100,STAGE1,WATER,LIGHTNING,2,1,,"Crunch(50/WATER+WATER): Flip a coin. If heads, discard an Energy from your opponent’s Active Pokémon.",,
939,Mega Feraligatr ex,POKEMON,Ascended Heroes,043,https://bulbapedia.bulbagarden.net/wiki/Mega_Feraligatr_ex_%28Ascended_Heroes_43%29,370,STAGE2,WATER,LIGHTNING,3,3,,"Mortal Crunch(200/WATER+WATER+COLORLESS): If your opponent’s Active Pokémon already has any damage counters on it, this attack does 200 more damage.",,
940,Glalie,POKEMON,Twilight Masquerade,052,https://bulbapedia.bulbagarden.net/wiki/Glalie_%28Twilight_Masquerade_52%29,120,STAGE1,WATER,METAL,2,1,,Damage Beat(0/WATER): This attack does 20 damage for each damage counter on your opponent’s Active Pokémon. || Crazy Headbutt(140/WATER+COLORLESS+COLORLESS): Discard an Energy from this Pokémon.,,
941,Spheal,POKEMON,Surging Sparks,043,https://bulbapedia.bulbagarden.net/wiki/Spheal_%28Surging_Sparks_43%29,70,BASIC,WATER,METAL,2,1,,Powder Snow(10/WATER): Your opponent’s Active Pokémon is now Asleep.,,
942,Sealeo,POKEMON,Surging Sparks,044,https://bulbapedia.bulbagarden.net/wiki/Sealeo_%28Surging_Sparks_44%29,100,STAGE1,WATER,METAL,3,1,,Lunge Out(30/WATER):  || Ice Ball(60/WATER+WATER): ,,
943,Walrein,POKEMON,Surging Sparks,045,https://bulbapedia.bulbagarden.net/wiki/Walrein_%28Surging_Sparks_45%29,170,STAGE2,WATER,METAL,3,1,,"Frigid Fangs(60/WATER): During your opponent’s next turn, Pokémon that have 2 or less Energy attached can’t use attacks. (This includes new Pokémon that come into play.) || Megaton Fall(170/WATER+WATER): This Pokémon also does 50 damage to itself.",,
944,Regice ex,POKEMON,Ascended Heroes,048,https://bulbapedia.bulbagarden.net/wiki/Regice_ex_%28Ascended_Heroes_48%29,230,BASIC,WATER,METAL,3,2,,"Regi Charge(0/COLORLESS): Attach up to 2 Basic {W} Energy cards from your discard pile to this Pokémon. || Ice Prison(140/WATER+COLORLESS+COLORLESS+COLORLESS): Discard 2 Energy from this Pokémon, and your opponent’s Active Pokémon is now Paralyzed.",,
945,Froakie,POKEMON,XY Black Star Promos,12,https://bulbapedia.bulbagarden.net/wiki/Froakie_%28XY_Promo_3%29,60,BASIC,WATER,LIGHTNING,1,1,,Rain Splash(20/WATER+COLORLESS): ,,
946,Cramorant,POKEMON,Rebel Clash,051,https://bulbapedia.bulbagarden.net/wiki/Cramorant_%28Rebel_Clash_51%29,110,BASIC,WATER,LIGHTNING,1,1,,"Water Gun(20/WATER):  || Spit Shot(0/COLORLESS+COLORLESS+COLORLESS): Discard all Energy from this Pokémon, and this attack does 120 damage to 1 of your opponent’s Pokémon. (Don’t apply Weakness and Resistance for Benched Pokémon.)",,
947,Quaxly,POKEMON,Scarlet & Violet,052,https://bulbapedia.bulbagarden.net/wiki/Quaxly_%28Scarlet_%26_Violet_52%29,60,BASIC,WATER,LIGHTNING,1,1,,"Aerial Ace(10/WATER): Flip a coin. If heads, this attack does 20 more damage.",,
948,Pikachu,POKEMON,,,https://bulbapedia.bulbagarden.net/wiki/Pikachu_%28Pok%C3%A9mon%29,70,BASIC,LIGHTNING,FIGHTING,1,1,,Tail Smack(10/LIGHTNING):  || Tiny Bolt(30/LIGHTNING+COLORLESS): ,,
949,Raichu,POKEMON,,,https://bulbapedia.bulbagarden.net/wiki/Raichu_%28Pok%C3%A9mon%29,130,STAGE1,LIGHTNING,FIGHTING,1,1,,"Quick Blow(20/LIGHTNING): Flip a coin. If heads, this attack does 50 more damage. || Strong Volt(150/LIGHTNING+LIGHTNING+COLORLESS): Discard a {L} Energy from this Pokémon.",,
950,Magnemite,POKEMON,Base Set,53,https://bulbapedia.bulbagarden.net/wiki/Magnemite_%28Base_Set_53%29,60,BASIC,LIGHTNING,FIGHTING,1,1,,Lightning Ball(20/LIGHTNING): ,,
951,Voltorb ex,POKEMON,Ascended Heroes,058,https://bulbapedia.bulbagarden.net/wiki/Voltorb_ex_%28Ascended_Heroes_58%29,170,BASIC,LIGHTNING,FIGHTING,1,2,,Hundred-Hitting Ball(100/COLORLESS+COLORLESS+COLORLESS): Flip a coin until you get tails. This attack does 100 more damage for each heads.,,
952,Zapdos,POKEMON,Wizards Black Star Promos,150,https://bulbapedia.bulbagarden.net/wiki/Zapdos_%28Wizards_Promo_23%29,110,BASIC,LIGHTNING,LIGHTNING,1,1,,Follow-Up Bolt(20/LIGHTNING+COLORLESS): This attack does 10 more damage for each damage counter on your opponent’s Active Pokémon. || Drill Peck(80/LIGHTNING+COLORLESS+COLORLESS): ,,
953,Zapdos,POKEMON,Wizards Black Star Promos,150,https://bulbapedia.bulbagarden.net/wiki/Zapdos_%28Wizards_Promo_23%29,120,BASIC,LIGHTNING,LIGHTNING,2,1,,"Thunder Wave(0/LIGHTNING): Flip a coin. If heads, your opponent’s Active Pokémon is now Paralyzed. || Thunderbolt(190/LIGHTNING+LIGHTNING+COLORLESS): Discard all Energy from this Pokémon.",,
954,Luxray ex,POKEMON,Twilight Masquerade,068,https://bulbapedia.bulbagarden.net/wiki/Luxray_ex_%28Twilight_Masquerade_68%29,310,STAGE2,LIGHTNING,FIGHTING,1,2,,"Piercing Gaze(120/COLORLESS+COLORLESS): Your opponent reveals their hand, and you discard a card you find there. || Volt Strike(250/LIGHTNING+LIGHTNING): Discard all Energy from this Pokémon.",,
955,Helioptile,POKEMON,Fusion Strike,098,https://bulbapedia.bulbagarden.net/wiki/Helioptile_%28Fusion_Strike_98%29,60,BASIC,LIGHTNING,FIGHTING,1,1,,Collect(0/COLORLESS): Draw a card. || Static Shock(10/LIGHTNING): ,,
956,Zeraora,POKEMON,Team Up,52,https://bulbapedia.bulbagarden.net/wiki/Zeraora_%28Team_Up_52%29,120,BASIC,LIGHTNING,FIGHTING,1,1,,Combat Thunder(20/LIGHTNING+COLORLESS): This attack does 20 more damage for each of your opponent’s Benched Pokémon.,,
957,Miraidon ex,POKEMON,Scarlet & Violet,081,https://bulbapedia.bulbagarden.net/wiki/Miraidon_ex_%28Scarlet_%26_Violet_81%29,220,BASIC,LIGHTNING,FIGHTING,1,2,,"Slashing Claw(40/LIGHTNING):  || Hadron Spark(120/LIGHTNING+LIGHTNING+COLORLESS): If your opponent’s Active Pokémon is a Pokémon {ex}, this attack does 120 more damage.",,
958,Clefable,POKEMON,Jungle,1,https://bulbapedia.bulbagarden.net/wiki/Clefable_%28Jungle_1%29,120,STAGE1,PSYCHIC,METAL,2,1,,Metronome(0/COLORLESS+COLORLESS): Choose 1 of your opponent’s Active Pokémon’s attacks and use it as this attack. || Magical Shot(100/PSYCHIC+COLORLESS+COLORLESS): ,,
959,Togepi,POKEMON,,,https://bulbapedia.bulbagarden.net/wiki/Togepi_%28Pok%C3%A9mon%29,50,BASIC,PSYCHIC,METAL,1,1,,Pound(30/COLORLESS+COLORLESS): ,,
960,Togetic,POKEMON,Surging Sparks,071,https://bulbapedia.bulbagarden.net/wiki/Togetic_%28Surging_Sparks_71%29,90,STAGE1,PSYCHIC,METAL,1,1,,Draining Kiss(30/COLORLESS+COLORLESS): Heal 30 damage from this Pokémon.,,
961,Marill,POKEMON,Wizards Black Star Promos,,https://bulbapedia.bulbagarden.net/wiki/Marill_%28Wizards_Promo_29%29,70,BASIC,PSYCHIC,METAL,1,1,,"Hide(0/COLORLESS): Flip a coin. If heads, during your opponent’s next turn, prevent all damage from and effects of attacks done to this Pokémon. || Flop(20/PSYCHIC+COLORLESS): ",,
962,Azumarill ex,POKEMON,Ascended Heroes,084,https://bulbapedia.bulbagarden.net/wiki/Azumarill_ex_%28Ascended_Heroes_84%29,270,STAGE1,PSYCHIC,METAL,2,2," Bubble Gathering: As often as you like during your turn, you may use this Ability. Move an Energy from 1 of your other Pokémon to this Pokémon.",Energized Balloon(60/COLORLESS+COLORLESS+COLORLESS): This attack does 40 more damage for each {P} Energy attached to this Pokémon.,,
963,Shuppet,POKEMON,Secret Wonders,110,https://bulbapedia.bulbagarden.net/wiki/Shuppet_%28Secret_Wonders_110%29,60,BASIC,PSYCHIC,DARKNESS,1,1,,Spooky Shot(20/PSYCHIC): ,,
964,Beheeyem,POKEMON,,,https://bulbapedia.bulbagarden.net/wiki/Beheeyem_%28Super_Mystery_Dungeon%29,100,STAGE1,PSYCHIC,DARKNESS,1,1,,Cosmic Beatdown(0/PSYCHIC): This attack does 20 damage for each of your Pokémon in play.,,
965,Swirlix,POKEMON,Phantom Forces,68,https://bulbapedia.bulbagarden.net/wiki/Swirlix_%28Phantom_Forces_68%29,60,BASIC,PSYCHIC,METAL,1,1,,Ram(20/PSYCHIC): ,,
966,Slurpuff,POKEMON,,,https://bulbapedia.bulbagarden.net/wiki/Slurpuff_%28Eevee_Grove_32%29,120,STAGE1,PSYCHIC,METAL,2,1,,Tackle(40/PSYCHIC):  || Magical Shot(70/PSYCHIC+COLORLESS): ,,
967,Fidough,POKEMON,Scarlet & Violet,097,https://bulbapedia.bulbagarden.net/wiki/Fidough_%28Scarlet_%26_Violet_97%29,60,BASIC,PSYCHIC,METAL,2,1,,"Pleasant Aroma(0/COLORLESS): Search your deck for a Basic Pokémon and put it onto your Bench. Then, shuffle your deck. || Stampede(10/COLORLESS): ",,
968,Dachsbun ex,POKEMON,Stellar Crown,067,https://bulbapedia.bulbagarden.net/wiki/Dachsbun_ex_%28Stellar_Crown_67%29,250,STAGE1,PSYCHIC,METAL,2,2," Time to Chow Down: Once during your turn, when you play this Pokémon from your hand to evolve 1 of your Pokémon, you may use this Ability. Heal all damage from each of your Evolution Pokémon. If you healed any damage in this way, discard all Energy from those Pokémon.",Wonder Shine(130/COLORLESS+COLORLESS): Your opponent’s Active Pokémon is now Confused.,,
969,Scream Tail ex,POKEMON,Twilight Masquerade,094,https://bulbapedia.bulbagarden.net/wiki/Scream_Tail_ex_%28Twilight_Masquerade_94%29,190,BASIC,PSYCHIC,DARKNESS,1,2,,"Scream(0/COLORLESS): You can use this attack only if you go second, and only during your first turn. Your opponent can’t play any Supporter cards from their hand during their next turn. || Crunch(120/PSYCHIC+COLORLESS+COLORLESS): Discard an Energy from your opponent’s Active Pokémon.",,
970,Fezandipiti,POKEMON,Twilight Masquerade,096,https://bulbapedia.bulbagarden.net/wiki/Fezandipiti_%28Twilight_Masquerade_96%29,120,BASIC,PSYCHIC,METAL,1,1," Adrena-Pheromone: If this Pokémon has any {D} Energy attached and is damaged by an attack, flip a coin. If heads, prevent that damage.",Energy Feather(0/PSYCHIC): This attack does 30 damage for each Energy attached to this Pokémon.,,
971,Iron Boulder,POKEMON,Stellar Crown,071,https://bulbapedia.bulbagarden.net/wiki/Iron_Boulder_%28Stellar_Crown_71%29,140,BASIC,PSYCHIC,DARKNESS,3,1,,"Adjusted Horn(170/PSYCHIC+COLORLESS): If you don’t have the same number of cards in your hand as your opponent, this attack does nothing.",,
972,Hitmontop,POKEMON,Wizards Black Star Promos,,https://bulbapedia.bulbagarden.net/wiki/Hitmontop_%28Wizards_Promo_37%29,100,BASIC,FIGHTING,PSYCHIC,1,1,,"Spin and Draw(0/COLORLESS): Shuffle your hand into your deck. Then, draw 6 cards. || Low Kick(50/FIGHTING+COLORLESS): ",,
973,Groudon,POKEMON,,,https://bulbapedia.bulbagarden.net/wiki/Groudon_%28Pok%C3%A9mon%29,140,BASIC,FIGHTING,GRASS,3,1,,Hammer In(80/FIGHTING+FIGHTING+COLORLESS):  || Megaton Fall(150/FIGHTING+FIGHTING+COLORLESS+COLORLESS): This Pokémon also does 30 damage to itself.,,
974,Riolu,POKEMON,Brilliant Stars,078,https://bulbapedia.bulbagarden.net/wiki/Riolu_%28Brilliant_Stars_78%29,70,BASIC,FIGHTING,PSYCHIC,1,1,,Punch(30/FIGHTING+COLORLESS): ,,
975,Stunfisk ex,POKEMON,Ascended Heroes,114,https://bulbapedia.bulbagarden.net/wiki/Stunfisk_ex_%28Ascended_Heroes_114%29,210,BASIC,FIGHTING,GRASS,2,2,,"Big Bite(30/FIGHTING): During your opponent’s next turn, the Defending Pokémon can’t retreat. || Flopping Trap(100/FIGHTING+COLORLESS+COLORLESS): If this Pokémon has any damage counters on it, this attack does 100 more damage.",,
976,Carbink,POKEMON,Roaring Skies,47,https://bulbapedia.bulbagarden.net/wiki/Carbink_%28Roaring_Skies_47%29,90,BASIC,FIGHTING,GRASS,1,1," Double Type: As long as this Pokémon is in play, it is {F} and {P} type.","Counter Jewel(70/FIGHTING+FIGHTING+COLORLESS): If your opponent has 2 or fewer Prize cards remaining, this attack does 100 more damage.",,
977,Crabrawler,POKEMON,Sun & Moon,72,https://bulbapedia.bulbagarden.net/wiki/Crabrawler_%28Sun_%26_Moon_72%29,90,BASIC,FIGHTING,PSYCHIC,3,1,,Vise Grip(20/COLORLESS+COLORLESS):  || Crabhammer(50/COLORLESS+COLORLESS+COLORLESS): ,,
978,Passimian,POKEMON,Sun & Moon,73,https://bulbapedia.bulbagarden.net/wiki/Passimian_%28Sun_%26_Moon_73%29,110,BASIC,FIGHTING,PSYCHIC,1,1,,Coordinated Throwing(0/FIGHTING+COLORLESS): This attack does 20 damage for each of your Basic Pokémon in play.,,
979,Koraidon ex,POKEMON,,,https://bulbapedia.bulbagarden.net/wiki/Generations_Start_Decks_%28TCG%29,230,BASIC,FIGHTING,PSYCHIC,2,2,,"Tera(50/FIGHTING+COLORLESS): As long as this Pokémon is on your Bench, prevent all damage done to this Pokémon by attacks (both yours and your opponent’s). || Orichalcum Fang(200/FIGHTING+FIGHTING+COLORLESS): If any of your Pokémon were Knocked Out by damage from an attack during your opponent’s last turn, this attack does 120 more damage.",,
980,Venipede,POKEMON,Twilight Masquerade,115,https://bulbapedia.bulbagarden.net/wiki/Venipede_%28Twilight_Masquerade_115%29,80,BASIC,DARKNESS,FIGHTING,3,1,,Spit Poison(0/DARKNESS): Your opponent’s Active Pokémon is now Poisoned. || Spinning Attack(40/DARKNESS+COLORLESS+COLORLESS): ,,
981,Whirlipede,POKEMON,Twilight Masquerade,116,https://bulbapedia.bulbagarden.net/wiki/Whirlipede_%28Twilight_Masquerade_116%29,100,STAGE1,DARKNESS,FIGHTING,3,1,,"Poison Ring(0/DARKNESS): Your opponent’s Active Pokémon is now Poisoned. During your opponent’s next turn, that Pokémon can’t retreat. || Spinning Attack(60/DARKNESS+COLORLESS+COLORLESS): ",,
982,Scolipede,POKEMON,Black Bolt,056,https://bulbapedia.bulbagarden.net/wiki/Scolipede_%28Black_Bolt_56%29,170,STAGE2,DARKNESS,FIGHTING,3,1,,Dastardly Jab(0/DARKNESS+COLORLESS): Place damage counters on your opponent’s Active Pokémon until its remaining HP is 10. || Sludge Bomb(160/DARKNESS+COLORLESS+COLORLESS): ,,
983,Vullaby,POKEMON,White Flare,063,https://bulbapedia.bulbagarden.net/wiki/Vullaby_%28White_Flare_63%29,70,BASIC,DARKNESS,LIGHTNING,1,1,,Flap(20/COLORLESS+COLORLESS): ,,
984,Mandibuzz ex,POKEMON,Ascended Heroes,139,https://bulbapedia.bulbagarden.net/wiki/Mandibuzz_ex_%28Ascended_Heroes_139%29,260,STAGE1,DARKNESS,LIGHTNING,1,2,,Bone Shot(0/COLORLESS+COLORLESS): This attack does 50 damage to 1 of your opponent’s Pokémon. (Don’t apply Weakness and Resistance for Benched Pokémon.) || Vulture Claw(160/DARKNESS+COLORLESS+COLORLESS): Discard a random card from your opponent’s hand.,,
985,Hoopa,POKEMON,XY Black Star Promos,,https://bulbapedia.bulbagarden.net/wiki/Hoopa_%28XY_Promo_90%29,120,BASIC,DARKNESS,GRASS,2,1,,"Filch(0/COLORLESS): Draw 2 cards. || Knuckle Impact(130/DARKNESS+DARKNESS+COLORLESS): During your next turn, this Pokémon can’t use attacks.",,
986,Brute Bonnet,POKEMON,Paradox Rift,123,https://bulbapedia.bulbagarden.net/wiki/Brute_Bonnet_%28Paradox_Rift_123%29,120,BASIC,DARKNESS,GRASS,3,1,,Poison Spray(0/DARKNESS): Your opponent’s Active Pokémon is now Poisoned. || Relentless Punches(50/DARKNESS+DARKNESS+DARKNESS): This attack does 50 more damage for each damage counter on your opponent’s Active Pokémon.,,
987,Mawile,POKEMON,Battle Styles,100,https://bulbapedia.bulbagarden.net/wiki/Mawile_%28Battle_Styles_100%29,90,BASIC,METAL,FIRE,1,1,,"Call for Family(0/COLORLESS): Search your deck for up to 2 Basic Pokémon and put them onto your Bench. Then, shuffle your deck. || Bite(90/METAL+COLORLESS+COLORLESS): ",,
988,Registeel ex,POKEMON,Ascended Heroes,145,https://bulbapedia.bulbagarden.net/wiki/Registeel_ex_%28Ascended_Heroes_145%29,230,BASIC,METAL,FIRE,3,2,,"Regi Charge(0/COLORLESS): Attach up to 2 Basic {M} Energy cards from your discard pile to this Pokémon. || Protecting Steel(140/METAL+COLORLESS+COLORLESS+COLORLESS): During your opponent’s next turn, this Pokémon takes 50 less damage from attacks (after applying Weakness and Resistance).",,
989,Bronzor,POKEMON,Temporal Forces,068,https://bulbapedia.bulbagarden.net/wiki/Bronzor_%28Temporal_Forces_68%29,60,BASIC,METAL,FIRE,1,1,,"Shield Attack(20/METAL+COLORLESS): Flip a coin. If heads, this attack does 20 more damage.",,
990,Togedemaru ex,POKEMON,Ascended Heroes,149,https://bulbapedia.bulbagarden.net/wiki/Togedemaru_ex_%28Ascended_Heroes_149%29,190,BASIC,METAL,FIRE,1,2,,"Stun Needle(20/METAL): Flip a coin. If heads, your opponent’s Active Pokémon is now Paralyzed. || Spiky Rolling(80/METAL+COLORLESS): If this Pokémon used Spiky Rolling during your last turn, this attack does 80 more damage.",,
991,Melmetal,POKEMON,Unbroken Bonds,129,https://bulbapedia.bulbagarden.net/wiki/Melmetal_%28Unbroken_Bonds_129%29,160,STAGE1,METAL,FIRE,4,1,,Hammer In(120/METAL+METAL+COLORLESS):  || Iron Bash(230/METAL+METAL+METAL+METAL+COLORLESS): ,,
992,Duraludon,POKEMON,Rebel Clash,138,https://bulbapedia.bulbagarden.net/wiki/Duraludon_%28Rebel_Clash_138%29,130,BASIC,METAL,FIRE,2,1,,Confront(50/METAL+METAL):  || Duralubeam(130/METAL+METAL+METAL): Discard 2 Energy from this Pokémon.,,
993,Orthworm ex,POKEMON,Stellar Crown,110,https://bulbapedia.bulbagarden.net/wiki/Orthworm_ex_%28Stellar_Crown_110%29,220,BASIC,METAL,FIRE,4,2," Pummeling Payback: If this Pokémon is damaged by an attack from your opponent’s Pokémon (even if this Pokémon is Knocked Out), place 2 damage counters on the Attacking Pokémon for each {M} Energy attached to this Pokémon.","Rock Tomb(150/COLORLESS+COLORLESS+COLORLESS+COLORLESS): During your opponent’s next turn, the Defending Pokémon can’t retreat.",,
994,Fraxure,POKEMON,Shrouded Fable,045,https://bulbapedia.bulbagarden.net/wiki/Fraxure_%28Shrouded_Fable_45%29,100,STAGE1,DRAGON,,2,1," Unnerve: Whenever your opponent plays an Item or Supporter card from their hand, prevent all effects of that card done to this Pokémon.",Dragon Pulse(80/FIGHTING+METAL): Discard the top card of your deck.,,
995,Haxorus,POKEMON,Shrouded Fable,046,https://bulbapedia.bulbagarden.net/wiki/Haxorus_%28Shrouded_Fable_46%29,170,STAGE2,DRAGON,,2,1,,"Bring Down the Axe(0/FIGHTING): If your opponent’s Active Pokémon has any Special Energy attached, it is Knocked Out. || Dragon Pulse(230/FIGHTING+METAL): Discard the top 3 cards of your deck.",,"Haxorus's ""Bring Down the Axe"" attack will Knock Out an opponent's Active Pokémon with any  attached even if  is in play. Temple of Sinnoh only turns off the Energy's effect, but the Energy is still attached to the target Pokémon."
996,Larry's Dunsparce,POKEMON,Ascended Heroes,163,https://bulbapedia.bulbagarden.net/wiki/Larry%27s_Dunsparce_%28Ascended_Heroes_163%29,70,BASIC,COLORLESS,FIGHTING,0,1,,"Rising Lunge(10/COLORLESS): Flip a coin. If heads, this attack does 20 more damage.",,
997,Larry's Dudunsparce ex,POKEMON,Ascended Heroes,164,https://bulbapedia.bulbagarden.net/wiki/Larry%27s_Dudunsparce_ex_%28Ascended_Heroes_164%29,270,STAGE1,COLORLESS,FIGHTING,3,2,,Work Rush(0/COLORLESS+COLORLESS+COLORLESS): Flip a coin for each Energy attached to this Pokémon. This attack does 80 damage for each heads.,,
998,Slakoth,POKEMON,Surging Sparks,145,https://bulbapedia.bulbagarden.net/wiki/Slakoth_%28Surging_Sparks_145%29,60,BASIC,COLORLESS,FIGHTING,2,1,,"Take It Easy(0/COLORLESS): Heal 60 damage from this Pokémon. During your next turn, this Pokémon can’t retreat.",,
999,Vigoroth,POKEMON,Surging Sparks,146,https://bulbapedia.bulbagarden.net/wiki/Vigoroth_%28Surging_Sparks_146%29,90,STAGE1,COLORLESS,FIGHTING,2,1,,Slashing Claw(50/COLORLESS+COLORLESS): ,,
1000,Skitty,POKEMON,Temporal Forces,130,https://bulbapedia.bulbagarden.net/wiki/Skitty_%28Temporal_Forces_130%29,60,BASIC,COLORLESS,FIGHTING,1,1,,Cat Kick(20/COLORLESS): ,,
1001,Delcatty,POKEMON,Celestial Storm,121,https://bulbapedia.bulbagarden.net/wiki/Delcatty_%28Celestial_Storm_121%29,100,STAGE1,COLORLESS,FIGHTING,1,1,,Cat Kick(40/COLORLESS):  || Energy Crush(0/COLORLESS+COLORLESS): This attack does 40 damage for each Energy attached to all of your opponent’s Pokémon.,,
1002,Zangoose ex,POKEMON,Ascended Heroes,167,https://bulbapedia.bulbagarden.net/wiki/Zangoose_ex_%28Ascended_Heroes_167%29,200,BASIC,COLORLESS,FIGHTING,1,2,,Spike Draw(20/COLORLESS): Draw 2 cards. || Wild Scissors(180/COLORLESS+COLORLESS+COLORLESS): This Pokémon also does 30 damage to itself.,,
1003,Larry's Starly,POKEMON,Ascended Heroes,168,https://bulbapedia.bulbagarden.net/wiki/Larry%27s_Starly_%28Ascended_Heroes_168%29,60,BASIC,COLORLESS,LIGHTNING,1,1,,"Minor Errand-Running(0/COLORLESS): Search your deck for up to 2 Basic Energy cards, reveal them, and put them into your hand. Then, shuffle your deck. || Glide(10/COLORLESS): ",,
1004,Larry's Staravia,POKEMON,Ascended Heroes,169,https://bulbapedia.bulbagarden.net/wiki/Larry%27s_Staravia_%28Ascended_Heroes_169%29,90,STAGE1,COLORLESS,LIGHTNING,1,1,,Flap(20/COLORLESS):  || Razor Wing(50/COLORLESS+COLORLESS): ,,
1005,Larry's Staraptor,POKEMON,Ascended Heroes,170,https://bulbapedia.bulbagarden.net/wiki/Larry%27s_Staraptor_%28Ascended_Heroes_170%29,150,STAGE2,COLORLESS,LIGHTNING,1,1,,"Facade(60/COLORLESS): If this Pokémon is Burned or Poisoned, this attack does 100 more damage. || Feathery Strike(150/COLORLESS+COLORLESS+COLORLESS): Discard 2 Energy from this Pokémon, and this attack also does 50 damage to 1 of your opponent’s Benched Pokémon. (Don’t apply Weakness and Resistance for Benched Pokémon.)",,
1006,Mega Audino ex,POKEMON,Ascended Heroes,172,https://bulbapedia.bulbagarden.net/wiki/Mega_Audino_ex_%28Ascended_Heroes_172%29,270,BASIC,COLORLESS,FIGHTING,1,3,,"Kaleidowaltz(0/COLORLESS): Flip 3 coins. For each heads, search your deck for up to 2 Basic Energy cards and attach them to your Pokémon in any way you like. Then, shuffle your deck. || Ear Force(20/COLORLESS+COLORLESS+COLORLESS): This attack does 80 more damage for each Energy attached to your opponent’s Active Pokémon.",,
1007,Larry's Rufflet,POKEMON,Ascended Heroes,173,https://bulbapedia.bulbagarden.net/wiki/Larry%27s_Rufflet_%28Ascended_Heroes_173%29,70,BASIC,COLORLESS,LIGHTNING,1,1,,"Peck the Wound(20/COLORLESS+COLORLESS): If your opponent’s Active Pokémon already has any damage counters on it, this attack does 80 more damage.",,
1008,Larry's Braviary,POKEMON,Ascended Heroes,174,https://bulbapedia.bulbagarden.net/wiki/Larry%27s_Braviary_%28Ascended_Heroes_174%29,130,STAGE1,COLORLESS,LIGHTNING,1,1,,"Clutch(50/COLORLESS+COLORLESS): During your opponent’s next turn, the Defending Pokémon can’t retreat. || Brave Bird(120/COLORLESS+COLORLESS+COLORLESS): This Pokémon also does 30 damage to itself.",,
1009,Larry's Komala,POKEMON,Ascended Heroes,175,https://bulbapedia.bulbagarden.net/wiki/Larry%27s_Komala_%28Ascended_Heroes_175%29,90,BASIC,COLORLESS,FIGHTING,2,1," Lethargic Charge: Once during your turn, if this Pokémon is on your Bench, you may use this Ability. Attach an Energy card from your hand to your Active Larry’s Pokémon.",Dozing Draw(0/COLORLESS): This Pokémon is now Asleep. Draw 2 cards.,,
1010,Drampa,POKEMON,Guardians Rising,97,https://bulbapedia.bulbagarden.net/wiki/Drampa_%28Guardians_Rising_97%29,130,BASIC,COLORLESS,FIGHTING,2,1,,"Gentle Slap(50/COLORLESS+COLORLESS):  || Dragon Strike(120/COLORLESS+COLORLESS+COLORLESS): During your next turn, this Pokémon can’t use Dragon Strike.",,
1011,Spinarak,POKEMON,Darkness Ablaze,102,https://bulbapedia.bulbagarden.net/wiki/Spinarak_%28Darkness_Ablaze_102%29,60,BASIC,GRASS,FIRE,1,1,,"Gooey Thread(10/GRASS): During your opponent’s next turn, the Defending Pokémon can’t retreat.",,
1012,Ariados,POKEMON,Darkness Ablaze,103,https://bulbapedia.bulbagarden.net/wiki/Ariados_%28Darkness_Ablaze_103%29,110,STAGE1,GRASS,FIRE,1,1,,"Poison Ring(50/GRASS): Your opponent’s Active Pokémon is now Poisoned. During your opponent’s next turn, that Pokémon can’t retreat.",,
1013,Shaymin,POKEMON,,,https://bulbapedia.bulbagarden.net/wiki/Shaymin_%28Pok%C3%A9mon%29,70,BASIC,GRASS,FIRE,0,1,,"Send Flowers(0/GRASS): Search your deck for an Energy card and attach it to 1 of your Benched {G} Pokémon. Then, shuffle your deck. || Leaf Step(30/GRASS): ",,
1014,Snivy,POKEMON,BW Black Star Promos,1,https://bulbapedia.bulbagarden.net/wiki/Snivy_%28BW_Promo_1%29,70,BASIC,GRASS,FIRE,1,1,,Reckless Charge(30/GRASS): This Pokémon also does 10 damage to itself.,,
1015,Servine,POKEMON,Black & White,3,https://bulbapedia.bulbagarden.net/wiki/Servine_%28Black_%26_White_3%29,100,STAGE1,GRASS,FIRE,1,1,,Solar Cutter(40/GRASS): ,,
1016,Serperior,POKEMON,Black & White,6,https://bulbapedia.bulbagarden.net/wiki/Serperior_%28Black_%26_White_6%29,160,STAGE2,GRASS,FIRE,2,1,,"Regal Command(0/GRASS): This attack does 20 damage for each of your Pokémon in play. || Solar Coiling(100/GRASS+GRASS+GRASS): If Rosa’s Encouragement is in your discard pile, this attack does 150 more damage.",,
1017,Scatterbug,POKEMON,XY,15,https://bulbapedia.bulbagarden.net/wiki/Scatterbug_%28XY_15%29,40,BASIC,GRASS,FIRE,1,1,,Gnaw(20/GRASS): ,,
1018,Spewpa,POKEMON,Perfect Order,008,https://bulbapedia.bulbagarden.net/wiki/Spewpa_%28Perfect_Order_8%29,80,STAGE1,GRASS,FIRE,3,1,,"Hide(0/GRASS): Flip a coin. If heads, during your opponent’s next turn, prevent all damage from and effects of attacks done to this Pokémon.",,
1019,Vivillon,POKEMON,Surging Sparks,007,https://bulbapedia.bulbagarden.net/wiki/Vivillon_%28Surging_Sparks_7%29,120,STAGE2,GRASS,FIRE,1,1," Grand Wing: Once during your turn, you may use this Ability. Your opponent shuffles their hand and puts it on the bottom of their deck. If they put any cards on the bottom of their deck in this way, they draw 4 cards.","Blow Through(60/GRASS): If a Stadium is in play, this attack does 60 more damage.",,
1020,Rowlet,POKEMON,Sun & Moon,9,https://bulbapedia.bulbagarden.net/wiki/Rowlet_%28Sun_%26_Moon_9%29,80,BASIC,GRASS,FIRE,2,1,,"Find a Friend(0/GRASS): Search your deck for a Pokémon, reveal it, and put it into your hand. Then, shuffle your deck. || Tackle(30/COLORLESS+COLORLESS+COLORLESS): ",,
1021,Dartrix,POKEMON,Darkness Ablaze,012,https://bulbapedia.bulbagarden.net/wiki/Dartrix_%28Darkness_Ablaze_12%29,100,STAGE1,GRASS,FIRE,2,1,,"Leafage(20/GRASS):  || Feather Shot(0/COLORLESS+COLORLESS+COLORLESS): Discard all Energy from this Pokémon, and this attack does 90 damage to 1 of your opponent’s Pokémon. (Don’t apply Weakness and Resistance for Benched Pokémon.)",,
1022,Decidueye ex,POKEMON,,,https://bulbapedia.bulbagarden.net/wiki/Decidueye_ex_%28Celestial_Guardians_12%29,320,STAGE2,GRASS,FIRE,2,2," Sniper’s Eye: If your opponent has exactly 4 cards in their hand, ignore all {C} Energy in the costs of attacks used by this Pokémon.",Crushing Arrow(240/GRASS+COLORLESS+COLORLESS+COLORLESS): Discard an Energy from your opponent’s Active Pokémon.,,
1023,Fletchinder,POKEMON,Paldea Evolved,029,https://bulbapedia.bulbagarden.net/wiki/Fletchinder_%28Paldea_Evolved_29%29,90,STAGE1,FIRE,LIGHTNING,1,1,,Flare(60/FIRE+FIRE): ,,
1024,Talonflame,POKEMON,Darkness Ablaze,032,https://bulbapedia.bulbagarden.net/wiki/Talonflame_%28Darkness_Ablaze_32%29,150,STAGE2,FIRE,LIGHTNING,1,1," Sky Hunt: Once during your turn, you may use this Ability. Flip a coin. If heads, discard a random card from your opponent’s hand.",Fire Wing(110/FIRE+FIRE): ,,
1025,Salandit,POKEMON,Unbroken Bonds,30,https://bulbapedia.bulbagarden.net/wiki/Salandit_%28Unbroken_Bonds_30%29,70,BASIC,FIRE,WATER,1,1,,Fire Claws(20/FIRE): ,,
1026,Salazzle ex,POKEMON,Perfect Order,016,https://bulbapedia.bulbagarden.net/wiki/Salazzle_ex_%28Perfect_Order_16%29,260,STAGE1,FIRE,WATER,1,2,,"Nasty Plot(0/FIRE): Search your deck for up to 2 cards and put them into your hand. Then, shuffle your deck. || Dire Nails(100/FIRE+FIRE): Your opponent’s Active Pokémon is now Burned and Poisoned. Switch this Pokémon with 1 of your Benched Pokémon.",,
1027,Turtonator,POKEMON,SM Black Star Promos,26,https://bulbapedia.bulbagarden.net/wiki/Turtonator_%28SM_Promo_27%29,120,BASIC,FIRE,WATER,2,1," Shell Spikes: If this Pokémon is in the Active Spot and is damaged by an attack from your opponent’s Pokémon (even if this Pokémon is Knocked Out), discard an Energy from the Attacking Pokémon.","Heat Breath(80/FIRE+FIRE+COLORLESS): Flip a coin. If heads, this attack does 80 more damage.",,
1028,Seel,POKEMON,Base Set,41,https://bulbapedia.bulbagarden.net/wiki/Seel_%28Base_Set_41%29,80,BASIC,WATER,LIGHTNING,2,1,,Rain Splash(10/WATER):  || Wave Splash(30/WATER+WATER): ,,
1029,Dewgong,POKEMON,,,https://bulbapedia.bulbagarden.net/wiki/Dewgong_%28Cerulean_Gym%29,130,STAGE1,WATER,LIGHTNING,2,1," Wash Out: As often as you like during your turn, you may use this Ability. Move a {W} Energy from 1 of your Benched Pokémon to your Active Pokémon.",Wave Splash(60/WATER+WATER): ,,
1030,Staryu,POKEMON,,,https://bulbapedia.bulbagarden.net/wiki/Staryu_%28Vending_S3%29,70,BASIC,WATER,LIGHTNING,1,1,,Water Gun(20/WATER): ,,
1031,Mega Starmie ex,POKEMON,Perfect Order,021,https://bulbapedia.bulbagarden.net/wiki/Mega_Starmie_ex_%28Perfect_Order_21%29,330,STAGE1,WATER,LIGHTNING,2,3,,"Jetting Blow(120/WATER): This attack also does 50 damage to 1 of your opponent’s Benched Pokémon. (Don’t apply Weakness and Resistance for Benched Pokémon.) || Nebula Beam(210/COLORLESS+COLORLESS+COLORLESS): This attack’s damage isn’t affected by Weakness or Resistance, or by any effects on your opponent’s Active Pokémon.",,
1032,Amaura,POKEMON,Perfect Order,023,https://bulbapedia.bulbagarden.net/wiki/Amaura_%28Perfect_Order_23%29,100,STAGE1,WATER,METAL,3,1,,Icy Wind(50/WATER+COLORLESS): Your opponent’s Active Pokémon is now Asleep.,,
1033,Aurorus,POKEMON,Perfect Order,024,https://bulbapedia.bulbagarden.net/wiki/Aurorus_%28Perfect_Order_24%29,170,STAGE2,WATER,METAL,3,1, Tundra Wall: All of your Pokémon that have any {W} Energy attached take 50 less damage from attacks from your opponent’s Pokémon (after applying Weakness and Resistance). The effect of Tundra Wall doesn’t stack.,"Freezing Chill(150/WATER+WATER+COLORLESS): During your opponent’s next turn, the Defending Pokémon can’t use attacks.",,
1034,Volcanion,POKEMON,Unbroken Bonds,25,https://bulbapedia.bulbagarden.net/wiki/Volcanion_%28Unbroken_Bonds_25%29,130,BASIC,WATER,LIGHTNING,3,1,,Strength(50/WATER+COLORLESS):  || Powerful Steam(0/WATER+WATER+COLORLESS): Flip a coin for each {W} Energy attached to this Pokémon. This attack does 90 damage for each heads.,,
1035,Shinx,POKEMON,Diamond & Pearl,98,https://bulbapedia.bulbagarden.net/wiki/Shinx_%28Diamond_%26_Pearl_98%29,70,BASIC,LIGHTNING,FIGHTING,1,1,,Double Scratch(0/LIGHTNING): Flip 2 coins. This attack does 10 damage for each heads.,,
1036,Luxio,POKEMON,Ultra Prism,47,https://bulbapedia.bulbagarden.net/wiki/Luxio_%28Ultra_Prism_47%29,90,STAGE1,LIGHTNING,FIGHTING,1,1," Fighting Roar: If your opponent’s Active Pokémon is a Pokémon {ex}, this Pokémon can evolve during your first turn or the turn you play it.",Static Shock(40/LIGHTNING+COLORLESS): ,,
1037,Luxray,POKEMON,,,https://bulbapedia.bulbagarden.net/wiki/Luxray_%28Detective_Pikachu%29,150,STAGE2,LIGHTNING,FIGHTING,0,1,,Incessant Onslaught(0/LIGHTNING+COLORLESS): This attack does 70 damage for each Prize card you have taken. || Strong Volt(200/LIGHTNING+COLORLESS+COLORLESS): Discard 2 Energy from this Pokémon.,,
1038,Dedenne,POKEMON,Phantom Forces,70,https://bulbapedia.bulbagarden.net/wiki/Dedenne_%28Phantom_Forces_70%29,70,BASIC,LIGHTNING,FIGHTING,1,1,,"Tail Generator(0/LIGHTNING): Choose Basic {L} Energy cards from your discard pile up to the amount of Energy attached to all of your opponent’s Pokémon and attach them to your {L} Pokémon in any way you like. || Thunder Shock(30/LIGHTNING+COLORLESS): Flip a coin. If heads, your opponent’s Active Pokémon is now Paralyzed.",,
1039,Clefairy,POKEMON,Base Set,5,https://bulbapedia.bulbagarden.net/wiki/Clefairy_%28Base_Set_5%29,70,BASIC,PSYCHIC,METAL,1,1,,Follow Me(0/PSYCHIC): Switch in 1 of your opponent’s Benched Pokémon to the Active Spot. || Flop(30/PSYCHIC+PSYCHIC): ,,
1040,Mega Clefable ex,POKEMON,Perfect Order,031,https://bulbapedia.bulbagarden.net/wiki/Mega_Clefable_ex_%28Perfect_Order_31%29,320,STAGE1,PSYCHIC,METAL,1,3, Luminous Wing: Prevent all effects of your opponent’s Pokémon’s Abilities done to this Pokémon.,"Shooting Moons(120/PSYCHIC+PSYCHIC): You may discard up to 4 Energy cards from your hand, and this attack does 40 more damage for each card you discarded in this way.",,
1041,Mawile,POKEMON,Battle Styles,100,https://bulbapedia.bulbagarden.net/wiki/Mawile_%28Battle_Styles_100%29,110,BASIC,PSYCHIC,METAL,2,1,,"Double Eater(0/PSYCHIC+COLORLESS): Discard up to 2 Energy cards from your hand, and this attack does 60 damage for each card you discarded in this way.",,
1042,Espurr,POKEMON,Burning Shadows,59,https://bulbapedia.bulbagarden.net/wiki/Espurr_%28Burning_Shadows_59%29,60,BASIC,PSYCHIC,DARKNESS,1,1,,Nap(0/COLORLESS): Heal 20 damage from this Pokémon. || Stampede(10/PSYCHIC): ,,
1043,Meowstic,POKEMON,,,https://bulbapedia.bulbagarden.net/wiki/Meowstic_%28%E2%99%80%29_%28Tretta_Strengthening_Set_Speed_10%29,100,STAGE1,PSYCHIC,DARKNESS,1,1,,Perplex(0/PSYCHIC): Your opponent’s Active Pokémon is now Confused. || Psychic(30/PSYCHIC): This attack does 30 more damage for each Energy attached to your opponent’s Active Pokémon.,,
1044,Spritzee,POKEMON,XY,92,https://bulbapedia.bulbagarden.net/wiki/Spritzee_%28XY_92%29,70,BASIC,PSYCHIC,METAL,1,1,,Sweet Scent(0/COLORLESS): Heal 30 damage from 1 of your Pokémon. || Ram(10/PSYCHIC): ,,
1045,Aromatisse,POKEMON,XY,93,https://bulbapedia.bulbagarden.net/wiki/Aromatisse_%28XY_93%29,120,STAGE1,PSYCHIC,METAL,1,1," Scent Collection: Once during your turn, you may use this Ability. Search your deck for up to 2 Basic {P} Energy cards, reveal them, and put them into your hand. Then, shuffle your deck.",Draining Kiss(50/PSYCHIC+COLORLESS): Heal 30 damage from this Pokémon.,,
1046,Nosepass,POKEMON,Cosmic Eclipse,106,https://bulbapedia.bulbagarden.net/wiki/Nosepass_%28Cosmic_Eclipse_106%29,90,BASIC,FIGHTING,GRASS,3,1,,Rolling Rocks(40/FIGHTING+FIGHTING): ,,
1047,Probopass,POKEMON,Twilight Masquerade,102,https://bulbapedia.bulbagarden.net/wiki/Probopass_%28Twilight_Masquerade_102%29,140,STAGE1,FIGHTING,GRASS,3,1,,Rolling Rocks(60/FIGHTING+FIGHTING):  || Obliterating Nose(260/FIGHTING+FIGHTING+FIGHTING+COLORLESS): Discard 3 Energy from this Pokémon.,,
1048,Hippopotas,POKEMON,Ultra Prism,68,https://bulbapedia.bulbagarden.net/wiki/Hippopotas_%28Ultra_Prism_68%29,100,BASIC,FIGHTING,GRASS,4,1,,"Sand Attack(10/FIGHTING): During your opponent’s next turn, if the Defending Pokémon tries to use an attack, your opponent flips a coin. If tails, that attack doesn’t happen. || Bite(60/FIGHTING+COLORLESS+COLORLESS): ",,
1049,Hippowdon,POKEMON,Ultra Prism,69,https://bulbapedia.bulbagarden.net/wiki/Hippowdon_%28Ultra_Prism_69%29,150,STAGE1,FIGHTING,GRASS,4,1,,"Twister Spewing(80/FIGHTING+FIGHTING+COLORLESS): If you played Tarragon from your hand during this turn, discard the top 3 cards of your opponent’s deck. || Heavy Impact(130/FIGHTING+FIGHTING+COLORLESS+COLORLESS): ",,
1050,Landorus,POKEMON,Noble Victories,74,https://bulbapedia.bulbagarden.net/wiki/Landorus_%28Noble_Victories_74%29,120,BASIC,FIGHTING,GRASS,1,1,,Rock Tumble(50/FIGHTING+FIGHTING): This attack’s damage isn’t affected by Resistance. || Screw Knuckle(120/FIGHTING+FIGHTING+COLORLESS): Put an Energy attached to this Pokémon into your hand.,,
1051,Binacle,POKEMON,Perfect Order,042,https://bulbapedia.bulbagarden.net/wiki/Binacle_%28Perfect_Order_42%29,80,BASIC,FIGHTING,GRASS,2,1,,Double Draw(0/FIGHTING): Draw 2 cards. || Scratch(30/FIGHTING+FIGHTING): ,,
1052,Barbaracle,POKEMON,Perfect Order,043,https://bulbapedia.bulbagarden.net/wiki/Barbaracle_%28Perfect_Order_43%29,130,STAGE1,FIGHTING,GRASS,2,1," Stone Arms: Once during your turn, you may use this Ability. Attach a Basic {F} Energy card from your hand to 1 of your {F} Pokémon.",Hammer In(80/FIGHTING+FIGHTING+COLORLESS): ,,
1053,Tyrunt,POKEMON,Perfect Order,044,https://bulbapedia.bulbagarden.net/wiki/Tyrunt_%28Perfect_Order_44%29,100,STAGE1,FIGHTING,GRASS,3,1,,Get Angry(0/FIGHTING+COLORLESS): This attack does 20 damage for each damage counter on this Pokémon.,,
1054,Tyrantrum,POKEMON,Perfect Order,045,https://bulbapedia.bulbagarden.net/wiki/Tyrantrum_%28Perfect_Order_45%29,180,STAGE2,FIGHTING,GRASS,3,1," Tyrannically Gutsy: If this Pokémon has any Special Energy attached, it gets +150 HP.","Wreak Havoc(160/FIGHTING+COLORLESS): Flip a coin until you get tails. For each heads, discard the top card of your opponent’s deck.",,
1055,Hawlucha,POKEMON,Scarlet & Violet,118,https://bulbapedia.bulbagarden.net/wiki/Hawlucha_%28Scarlet_%26_Violet_118%29,70,BASIC,FIGHTING,PSYCHIC,0,1,,"Vengeful Kick(30/FIGHTING): If your Benched Pokémon have any damage counters on them, this attack does 60 more damage.",,
1056,Mega Zygarde ex,POKEMON,Perfect Order,047,https://bulbapedia.bulbagarden.net/wiki/Mega_Zygarde_ex_%28Perfect_Order_47%29,310,BASIC,FIGHTING,GRASS,2,3,,"Gaia Wave(200/FIGHTING+FIGHTING+FIGHTING): During your opponent’s next turn, this Pokémon takes 30 less damage from attacks (after applying Weakness and Resistance). || Nullifying Zero(0/FIGHTING+FIGHTING+FIGHTING+FIGHTING+FIGHTING): For each of your opponent’s Pokémon, flip a coin. If heads, this attack does 150 damage to that Pokémon. (Don’t apply Weakness and Resistance for Benched Pokémon.)",,"The player must first choose one of their opponent's Pokémon before flipping the coin for Nullifying Zero; they may not retroactively assign a coin flip result to an opponent's Pokémon. ; The player may check their opponent's Pokémon for Nullifying Zero in any order (eg. checking the Active Pokémon first before the Benched Pokémon). This order does not affect the final outcome of the attack. ; Even if a Pokémon is immune to damage from Nullifying Zero (eg. a  that has protection from attack damage while on the Bench), the player still flips a coin for that Pokémon. ; All damage from Nullifying Zero is placed simultaneously after each Pokémon has been checked via the coin flips. ; * If an opponent's  with the ""Flower Curtain"" Ability is in the Active Spot and its Nullifying Zero check results in heads, all of the opponent's Benched Pokémon (except for Pokémon with a ) are still protected by ""Flower Curtain"", as all damage are placed simultaneously before any checks for Knock Outs happen."
1057,Gastly,POKEMON,Base Set,50,https://bulbapedia.bulbagarden.net/wiki/Gastly_%28Base_Set_50%29,70,BASIC,DARKNESS,FIGHTING,1,1,,"Surprise Attack(30/DARKNESS): Flip a coin. If tails, this attack does nothing.",,
1058,Haunter,POKEMON,Fossil,6,https://bulbapedia.bulbagarden.net/wiki/Haunter_%28Fossil_6%29,100,STAGE1,DARKNESS,FIGHTING,1,1,,Haunt(0/DARKNESS): Place 3 damage counters on your opponent’s Active Pokémon.,,
1059,Gengar,POKEMON,,,https://bulbapedia.bulbagarden.net/wiki/Gengar_%28Pok%C3%A9mon%29,130,STAGE2,DARKNESS,FIGHTING,1,1," Infinite Shadow: If this Pokémon is Knocked Out by damage from an attack from your opponent’s Pokémon, put it into your hand instead of the discard pile. (Discard all attached cards.)",Mind Jack(10/DARKNESS): This attack does 30 more damage for each of your opponent’s Benched Pokémon.,,
1060,Skorupi,POKEMON,Sword & Shield,121,https://bulbapedia.bulbagarden.net/wiki/Skorupi_%28Sword_%26_Shield_121%29,80,BASIC,DARKNESS,FIGHTING,2,1,,Poison Jab(20/DARKNESS+DARKNESS): Your opponent’s Active Pokémon is now Poisoned.,,
1061,Drapion,POKEMON,Sword & Shield,122,https://bulbapedia.bulbagarden.net/wiki/Drapion_%28Sword_%26_Shield_122%29,140,STAGE1,DARKNESS,FIGHTING,3,1,,Wrack Down(60/DARKNESS+DARKNESS):  || Hazardous Tail(100/DARKNESS+DARKNESS+DARKNESS): This Pokémon also does 70 damage to itself. Your opponent’s Active Pokémon is now Paralyzed and Poisoned.,,
1062,Yveltal ex,POKEMON,Perfect Order,053,https://bulbapedia.bulbagarden.net/wiki/Yveltal_ex_%28Perfect_Order_53%29,210,BASIC,DARKNESS,LIGHTNING,1,2,,"Soul Destroyer(0/DARKNESS+DARKNESS+COLORLESS): Knock Out each of your opponent’s Pokémon that has 50 HP or less remaining. || Dark Strike(210/DARKNESS+DARKNESS+COLORLESS): During your next turn, this Pokémon can’t use Dark Strike.",,
1063,Chien-Pao,POKEMON,Surging Sparks,056,https://bulbapedia.bulbagarden.net/wiki/Chien-Pao_%28Surging_Sparks_56%29,120,BASIC,DARKNESS,GRASS,1,1,,"Strafe(20/DARKNESS): You may switch this Pokémon with 1 of your Benched Pokémon. || Rising Blade(80/DARKNESS+DARKNESS+COLORLESS): If your opponent’s Active Pokémon is a Pokémon {ex}, this attack does 80 more damage.",,
1064,Mega Skarmory ex,POKEMON,Perfect Order,055,https://bulbapedia.bulbagarden.net/wiki/Mega_Skarmory_ex_%28Perfect_Order_55%29,260,BASIC,METAL,LIGHTNING,0,3,,"Sonic Ripper(0/METAL+METAL+COLORLESS): Shuffle all Energy attached to this Pokémon into your deck, and this attack does 220 damage to 1 of your opponent’s Pokémon. (Don’t apply Weakness and Resistance for Benched Pokémon.)",,
1065,Honedge,POKEMON,Rebel Clash,133,https://bulbapedia.bulbagarden.net/wiki/Honedge_%28Rebel_Clash_133%29,70,BASIC,METAL,FIRE,2,1,,Cut(10/COLORLESS): ,,
1066,Doublade,POKEMON,Perfect Order,057,https://bulbapedia.bulbagarden.net/wiki/Doublade_%28Perfect_Order_57%29,100,STAGE1,METAL,FIRE,2,1,,"Weaponized Swords(0/COLORLESS+COLORLESS): Reveal any number of Honedge, Doublade, and Aegislash from your hand, and this attack does 60 damage for each card you revealed in this way.",,
1067,Aegislash,POKEMON,Paradox Rift,134,https://bulbapedia.bulbagarden.net/wiki/Aegislash_%28Paradox_Rift_134%29,150,STAGE2,METAL,FIRE,3,1,,"Slash(80/COLORLESS+COLORLESS+COLORLESS):  || Metal Slash(230/METAL+COLORLESS+COLORLESS+COLORLESS): During your next turn, this Pokémon can’t use attacks.",,
1068,Klefki,POKEMON,Roaring Skies,48,https://bulbapedia.bulbagarden.net/wiki/Klefki_%28Roaring_Skies_48%29,70,BASIC,METAL,FIRE,1,1,,"Memory Lock(30/METAL): Choose 1 of your opponent’s Active Pokémon’s attacks. During your opponent’s next turn, that Pokémon can’t use that attack.",,
1069,Rattata,POKEMON,Base Set,61,https://bulbapedia.bulbagarden.net/wiki/Rattata_%28Base_Set_61%29,40,BASIC,COLORLESS,FIGHTING,1,1,,Take Down(30/COLORLESS): This Pokémon also does 10 damage to itself.,,
1070,Raticate,POKEMON,Base Set,40,https://bulbapedia.bulbagarden.net/wiki/Raticate_%28Base_Set_40%29,90,STAGE1,COLORLESS,FIGHTING,1,1,,"Scrape Off(20/COLORLESS): Before doing damage, discard all Pokémon Tools from your opponent’s Active Pokémon. || Retaliatory Incisors(0/COLORLESS): This attack does 40 damage for each damage counter on all of your Benched Rattata.",,
1071,Meowth ex,POKEMON,Perfect Order,062,https://bulbapedia.bulbagarden.net/wiki/Meowth_ex_%28Perfect_Order_62%29,170,BASIC,COLORLESS,FIGHTING,1,2," Last-Ditch Catch: Once during your turn, when you play this Pokémon from your hand onto your Bench, you may use this Ability. Search your deck for a Supporter card, reveal it, and put it into your hand. Then, shuffle your deck. You can’t use more than 1 Ability that has “Last-Ditch” in its name each turn.",Tuck Tail(60/COLORLESS+COLORLESS+COLORLESS): Put this Pokémon and all attached cards into your hand.,,
1072,Snorlax,POKEMON,,,https://bulbapedia.bulbagarden.net/wiki/Snorlax_%28Pok%C3%A9mon%29,160,BASIC,COLORLESS,FIGHTING,4,1,,"Gormandizer(0/COLORLESS): Flip a coin until you get tails. Search your deck for an amount of Basic Energy up to the number of heads and attach it to this Pokémon. Then, shuffle your deck. || Collapse(160/COLORLESS+COLORLESS+COLORLESS+COLORLESS): This Pokémon is now Asleep.",,
1073,Bunnelby,POKEMON,Darkness Ablaze,150,https://bulbapedia.bulbagarden.net/wiki/Bunnelby_%28Darkness_Ablaze_150%29,70,BASIC,COLORLESS,FIGHTING,1,1,,Smash Kick(10/COLORLESS): ,,
1074,Diggersby,POKEMON,Darkness Ablaze,096,https://bulbapedia.bulbagarden.net/wiki/Diggersby_%28Darkness_Ablaze_96%29,150,STAGE1,COLORLESS,FIGHTING,4,1,,Earthquake(140/COLORLESS): This attack also does 30 damage to each of your Benched Pokémon. (Don’t apply Weakness and Resistance for Benched Pokémon.) || Whap Down(100/COLORLESS+COLORLESS+COLORLESS): ,,
1075,Fletchling,POKEMON,Unified Minds,179,https://bulbapedia.bulbagarden.net/wiki/Fletchling_%28Unified_Minds_179%29,60,BASIC,COLORLESS,LIGHTNING,1,1,,"Chirp(0/COLORLESS): Search your deck for up to 2 Pokémon with {F} Resistance, reveal them, and put them into your hand. Then, shuffle your deck. || Peck(20/COLORLESS+COLORLESS): ",,
1076,Furfrou,POKEMON,Kalos Starter Set,32,https://bulbapedia.bulbagarden.net/wiki/Furfrou_%28Kalos_Starter_Set_32%29,90,BASIC,COLORLESS,FIGHTING,1,1,,Hand Trim(0/COLORLESS): Discard random cards from your opponent’s hand until they have 5 cards in their hand. || Headbutt(30/COLORLESS): ,,
1077,Roto-Stick,ITEM,Prismatic Evolutions,127,https://bulbapedia.bulbagarden.net/wiki/Roto-Stick_%28Prismatic_Evolutions_127%29,,,COLORLESS,,,,,,Look at the top 4 cards of your deck. You may reveal any number of Supporter cards you find there and put them into your hand. Shuffle the other cards back into your deck.,
1078,Hole-Digging Shovel,ITEM,Perfect Order,074,https://bulbapedia.bulbagarden.net/wiki/Hole-Digging_Shovel_%28Perfect_Order_74%29,,,COLORLESS,,,,,,Discard the top 2 cards of your deck.,
1079,Rare Candy,ITEM,EX Sandstorm,88,https://bulbapedia.bulbagarden.net/wiki/Rare_Candy_%28EX_Sandstorm_88%29,,,COLORLESS,,,,,,"Choose 1 of your Basic Pokémon in play. If you have a Stage 2 card in your hand that evolves from that Pokémon, put that card onto the Basic Pokémon to evolve it, skipping the Stage 1. You can’t use this card during your first turn or on a Basic Pokémon that was put into play this turn.","In , an  was issued for this card, which means it can't evolve a Basic Pokémon into a Stage 1 Pokémon, or evolve a Pokémon during the player's first turn or the turn the Pokémon was put into play. ; *The Rare Candy with the new effect would not be printed until . ; *Because of this erratum, this card's effect now matches that of , a card previously released in the ."
1080,Unfair Stamp,ITEM,Twilight Masquerade,165,https://bulbapedia.bulbagarden.net/wiki/Unfair_Stamp_%28Twilight_Masquerade_165%29,,,COLORLESS,,,,,,"You can use this card only if any of your Pokémon were Knocked Out during your opponent’s last turn.  Each player shuffles their hand into their deck. Then, you draw 5 cards, and your opponent draws 2 cards.",
1081,Enhanced Hammer,ITEM,Dark Explorers,94,https://bulbapedia.bulbagarden.net/wiki/Enhanced_Hammer_%28Dark_Explorers_94%29,,,COLORLESS,,,,,,Discard a Special Energy from 1 of your opponent’s Pokémon.,
1082,Hyper Aroma,ITEM,Twilight Masquerade,152,https://bulbapedia.bulbagarden.net/wiki/Hyper_Aroma_%28Twilight_Masquerade_152%29,,,COLORLESS,,,,,,"Search your deck for up to 3 Stage 1 Pokémon, reveal them, and put them into your hand. Then, shuffle your deck.",
1083,Love Ball,ITEM,Twilight Masquerade,156,https://bulbapedia.bulbagarden.net/wiki/Love_Ball_%28Twilight_Masquerade_156%29,,,COLORLESS,,,,,,"Search your deck for a Pokémon with the same name as 1 of your opponent’s Pokémon in play, reveal it, and put it into your hand. Then, shuffle your deck.",
1084,Boxed Order,ITEM,Temporal Forces,143,https://bulbapedia.bulbagarden.net/wiki/Boxed_Order_%28Temporal_Forces_143%29,,,COLORLESS,,,,,,"Search your deck for up to 2 Item cards, reveal them, and put them into your hand. Then, shuffle your deck. Your turn ends.",
1085,Awakening Drum,ITEM,Temporal Forces,141,https://bulbapedia.bulbagarden.net/wiki/Awakening_Drum_%28Temporal_Forces_141%29,,,COLORLESS,,,,,,Draw a card for each of your Ancient Pokémon in play.,
1086,Buddy-Buddy Poffin,ITEM,Temporal Forces,144,https://bulbapedia.bulbagarden.net/wiki/Buddy-Buddy_Poffin_%28Temporal_Forces_144%29,,,COLORLESS,,,,,,"Search your deck for up to 2 Basic Pokémon with 70 HP or less and put them onto your Bench. Then, shuffle your deck.",
1087,Hand Trimmer,ITEM,Temporal Forces,150,https://bulbapedia.bulbagarden.net/wiki/Hand_Trimmer_%28Temporal_Forces_150%29,,,COLORLESS,,,,,,"Each player discards cards from their hand until they have 5 cards in their hand. Your opponent discards first. (If a player has 5 or fewer cards in their hand, they do not discard.)",
1088,Prime Catcher,ITEM,Temporal Forces,157,https://bulbapedia.bulbagarden.net/wiki/Prime_Catcher_%28Temporal_Forces_157%29,,,COLORLESS,,,,,,"Switch in 1 of your opponent’s Benched Pokémon to the Active Spot. If you do, switch your Active Pokémon with 1 of your Benched Pokémon.","A player may not use Prime Catcher if their opponent has no Benched Pokémon. Conversely, a player may use Prime Catcher even if they themselves don't have any Benched Pokémon."
1089,Reboot Pod,ITEM,Temporal Forces,158,https://bulbapedia.bulbagarden.net/wiki/Reboot_Pod_%28Temporal_Forces_158%29,,,COLORLESS,,,,,,Attach a Basic Energy card from your discard pile to each of your Future Pokémon.,
1090,Ogre’s Mask,ITEM,,,https://bulbapedia.bulbagarden.net/wiki/Teal_Mask,,,COLORLESS,,,,,,"Choose a Pokémon {ex} in your discard pile that has “Ogerpon” in its name, and switch it with 1 of your Pokémon {ex} in play that has “Ogerpon” in its name. Any attached cards, damage counters, Special Conditions, turns in play, and any other effects remain on the new Pokémon.",
1091,Accompanying Flute,ITEM,Twilight Masquerade,142,https://bulbapedia.bulbagarden.net/wiki/Accompanying_Flute_%28Twilight_Masquerade_142%29,,,COLORLESS,,,,,,Reveal the top 5 cards of your opponent’s deck. You may choose any number of Basic Pokémon you find there and put those Pokémon onto their Bench. Your opponent shuffles the other cards back into their deck.,"If a player uses Accompanying Flute and reveals a  card from the top 5 cards of the opponent's deck, the player can choose to not Bench it if they wish. ; Players may not use Accompanying Flute if their opponent's Bench is full. ; Players may use Accompanying Flute if their opponent's deck has 4 or fewer cards remaining. ; Fossil cards (eg. ) and other s which can be played as Basic Pokémon (eg. ) cannot be Benched using Accompanying Flute."
1092,Secret Box,ITEM,Twilight Masquerade,163,https://bulbapedia.bulbagarden.net/wiki/Secret_Box_%28Twilight_Masquerade_163%29,,,COLORLESS,,,,,,"You can use this card only if you discard 3 other cards from your hand.  Search your deck for an Item card, a Pokémon Tool card, a Supporter card, and a Stadium card, reveal them, and put them into your hand. Then, shuffle your deck.",
1093,Scoop Up Cyclone,ITEM,Plasma Blast,95,https://bulbapedia.bulbagarden.net/wiki/Scoop_Up_Cyclone_%28Plasma_Blast_95%29,,,COLORLESS,,,,,,Put 1 of your Pokémon and all attached cards into your hand.,
1094,Bug Catching Set,ITEM,Twilight Masquerade,143,https://bulbapedia.bulbagarden.net/wiki/Bug_Catching_Set_%28Twilight_Masquerade_143%29,,,COLORLESS,,,,,,Look at the top 7 cards of your deck. You may reveal up to 2 in any combination of {G} Pokémon and Basic {G} Energy cards you find there and put them into your hand. Shuffle the other cards back into your deck.,
1095,Dangerous Laser,ITEM,Shrouded Fable,058,https://bulbapedia.bulbagarden.net/wiki/Dangerous_Laser_%28Shrouded_Fable_58%29,,,COLORLESS,,,,,,Your opponent’s Active Pokémon is now Burned and Confused.,
1096,Poké Vital A,ITEM,Shrouded Fable,062,https://bulbapedia.bulbagarden.net/wiki/Pok%C3%A9_Vital_A_%28Shrouded_Fable_62%29,,,COLORLESS,,,,,,Heal 150 damage from 1 of your Pokémon.  This card can’t be put into your hand or deck from the discard pile.,"If a player uses  and discards Poké Vital A from the top of their deck, Poké Vital A's card text makes it so that it cannot be recovered into the player's hand, even though it is an Item card that was discarded by PokéStop."
1097,Night Stretcher,ITEM,Shrouded Fable,061,https://bulbapedia.bulbagarden.net/wiki/Night_Stretcher_%28Shrouded_Fable_61%29,,,COLORLESS,,,,,,Put a Pokémon or a Basic Energy card from your discard pile into your hand.,
1098,Glass Trumpet,ITEM,Stellar Crown,135,https://bulbapedia.bulbagarden.net/wiki/Glass_Trumpet_%28Stellar_Crown_135%29,,,COLORLESS,,,,,,You can use this card only if you have any Tera Pokémon in play.  Choose up to 2 of your Benched {C} Pokémon and attach a Basic Energy card from your discard pile to each of them.,
1099,Antique Root Fossil,ITEM,Stellar Crown,130,https://bulbapedia.bulbagarden.net/wiki/Antique_Root_Fossil_%28Stellar_Crown_130%29,,,COLORLESS,,,,,,"As long as this Pokémon is in the Active Spot, attacks used by your opponent’s Basic Pokémon cost {C} more. Play this card as if it were a 60-HP Basic {C} Pokémon. This card can’t be affected by any Special Conditions and can’t retreat.  At any time during your turn, you may discard this card from play.",
1100,Energy Search Pro,ITEM,Surging Sparks,176,https://bulbapedia.bulbagarden.net/wiki/Energy_Search_Pro_%28Surging_Sparks_176%29,,,COLORLESS,,,,,,"Search your deck for any number of Basic Energy cards of different types, reveal them, and put them into your hand. Then, shuffle your deck.",
1101,Call Bell,ITEM,Surging Sparks,165,https://bulbapedia.bulbagarden.net/wiki/Call_Bell_%28Surging_Sparks_165%29,,,COLORLESS,,,,,,"You can use this card only if you go second, and only during your first turn.  Search your deck for a Supporter card, reveal it, and put it into your hand. Then, shuffle your deck.",
1102,Dusk Ball,ITEM,Mysterious Treasures,110,https://bulbapedia.bulbagarden.net/wiki/Dusk_Ball_%28Mysterious_Treasures_110%29,,,COLORLESS,,,,,,Look at the bottom 7 cards of your deck. You may reveal a Pokémon you find there and put it into your hand. Shuffle the other cards back into your deck.,
1103,Meddling Memo,ITEM,Surging Sparks,181,https://bulbapedia.bulbagarden.net/wiki/Meddling_Memo_%28Surging_Sparks_181%29,,,COLORLESS,,,,,,"Your opponent counts the cards in their hand, shuffles those cards, and puts them on the bottom of their deck. If they do, they draw that many cards.",
1104,Megaton Blower,ITEM,Surging Sparks,182,https://bulbapedia.bulbagarden.net/wiki/Megaton_Blower_%28Surging_Sparks_182%29,,,COLORLESS,,,,,,"Discard all Pokémon Tools and Special Energy from all of your opponent’s Pokémon, and discard a Stadium in play.",
1105,Dragon Elixir,ITEM,Surging Sparks,172,https://bulbapedia.bulbagarden.net/wiki/Dragon_Elixir_%28Surging_Sparks_172%29,,,COLORLESS,,,,,,Heal 60 damage from your Active {N} Pokémon.,
1106,Deduction Kit,ITEM,Surging Sparks,171,https://bulbapedia.bulbagarden.net/wiki/Deduction_Kit_%28Surging_Sparks_171%29,,,COLORLESS,,,,,,"Look at the top 3 cards of your deck and put them back in any order, or shuffle them and put them on the bottom of your deck.",
1107,Scramble Switch,ITEM,Plasma Storm,129,https://bulbapedia.bulbagarden.net/wiki/Scramble_Switch_%28Plasma_Storm_129%29,,,COLORLESS,,,,,,"Switch your Active Pokémon with 1 of your Benched Pokémon. If you do, you may move any amount of Energy from the Pokémon you moved to your Bench to the new Active Pokémon.",
1108,Chill Teaser Toy,ITEM,Surging Sparks,166,https://bulbapedia.bulbagarden.net/wiki/Chill_Teaser_Toy_%28Surging_Sparks_166%29,,,COLORLESS,,,,,,"You can use this card only if you go second, and only during your first turn. Put an Energy attached to 1 of your opponent’s Pokémon into their hand.",
1109,Miracle Headset,ITEM,Surging Sparks,183,https://bulbapedia.bulbagarden.net/wiki/Miracle_Headset_%28Surging_Sparks_183%29,,,COLORLESS,,,,,,Put up to 2 Supporter cards from your discard pile into your hand.,
1110,Max Rod,ITEM,Prismatic Evolutions,116,https://bulbapedia.bulbagarden.net/wiki/Max_Rod_%28Prismatic_Evolutions_116%29,,,COLORLESS,,,,,,Put up to 5 in any combination of Pokémon and Basic Energy cards from your discard pile into your hand.,
1111,Treasure Tracker,ITEM,Prismatic Evolutions,131,https://bulbapedia.bulbagarden.net/wiki/Treasure_Tracker_%28Prismatic_Evolutions_131%29,,,COLORLESS,,,,,,"Search your deck for up to 5 Pokémon Tool cards, reveal them, and put them into your hand. Then, shuffle your deck.",
1112,Super Potion,ITEM,Base Set,90,https://bulbapedia.bulbagarden.net/wiki/Super_Potion_%28Base_Set_90%29,,,COLORLESS,,,,,,"Heal 60 damage from 1 of your Pokémon. If you healed any damage in this way, discard an Energy from that Pokémon.",
1113,N’s PP Up,ITEM,Journey Together,153,https://bulbapedia.bulbagarden.net/wiki/N%27s_PP_Up_%28Journey_Together_153%29,,,COLORLESS,,,,,,Attach a Basic Energy card from your discard pile to 1 of your Benched N’s Pokémon.,
1114,Redeemable Ticket,ITEM,Journey Together,156,https://bulbapedia.bulbagarden.net/wiki/Redeemable_Ticket_%28Journey_Together_156%29,,,COLORLESS,,,,,,"Count your Prize cards, shuffle them, and put them on the bottom of your deck. Then, take that many cards from the top of your deck and put them face down as your Prize cards.",
1115,Hop’s Bag,ITEM,Journey Together,147,https://bulbapedia.bulbagarden.net/wiki/Hop%27s_Bag_%28Journey_Together_147%29,,,COLORLESS,,,,,,"Search your deck for up to 2 Basic Hop’s Pokémon and put them onto your Bench. Then, shuffle your deck.",
1116,Energy Switch,ITEM,Aquapolis,120,https://bulbapedia.bulbagarden.net/wiki/Energy_Switch_%28Aquapolis_120%29,,,COLORLESS,,,,,,Move a Basic Energy from 1 of your Pokémon to another of your Pokémon.,
1117,Potion,ITEM,Base Set,94,https://bulbapedia.bulbagarden.net/wiki/Potion_%28Base_Set_94%29,,,COLORLESS,,,,,,Heal 30 damage from 1 of your Pokémon.,
1118,Energy Retrieval,ITEM,Base Set,81,https://bulbapedia.bulbagarden.net/wiki/Energy_Retrieval_%28Base_Set_81%29,,,COLORLESS,,,,,,Put up to 2 Basic Energy cards from your discard pile into your hand.,"In Japan, before the  expansion, this card's Expansion Pack print could retrieve any Energy cards from the discard pile, not just basic Energy cards. This card thus received an , which was included in the  print, and in any international releases of this card. It shares this trait with . ; Beginning with the  print, all releases of this card received errata to be played with an ""up to"" effect."
1119,Energy Search,ITEM,Fossil,59,https://bulbapedia.bulbagarden.net/wiki/Energy_Search_%28Fossil_59%29,,,COLORLESS,,,,,,"Search your deck for a Basic Energy card, reveal it, and put it into your hand. Then, shuffle your deck.",
1120,Crushing Hammer,ITEM,Emerging Powers,92,https://bulbapedia.bulbagarden.net/wiki/Crushing_Hammer_%28Emerging_Powers_92%29,,,COLORLESS,,,,,,"Flip a coin. If heads, discard an Energy from 1 of your opponent’s Pokémon.",
1121,Ultra Ball,ITEM,Dark Explorers,102,https://bulbapedia.bulbagarden.net/wiki/Ultra_Ball_%28Dark_Explorers_102%29,,,COLORLESS,,,,,,"You can use this card only if you discard 2 other cards from your hand.  Search your deck for a Pokémon, reveal it, and put it into your hand. Then, shuffle your deck.",
1122,Pokégear 3.0,ITEM,HeartGold & SoulSilver,96,https://bulbapedia.bulbagarden.net/wiki/Pok%C3%A9gear_3.0_%28HeartGold_%26_SoulSilver_96%29,,,COLORLESS,,,,,,Look at the top 7 cards of your deck. You may reveal a Supporter card you find there and put it into your hand. Shuffle the other cards back into your deck.,
1123,Switch,ITEM,Base Set,95,https://bulbapedia.bulbagarden.net/wiki/Switch_%28Base_Set_95%29,,,COLORLESS,,,,,,Switch your Active Pokémon with 1 of your Benched Pokémon.,
1124,Pokémon Catcher,ITEM,Emerging Powers,95,https://bulbapedia.bulbagarden.net/wiki/Pok%C3%A9mon_Catcher_%28Emerging_Powers_95%29,,,COLORLESS,,,,,,"Flip a coin. If heads, switch in 1 of your opponent’s Benched Pokémon to the Active Spot.",
1125,Master Ball,ITEM,Gym Challenge,116,https://bulbapedia.bulbagarden.net/wiki/Master_Ball_%28Gym_Challenge_116%29,,,COLORLESS,,,,,,"Search your deck for a Pokémon, reveal it, and put it into your hand. Then, shuffle your deck.",
1126,Precious Trolley,ITEM,Surging Sparks,185,https://bulbapedia.bulbagarden.net/wiki/Precious_Trolley_%28Surging_Sparks_185%29,,,COLORLESS,,,,,,"Search your deck for any number of Basic Pokémon and put them onto your Bench. Then, shuffle your deck.",
1127,Tera Orb,ITEM,Surging Sparks,189,https://bulbapedia.bulbagarden.net/wiki/Tera_Orb_%28Surging_Sparks_189%29,,,COLORLESS,,,,,,"Search your deck for a Tera Pokémon, reveal it, and put it into your hand. Then, shuffle your deck.",
1128,Brilliant Blender,ITEM,Surging Sparks,164,https://bulbapedia.bulbagarden.net/wiki/Brilliant_Blender_%28Surging_Sparks_164%29,,,COLORLESS,,,,,,"Search your deck for up to 5 cards and discard them. Then, shuffle your deck.",
1129,Sacred Ash,ITEM,Flashfire,96,https://bulbapedia.bulbagarden.net/wiki/Sacred_Ash_%28Flashfire_96%29,,,COLORLESS,,,,,,Shuffle up to 5 Pokémon from your discard pile into your deck.,
1130,Arven's Sandwich,ITEM,Destined Rivals,161,https://bulbapedia.bulbagarden.net/wiki/Arven%27s_Sandwich_%28Destined_Rivals_161%29,,,COLORLESS,,,,,,"Heal 30 damage from your Active Pokémon. If that Pokémon is an Arven’s Pokémon, heal 100 damage from it instead.",
1131,Team Rocket's Bother-Bot,ITEM,Destined Rivals,172,https://bulbapedia.bulbagarden.net/wiki/Team_Rocket%27s_Bother-Bot_%28Destined_Rivals_172%29,,,COLORLESS,,,,,,Turn 1 of your opponent’s face-down Prize cards face up and choose a random card from your opponent’s hand. Your opponent reveals that card. You may have your opponent switch those cards. (That Prize card remains face up for the rest of the game.),
1132,Team Rocket's Great Ball,ITEM,Destined Rivals,175,https://bulbapedia.bulbagarden.net/wiki/Team_Rocket%27s_Great_Ball_%28Destined_Rivals_175%29,,,COLORLESS,,,,,,"Search your deck for a Trainer card, reveal it, and put it into your hand. Then, shuffle your deck.",
1133,Team Rocket's Venture Bomb,ITEM,Destined Rivals,179,https://bulbapedia.bulbagarden.net/wiki/Team_Rocket%27s_Venture_Bomb_%28Destined_Rivals_179%29,,,COLORLESS,,,,,,"Flip a coin. If heads, put 2 damage counters on 1 of your opponent’s Pokémon. If tails, put 2 damage counters on your Active Pokémon.",
1134,Team Rocket's Transceiver,ITEM,Destined Rivals,178,https://bulbapedia.bulbagarden.net/wiki/Team_Rocket%27s_Transceiver_%28Destined_Rivals_178%29,,,COLORLESS,,,,,,"Search your deck for a Supporter card that has “Team Rocket” in its name, reveal it, and put it into your hand. Then, shuffle your deck.",
1135,Energy Coin,ITEM,Black Bolt,081,https://bulbapedia.bulbagarden.net/wiki/Energy_Coin_%28Black_Bolt_81%29,,,COLORLESS,,,,,,"Flip 2 coins. If both of them are heads, search your deck for a Basic Energy card and attach it to 1 of your Pokémon. Then, shuffle your deck.",
1136,Antique Cover Fossil,ITEM,Stellar Crown,129,https://bulbapedia.bulbagarden.net/wiki/Antique_Cover_Fossil_%28Stellar_Crown_129%29,,,COLORLESS,,,,,,"Prevent all effects of attacks used by your opponent’s Pokémon done to this Pokémon. (Damage is not an effect.) Play this card as if it were a 60-HP Basic {C} Pokémon. This card can’t be affected by any Special Conditions and can’t retreat.  At any time during your turn, you may discard this card from play.",
1137,Tool Scrapper,ITEM,Dragons Exalted,116,https://bulbapedia.bulbagarden.net/wiki/Tool_Scrapper_%28Dragons_Exalted_116%29,,,COLORLESS,,,,,,Choose up to 2 Pokémon Tools attached to Pokémon (yours or your opponent’s) and discard them.,
1138,Antique Plume Fossil,ITEM,White Flare,079,https://bulbapedia.bulbagarden.net/wiki/Antique_Plume_Fossil_%28White_Flare_79%29,,,COLORLESS,,,,,,"As long as this Pokémon is on your Bench, prevent all damage done to this Pokémon by attacks from your opponent’s Pokémon. Play this card as if it were a 60-HP Basic {C} Pokémon. This card can’t be affected by any Special Conditions and can’t retreat.  At any time during your turn, you may discard this card from play.",
1139,Energy Recycler,ITEM,Ancient Origins,72,https://bulbapedia.bulbagarden.net/wiki/Energy_Recycler_%28Ancient_Origins_72%29,,,COLORLESS,,,,,,Shuffle up to 5 Basic Energy cards from your discard pile into your deck.,
1140,Iron Defender,ITEM,Mega Evolution,118,https://bulbapedia.bulbagarden.net/wiki/Iron_Defender_%28Mega_Evolution_118%29,,,COLORLESS,,,,,,"During your opponent’s next turn, all of your {M} Pokémon take 30 less damage from attacks from your opponent’s Pokémon (after applying Weakness and Resistance). (This includes new Pokémon that come into play.)",A player may use Iron Defender even if they have no  Pokémon in play. ; The effect of Iron Defender stacks per Iron Defender used.
1141,Premium Power Pro,ITEM,Mega Evolution,124,https://bulbapedia.bulbagarden.net/wiki/Premium_Power_Pro_%28Mega_Evolution_124%29,,,COLORLESS,,,,,,"During this turn, attacks used by your {F} Pokémon do 30 more damage to your opponent’s Active Pokémon (before applying Weakness and Resistance).",
1142,Fighting Gong,ITEM,Mega Evolution,116,https://bulbapedia.bulbagarden.net/wiki/Fighting_Gong_%28Mega_Evolution_116%29,,,COLORLESS,,,,,,"Search your deck for a Basic {F} Energy card or a Basic {F} Pokémon, reveal it, and put it into your hand. Then, shuffle your deck.",
1143,Repel,ITEM,Sun & Moon,130,https://bulbapedia.bulbagarden.net/wiki/Repel_%28Sun_%26_Moon_130%29,,,COLORLESS,,,,,,Switch out your opponent’s Active Pokémon to the Bench. (Your opponent chooses the new Active Pokémon.),
1144,Strange Timepiece,ITEM,Mega Evolution,128,https://bulbapedia.bulbagarden.net/wiki/Strange_Timepiece_%28Mega_Evolution_128%29,,,COLORLESS,,,,,,Devolve 1 of your evolved {P} Pokémon by putting any number of Evolution cards on it into your hand. (That Pokémon can’t evolve this turn.),"A player may use Strange Timepiece to devolve a  Pokémon that had evolved from a non-Psychic-type Pokémon (eg. devolving a  that was evolved from a   all the way down to a ). ; A player may use Strange Timepiece to devolve 1 of their damaged Psychic-type Pokémon such that the damage will cause the devolved Pokémon to be . ; Any card effects that override normal Evolution rules (namely by allowing Pokémon to evolve on the same turn they are played) will override Strange Timepiece's ruling that prevents a Pokémon devolved with it from evolving again on the same turn. These include, but are not limited to, the following situations: ; * If a player uses Strange Timepiece to devolve their Psychic-type Pokémon in the Active Spot into  with the ""Boosted Evolution"" , that Eevee may evolve again on the same turn. ; * If a player uses Strange Timepiece to devolve their Psychic-type  into a  , and the  Stadium is in play, Forest of Vitality makes it so that the Rellor may evolve again into a Grass-type Rabsca on the same turn. ; * A player may use  to evolve their Benched Pokémon that was devolved using Strange Timepiece on the same turn. ; If a player uses  on 1 of their Psychic-type Pokémon and then devolves it with Strange Timepiece, the effect of Acerola's Mischief on that Pokémon will be considered lost."
1145,Mega Signal,ITEM,Mega Evolution,121,https://bulbapedia.bulbagarden.net/wiki/Mega_Signal_%28Mega_Evolution_121%29,,,COLORLESS,,,,,,"Search your deck for a Mega Evolution Pokémon {ex}, reveal it, and put it into your hand. Then, shuffle your deck.",
1146,Wondrous Patch,ITEM,Phantasmal Flames,094,https://bulbapedia.bulbagarden.net/wiki/Wondrous_Patch_%28Phantasmal_Flames_94%29,,,COLORLESS,,,,,,Attach a Basic {P} Energy card from your discard pile to 1 of your Benched {P} Pokémon.,
1147,Jumbo Ice Cream,ITEM,Phantasmal Flames,091,https://bulbapedia.bulbagarden.net/wiki/Jumbo_Ice_Cream_%28Phantasmal_Flames_91%29,,,COLORLESS,,,,,,Heal 80 damage from your Active Pokémon that has 3 or more Energy attached.,
1148,Blowtorch,ITEM,Phantasmal Flames,086,https://bulbapedia.bulbagarden.net/wiki/Blowtorch_%28Phantasmal_Flames_86%29,,,COLORLESS,,,,,,"You can use this card only if you discard a Basic {R} Energy card from your hand.  Discard a Pokémon Tool or Special Energy card from 1 of your opponent’s Pokémon, or discard a Stadium in play.",
1149,Energy Swatter,ITEM,Perfect Order,073,https://bulbapedia.bulbagarden.net/wiki/Energy_Swatter_%28Perfect_Order_73%29,,,COLORLESS,,,,,,"Your opponent reveals their hand, and you choose an Energy card you find there and put it on the bottom of their deck.",
1150,Antique Jaw Fossil,ITEM,Perfect Order,068,https://bulbapedia.bulbagarden.net/wiki/Antique_Jaw_Fossil_%28Perfect_Order_68%29,,,COLORLESS,,,,,,"As long as this Pokémon is in the Active Spot, attacks used by your opponent’s Active Pokémon do 30 less damage (before applying Weakness and Resistance). Play this card as if it were a 60-HP Basic {C} Pokémon. This card can’t be affected by any Special Conditions and can’t retreat.  At any time during your turn, you may discard this card from play.",
1151,Antique Sail Fossil,ITEM,Perfect Order,069,https://bulbapedia.bulbagarden.net/wiki/Antique_Sail_Fossil_%28Perfect_Order_69%29,,,COLORLESS,,,,,,"Whenever your opponent plays a Supporter card from their hand, prevent all effects of that card done to this Pokémon. Play this card as if it were a 60-HP Basic {C} Pokémon. This card can’t be affected by any Special Conditions and can’t retreat.  At any time during your turn, you may discard this card from play.",
1152,Poké Pad,ITEM,Ascended Heroes,198,https://bulbapedia.bulbagarden.net/wiki/Pok%C3%A9_Pad_%28Ascended_Heroes_198%29,,,COLORLESS,,,,,,"Search your deck for a Pokémon that doesn’t have a Rule Box, reveal it, and put it into your hand. Then, shuffle your deck. (Pokémon {ex}, Pokémon {V}, etc. have Rule Boxes.)",
1153,Lumiose Galette,ITEM,Perfect Order,078,https://bulbapedia.bulbagarden.net/wiki/Lumiose_Galette_%28Perfect_Order_78%29,,,COLORLESS,,,,,,Heal 20 damage and remove a Special Condition from your Active Pokémon.,
1154,Team Rocket’s Hypnotizer,TOOL,,,https://bulbapedia.bulbagarden.net/wiki/Ascended_Heroes_%28TCG%29,,,COLORLESS,,,,,,"If the Team Rocket’s Pokémon this card is attached to is in the Active Spot and is damaged by an attack from your opponent’s Pokémon (even if this Team Rocket’s Pokémon is Knocked Out), the Attacking Pokémon is now Asleep.",
1155,Survival Brace,TOOL,Twilight Masquerade,164,https://bulbapedia.bulbagarden.net/wiki/Survival_Brace_%28Twilight_Masquerade_164%29,,,COLORLESS,,,,,,"If the Pokémon this card is attached to has full HP and would be Knocked Out by damage from an attack from your opponent’s Pokémon, it is not Knocked Out, and its remaining HP becomes 10. Then, discard this card.",
1156,Lucky Helmet,TOOL,Ancient Origins,77,https://bulbapedia.bulbagarden.net/wiki/Lucky_Helmet_%28Ancient_Origins_77%29,,,COLORLESS,,,,,,"If the Pokémon this card is attached to is in the Active Spot and is damaged by an attack from your opponent’s Pokémon (even if this Pokémon is Knocked Out), draw 2 cards.",
1157,Rescue Board,TOOL,Temporal Forces,159,https://bulbapedia.bulbagarden.net/wiki/Rescue_Board_%28Temporal_Forces_159%29,,,COLORLESS,,,,,,"The Retreat Cost of the Pokémon this card is attached to is {C} less. If that Pokémon’s remaining HP is 30 or less, it has no Retreat Cost.",
1158,Maximum Belt,TOOL,Temporal Forces,154,https://bulbapedia.bulbagarden.net/wiki/Maximum_Belt_%28Temporal_Forces_154%29,,,COLORLESS,,,,,,Attacks used by the Pokémon this card is attached to do 50 more damage to your opponent’s Active Pokémon {ex} (before applying Weakness and Resistance).,
1159,Hero’s Cape,TOOL,,,https://bulbapedia.bulbagarden.net/wiki/ACE_SPEC_card_%28TCG%29,,,COLORLESS,,,,,,The Pokémon this card is attached to gets +100 HP.,
1160,Heavy Baton,TOOL,Temporal Forces,151,https://bulbapedia.bulbagarden.net/wiki/Heavy_Baton_%28Temporal_Forces_151%29,,,COLORLESS,,,,,,"If the Pokémon this card is attached to has a Retreat Cost of exactly 4, is in the Active Spot, and is Knocked Out by damage from an attack from your opponent’s Pokémon, move up to 3 Basic Energy cards from that Pokémon to your Benched Pokémon in any way you like.",
1161,Handheld Fan,TOOL,Twilight Masquerade,150,https://bulbapedia.bulbagarden.net/wiki/Handheld_Fan_%28Twilight_Masquerade_150%29,,,COLORLESS,,,,,,"If the Pokémon this card is attached to is in the Active Spot and is damaged by an attack from your opponent’s Pokémon (even if this Pokémon is Knocked Out), move an Energy from the Attacking Pokémon to 1 of your opponent’s Benched Pokémon.","If an opponent's Pokémon that has the Festival Lead  (which allows it to attack twice as long as the   is in play) has 1 Energy attached and uses an attack on the player's Active Pokémon with Handheld Fan attached, and the Energy is moved to the opponent's Benched Pokémon, the Attacking Pokémon with Festival Lead cannot attack the second time, as the Energy requirement is no longer satisfied."
1162,Binding Mochi,TOOL,Shrouded Fable,055,https://bulbapedia.bulbagarden.net/wiki/Binding_Mochi_%28Shrouded_Fable_55%29,,,COLORLESS,,,,,,Attacks used by the Poisoned Pokémon this card is attached to do 40 more damage to your opponent’s Active Pokémon (before applying Weakness and Resistance).,
1163,Powerglass,TOOL,Shrouded Fable,063,https://bulbapedia.bulbagarden.net/wiki/Powerglass_%28Shrouded_Fable_63%29,,,COLORLESS,,,,,,"At the end of your turn (after your attack), if the Pokémon this card is attached to is in the Active Spot, you may attach a Basic Energy card from your discard pile to it.",
1164,Payapa Berry,TOOL,Stellar Crown,141,https://bulbapedia.bulbagarden.net/wiki/Payapa_Berry_%28Stellar_Crown_141%29,,,COLORLESS,,,,,,"If the Pokémon this card is attached to is damaged by an attack from your opponent’s {P} Pokémon, it takes 60 less damage (after applying Weakness and Resistance), and discard this card.",
1165,Sparkling Crystal,TOOL,Stellar Crown,142,https://bulbapedia.bulbagarden.net/wiki/Sparkling_Crystal_%28Stellar_Crown_142%29,,,COLORLESS,,,,,,"When the Tera Pokémon this card is attached to uses an attack, that attack costs 1 Energy less. (The Energy can be of any type.)","If a  with Sparkling Crystal attached uses an attack that requires all the Energy on the Pokémon to be removed, the attack can be done even if the removed Energy is 1 less than the number required. Examples include: ; * Using 's ""Sonic Dive"" attack, discarding 1 Energy instead of the required 2 to deal 120 damage to 1 of the opponent's Pokémon. ; * Using 's ""Torrential Pump"" attack with a , shuffling the Double Turbo Energy into the deck and dealing 80 damage to the opponent's Active Pokémon and 100 damage to 1 of their Benched Pokémon (damage is reduced due to the effect of Double Turbo Energy)."
1166,Gravity Gemstone,TOOL,Stellar Crown,137,https://bulbapedia.bulbagarden.net/wiki/Gravity_Gemstone_%28Stellar_Crown_137%29,,,COLORLESS,,,,,,"As long as the Pokémon this card is attached to is in the Active Spot, the Retreat Cost of both Active Pokémon is {C} more.",
1167,Deluxe Bomb,TOOL,Stellar Crown,134,https://bulbapedia.bulbagarden.net/wiki/Deluxe_Bomb_%28Stellar_Crown_134%29,,,COLORLESS,,,,,,"If the Pokémon this card is attached to is in the Active Spot and is damaged by an attack from your opponent’s Pokémon (even if this Pokémon is Knocked Out), put 12 damage counters on the Attacking Pokémon. If you placed any damage counters in this way, discard this card.",
1168,Counter Gain,TOOL,Lost Thunder,170,https://bulbapedia.bulbagarden.net/wiki/Counter_Gain_%28Lost_Thunder_170%29,,,COLORLESS,,,,,,"If you have more Prize cards remaining than your opponent, attacks used by the Pokémon this card is attached to cost {C} less.",
1169,Amulet of Hope,TOOL,Surging Sparks,162,https://bulbapedia.bulbagarden.net/wiki/Amulet_of_Hope_%28Surging_Sparks_162%29,,,COLORLESS,,,,,,"If the Pokémon this card is attached to is Knocked Out by damage from an attack from your opponent’s Pokémon, search your deck for up to 3 cards and put them into your hand. Then, shuffle your deck.",
1170,Haban Berry,TOOL,Prismatic Evolutions,111,https://bulbapedia.bulbagarden.net/wiki/Haban_Berry_%28Prismatic_Evolutions_111%29,,,COLORLESS,,,,,,"If the Pokémon this card is attached to is damaged by an attack from your opponent’s {N} Pokémon, it takes 60 less damage (after applying Weakness and Resistance), and discard this card.",
1171,Hop’s Choice Band,TOOL,Journey Together,148,https://bulbapedia.bulbagarden.net/wiki/Hop%27s_Choice_Band_%28Journey_Together_148%29,,,COLORLESS,,,,,,Attacks used by the Hop’s Pokémon this card is attached to cost {C} less and do 30 more damage to your opponent’s Active Pokémon (before applying Weakness and Resistance).,
1172,Lillie’s Pearl,TOOL,,,https://bulbapedia.bulbagarden.net/wiki/Pearl_%28item%29,,,COLORLESS,,,,,,"If the Lillie’s Pokémon this card is attached to is Knocked Out by damage from an attack from your opponent’s Pokémon, that player takes 1 fewer Prize card.",
1173,Cynthia's Power Weight,TOOL,Destined Rivals,162,https://bulbapedia.bulbagarden.net/wiki/Cynthia%27s_Power_Weight_%28Destined_Rivals_162%29,,,COLORLESS,,,,,,The Cynthia’s Pokémon this card is attached to gets +70 HP.,
1174,Air Balloon,TOOL,Sword & Shield,156,https://bulbapedia.bulbagarden.net/wiki/Air_Balloon_%28Sword_%26_Shield_156%29,,,COLORLESS,,,,,,The Retreat Cost of the Pokémon this card is attached to is {C}{C} less.,
1175,Brave Bangle,TOOL,White Flare,080,https://bulbapedia.bulbagarden.net/wiki/Brave_Bangle_%28White_Flare_80%29,,,COLORLESS,,,,,,"If the Pokémon this card is attached to doesn’t have a Rule Box, the attacks it uses do 30 more damage to your opponent’s Active Pokémon {ex} (before applying Weakness and Resistance). (Pokémon {ex}, Pokémon {V}, etc. have Rule Boxes.)",
1176,Punk Helmet,TOOL,Phantasmal Flames,092,https://bulbapedia.bulbagarden.net/wiki/Punk_Helmet_%28Phantasmal_Flames_92%29,,,COLORLESS,,,,,,"If the {D} Pokémon this card is attached to is in the Active Spot and is damaged by an attack from your opponent’s Pokémon (even if this Pokémon is Knocked Out), place 4 damage counters on the Attacking Pokémon.",
1177,Sacred Charm,TOOL,Phantasmal Flames,093,https://bulbapedia.bulbagarden.net/wiki/Sacred_Charm_%28Phantasmal_Flames_93%29,,,COLORLESS,,,,,,The Pokémon this card is attached to takes 30 less damage from attacks from your opponent’s Pokémon that have an Ability (after applying Weakness and Resistance).,
1178,Light Ball,TOOL,Ascended Heroes,191,https://bulbapedia.bulbagarden.net/wiki/Light_Ball_%28Ascended_Heroes_191%29,,,COLORLESS,,,,,,Attacks used by the Pikachu {ex} this card is attached to do 50 more damage to your opponent’s Active Pokémon {ex} (before applying Weakness and Resistance).,
1179,Thick Scale,TOOL,Ascended Heroes,211,https://bulbapedia.bulbagarden.net/wiki/Thick_Scale_%28Ascended_Heroes_211%29,,,COLORLESS,,,,,,"The {N} Pokémon this card is attached to takes 50 less damage from attacks from your opponent’s {G}, {R}, {W}, or {L} Pokémon (after applying Weakness and Resistance).","Against dual- Pokémon whose types are both referenced on the Thick Scale card (eg.  whose ""Double Type""  makes it both  and  while in play), Thick Scale only reduces damage from those Pokémon once (meaning the incoming damage is reduced by 50 and not by 100)."
1180,Core Memory,TOOL,Perfect Order,070,https://bulbapedia.bulbagarden.net/wiki/Core_Memory_%28Perfect_Order_70%29,,,COLORLESS,,,,,,The Mega Zygarde {ex} this card is attached to can use the attack on this card. (You still need the necessary Energy to use this attack.),
1181,Billy & O'Nare,SUPPORTER,Journey Together,142,https://bulbapedia.bulbagarden.net/wiki/Billy_%26_O%27Nare_%28Journey_Together_142%29,,,COLORLESS,,,,,,"Draw 2 cards. Then, if you have 10 or more cards in your hand, draw 2 more cards.",
1182,Boss’s Orders,SUPPORTER,Rebel Clash,154,https://bulbapedia.bulbagarden.net/wiki/Boss%27s_Orders_%28Rebel_Clash_154%29,,,COLORLESS,,,,,,Switch in 1 of your opponent’s Benched Pokémon to the Active Spot.,
1183,Perrin,SUPPORTER,Twilight Masquerade,160,https://bulbapedia.bulbagarden.net/wiki/Perrin_%28Twilight_Masquerade_160%29,,,COLORLESS,,,,,,"Reveal up to 2 Pokémon in your hand and put them into your deck. If you do, search your deck for up to that many Pokémon, reveal them, and put them into your hand. Then, shuffle your deck.",
1184,Lana’s Aid,SUPPORTER,,,https://bulbapedia.bulbagarden.net/wiki/Crimson_Haze_%28TCG%29,,,COLORLESS,,,,,,"Put up to 3 in any combination of Pokémon that don’t have a Rule Box and Basic Energy cards from your discard pile into your hand. (Pokémon {ex}, Pokémon {V}, etc. have Rule Boxes.)",
1185,Explorer’s Guidance,SUPPORTER,,,https://bulbapedia.bulbagarden.net/wiki/Temporal_Forces_%28TCG%29,,,COLORLESS,,,,,,Look at the top 6 cards of your deck and put 2 of them into your hand. Discard the other cards.,
1186,Eri,SUPPORTER,Temporal Forces,146,https://bulbapedia.bulbagarden.net/wiki/Eri_%28Temporal_Forces_146%29,,,COLORLESS,,,,,,"Your opponent reveals their hand, and you discard up to 2 Item cards you find there.",
1187,Morty’s Conviction,SUPPORTER,,,https://bulbapedia.bulbagarden.net/wiki/Temporal_Forces_%28TCG%29,,,COLORLESS,,,,,,You can use this card only if you discard another card from your hand.  Draw a card for each of your opponent’s Benched Pokémon.,
1188,Ciphermaniac’s Codebreaking,SUPPORTER,,,https://bulbapedia.bulbagarden.net/wiki/Temporal_Forces_%28TCG%29,,,COLORLESS,,,,,,"Search your deck for 2 cards, shuffle your deck, then put those cards on top of it in any order.",
1189,Salvatore,SUPPORTER,Temporal Forces,160,https://bulbapedia.bulbagarden.net/wiki/Salvatore_%28Temporal_Forces_160%29,,,COLORLESS,,,,,,"Search your deck for a card that has no Abilities and evolves from 1 of your Pokémon, and put it onto that Pokémon to evolve it. Then, shuffle your deck. You can use this card on a Pokémon you put down when you were setting up to play or on a Pokémon that was put into play this turn.",
1190,Bianca’s Devotion,SUPPORTER,,,https://bulbapedia.bulbagarden.net/wiki/Temporal_Forces_%28TCG%29,,,COLORLESS,,,,,,Heal all damage from 1 of your Pokémon that has 30 HP or less remaining.,
1191,Kieran,SUPPORTER,Twilight Masquerade,154,https://bulbapedia.bulbagarden.net/wiki/Kieran_%28Twilight_Masquerade_154%29,,,COLORLESS,,,,,,"Choose 1:  • Switch your Active Pokémon with 1 of your Benched Pokémon. • During this turn, attacks used by your Pokémon do 30 more damage to your opponent’s Active Pokémon {ex} and Active Pokémon {V} (before applying Weakness and Resistance).",
1192,Carmine,SUPPORTER,Twilight Masquerade,145,https://bulbapedia.bulbagarden.net/wiki/Carmine_%28Twilight_Masquerade_145%29,,,COLORLESS,,,,,,"If you go first, you may use this card during your first turn.  Discard your hand and draw 5 cards.",
1193,Hassel,SUPPORTER,Twilight Masquerade,151,https://bulbapedia.bulbagarden.net/wiki/Hassel_%28Twilight_Masquerade_151%29,,,COLORLESS,,,,,,You can use this card only if any of your Pokémon were Knocked Out during your opponent’s last turn.  Look at the top 8 cards of your deck and put up to 3 of them into your hand. Shuffle the other cards back into your deck.,
1194,Colress’s Tenacity,SUPPORTER,,,https://bulbapedia.bulbagarden.net/wiki/Shrouded_Fable_%28TCG%29,,,COLORLESS,,,,,,"Search your deck for a Stadium card and an Energy card, reveal them, and put them into your hand. Then, shuffle your deck.",
1195,Janine’s Secret Art,SUPPORTER,,,https://bulbapedia.bulbagarden.net/wiki/Shrouded_Fable_%28TCG%29,,,COLORLESS,,,,,,"Choose up to 2 of your {D} Pokémon. For each of those Pokémon, search your deck for a Basic {D} Energy card and attach it to that Pokémon. Then, shuffle your deck. If you attached Energy to your Active Pokémon in this way, it is now Poisoned.",
1196,Cassiopeia,SUPPORTER,Shrouded Fable,056,https://bulbapedia.bulbagarden.net/wiki/Cassiopeia_%28Shrouded_Fable_56%29,,,COLORLESS,,,,,,"You can use this card only when it is the last card in your hand.  Search your deck for up to 2 cards and put them into your hand. Then, shuffle your deck.",
1197,Xerosic’s Machinations,SUPPORTER,,,https://bulbapedia.bulbagarden.net/wiki/Shrouded_Fable_%28TCG%29,,,COLORLESS,,,,,,Your opponent discards cards from their hand until they have 3 cards in their hand.,
1198,Crispin,SUPPORTER,Stellar Crown,133,https://bulbapedia.bulbagarden.net/wiki/Crispin_%28Stellar_Crown_133%29,,,COLORLESS,,,,,,"Search your deck for up to 2 Basic Energy cards of different types, reveal them, and put 1 of them into your hand. Attach the other to 1 of your Pokémon. Then, shuffle your deck.","If a player uses Crispin and gets only 1  from their deck, the Energy card is put into their hand, and not attached to their Pokémon."
1199,Lacey,SUPPORTER,Stellar Crown,139,https://bulbapedia.bulbagarden.net/wiki/Lacey_%28Stellar_Crown_139%29,,,COLORLESS,,,,,,"Shuffle your hand into your deck. Then, draw 4 cards. If your opponent has 3 or fewer Prize cards remaining, draw 8 cards instead.",
1200,Kofu,SUPPORTER,Stellar Crown,138,https://bulbapedia.bulbagarden.net/wiki/Kofu_%28Stellar_Crown_138%29,,,COLORLESS,,,,,,"Put 2 cards from your hand on the bottom of your deck in any order. If you put 2 cards on the bottom of your deck in this way, draw 4 cards. (If you can’t put 2 cards from your hand on the bottom of your deck, you can’t use this card.)",
1201,Briar,SUPPORTER,Stellar Crown,132,https://bulbapedia.bulbagarden.net/wiki/Briar_%28Stellar_Crown_132%29,,,COLORLESS,,,,,,"You can use this card only if your opponent has exactly 2 Prize cards remaining.  During this turn, if your opponent’s Active Pokémon is Knocked Out by damage from an attack used by your Tera Pokémon, take 1 more Prize card.",
1202,Drayton,SUPPORTER,Surging Sparks,174,https://bulbapedia.bulbagarden.net/wiki/Drayton_%28Surging_Sparks_174%29,,,COLORLESS,,,,,,Look at the top 7 cards of your deck. You may reveal a Pokémon and a Trainer card you find there and put them into your hand. Shuffle the other cards back into your deck.,
1203,Surfer,SUPPORTER,,,https://bulbapedia.bulbagarden.net/wiki/Surfer_%28Trainer_class%29,,,COLORLESS,,,,,,"Switch your Active Pokémon with 1 of your Benched Pokémon. If you do, draw cards until you have 5 cards in your hand.",
1204,Lisia’s Appeal,SUPPORTER,,,https://bulbapedia.bulbagarden.net/wiki/Surging_Sparks_%28TCG%29,,,COLORLESS,,,,,,"Switch in 1 of your opponent’s Benched Basic Pokémon to the Active Spot. If you do, the new Active Pokémon is now Confused.",
1205,Cyrano,SUPPORTER,Surging Sparks,170,https://bulbapedia.bulbagarden.net/wiki/Cyrano_%28Surging_Sparks_170%29,,,COLORLESS,,,,,,"Search your deck for up to 3 Pokémon {ex}, reveal them, and put them into your hand. Then, shuffle your deck.",
1206,Larry’s Skill,SUPPORTER,,,https://bulbapedia.bulbagarden.net/wiki/Larry,,,COLORLESS,,,,,,"Discard your hand and search your deck for a Pokémon, a Supporter card, and a Basic Energy card, reveal them, and put them into your hand. Then, shuffle your deck.",
1207,Amarys,SUPPORTER,Prismatic Evolutions,093,https://bulbapedia.bulbagarden.net/wiki/Amarys_%28Prismatic_Evolutions_93%29,,,COLORLESS,,,,,,"Draw 4 cards. At the end of this turn, if you have 5 or more cards in your hand, discard your hand.",
1208,Iris’s Fighting Spirit,SUPPORTER,,,https://bulbapedia.bulbagarden.net/wiki/Journey_Together_%28TCG%29,,,COLORLESS,,,,,,You can use this card only if you discard another card from your hand.  Draw cards until you have 6 cards in your hand.,
1209,Ruffian,SUPPORTER,,,https://bulbapedia.bulbagarden.net/wiki/Ruffian_%28Trainer_class%29,,,COLORLESS,,,,,,Discard a Pokémon Tool and a Special Energy from 1 of your opponent’s Pokémon.,
1210,Brock’s Scouting,SUPPORTER,,,https://bulbapedia.bulbagarden.net/wiki/Battle_Partners_%28TCG%29,,,COLORLESS,,,,,,"Search your deck for up to 2 Basic Pokémon or 1 Evolution Pokémon, reveal them, and put them into your hand. Then, shuffle your deck.",
1211,Black Belt’s Training,SUPPORTER,,,https://bulbapedia.bulbagarden.net/wiki/Generations_Start_Decks_%28TCG%29,,,COLORLESS,,,,,,"During this turn, attacks used by your Pokémon do 40 more damage to your opponent’s Active Pokémon {ex} (before applying Weakness and Resistance).",
1212,Cook,SUPPORTER,,,https://bulbapedia.bulbagarden.net/wiki/Cook_%28Trainer_class%29,,,COLORLESS,,,,,,Heal 70 damage from your Active Pokémon.,
1213,Judge,SUPPORTER,Unleashed,78,https://bulbapedia.bulbagarden.net/wiki/Judge_%28Unleashed_78%29,,,COLORLESS,,,,,,Each player shuffles their hand into their deck and draws 4 cards.,
1214,Emcee's Hype,SUPPORTER,Destined Rivals,163,https://bulbapedia.bulbagarden.net/wiki/Emcee%27s_Hype_%28Destined_Rivals_163%29,,,COLORLESS,,,,,,"Draw 2 cards. If your opponent has 3 or fewer Prize cards remaining, draw 2 more cards.",
1215,Ethan's Adventure,SUPPORTER,Destined Rivals,165,https://bulbapedia.bulbagarden.net/wiki/Ethan%27s_Adventure_%28Destined_Rivals_165%29,,,COLORLESS,,,,,,"Search your deck for up to 3 in any combination of Ethan’s Pokémon and Basic {R} Energy cards, reveal them, and put them into your hand. Then, shuffle your deck.",
1216,Team Rocket's Ariana,SUPPORTER,Destined Rivals,171,https://bulbapedia.bulbagarden.net/wiki/Team_Rocket%27s_Ariana_%28Destined_Rivals_171%29,,,COLORLESS,,,,,,"Draw cards until you have 5 cards in your hand. If all of your Pokémon in play are Team Rocket’s Pokémon, draw cards until you have 8 cards in your hand instead.",
1217,Team Rocket's Archer,SUPPORTER,Destined Rivals,170,https://bulbapedia.bulbagarden.net/wiki/Team_Rocket%27s_Archer_%28Destined_Rivals_170%29,,,COLORLESS,,,,,,"You can use this card only if any of your Team Rocket’s Pokémon were Knocked Out during your opponent’s last turn.  Each player shuffles their hand into their deck. Then, you draw 5 cards, and your opponent draws 3 cards.",
1218,Team Rocket's Giovanni,SUPPORTER,Destined Rivals,174,https://bulbapedia.bulbagarden.net/wiki/Team_Rocket%27s_Giovanni_%28Destined_Rivals_174%29,,,COLORLESS,,,,,,"Switch your Active Team Rocket’s Pokémon with 1 of your Benched Team Rocket’s Pokémon. If you do, switch in 1 of your opponent’s Benched Pokémon to the Active Spot.",
1219,Team Rocket's Petrel,SUPPORTER,Destined Rivals,176,https://bulbapedia.bulbagarden.net/wiki/Team_Rocket%27s_Petrel_%28Destined_Rivals_176%29,,,COLORLESS,,,,,,"Search your deck for a Trainer card, reveal it, and put it into your hand. Then, shuffle your deck.",
1220,Team Rocket's Proton,SUPPORTER,Destined Rivals,177,https://bulbapedia.bulbagarden.net/wiki/Team_Rocket%27s_Proton_%28Destined_Rivals_177%29,,,COLORLESS,,,,,,"If you go first, you may use this card during your first turn.  Search your deck for up to 3 Basic Team Rocket’s Pokémon, reveal them, and put them into your hand. Then, shuffle your deck.",
1221,N's Plan,SUPPORTER,Black Bolt,083,https://bulbapedia.bulbagarden.net/wiki/N%27s_Plan_%28Black_Bolt_83%29,,,COLORLESS,,,,,,Move up to 2 Energy from your Benched Pokémon to your Active Pokémon.,N's Plan may be used to move up to 2 s that provide more than one unit of Energy.
1222,Fennel,SUPPORTER,Black Bolt,082,https://bulbapedia.bulbagarden.net/wiki/Fennel_%28Black_Bolt_82%29,,,COLORLESS,,,,,,Heal 40 damage from each of your Pokémon.,
1223,Harlequin,SUPPORTER,,,https://bulbapedia.bulbagarden.net/wiki/Harlequin_%28Trainer_class%29,,,COLORLESS,,,,,,"Each player shuffles their hand into their deck. Then, flip a coin. If heads, you draw 5 cards, and your opponent draws 3 cards. If tails, you draw 3 cards, and your opponent draws 5 cards.",
1224,Cheren,SUPPORTER,Emerging Powers,91,https://bulbapedia.bulbagarden.net/wiki/Cheren_%28Emerging_Powers_91%29,,,COLORLESS,,,,,,Draw 3 cards.,
1225,Hilda,SUPPORTER,White Flare,084,https://bulbapedia.bulbagarden.net/wiki/Hilda_%28White_Flare_84%29,,,COLORLESS,,,,,,"Search your deck for an Evolution Pokémon and an Energy card, reveal them, and put them into your hand. Then, shuffle your deck.",
1226,Lt. Surge's Bargain,SUPPORTER,Mega Evolution,120,https://bulbapedia.bulbagarden.net/wiki/Lt._Surge%27s_Bargain_%28Mega_Evolution_120%29,,,COLORLESS,,,,,,"Ask your opponent if each player may take a Prize card. If yes, each player takes a Prize card. If no, you draw 4 cards.","A player may use Lt. Surge's Bargain if they have no cards left in their deck. In this situation, if the opponent refuses to have each player take a Prize card, the player simply doesn't draw cards from the deck. ; If a player uses Lt. Surge's Bargain when both they and their opponent have 1 Prize card remaining, and the opponent agrees to have each player take a Prize card,  is triggered."
1227,Lillie's Determination,SUPPORTER,Mega Evolution,119,https://bulbapedia.bulbagarden.net/wiki/Lillie%27s_Determination_%28Mega_Evolution_119%29,,,COLORLESS,,,,,,"Shuffle your hand into your deck. Then, draw 6 cards. If you have exactly 6 Prize cards remaining, draw 8 cards instead.","A player may use Lillie's Determination if they have no cards in their deck and only 2 cards in their hand (including Lillie's Determination). In this situation, the player ""shuffles"" their remaining card in hand into their deck and draws it. ; A player may use Lillie's Determination if it is the last card in their hand, such that they would be shuffling no cards into their deck. The card text of Lillie's Determination does not specify that the player should shuffle any card from their hand, so it is acceptable to use Lillie's Determination to shuffle 0 cards from the hand into the deck (i.e. just shuffling the deck) before drawing the indicated amount according to how many Prize cards the player has remaining. ; * However, this cannot be done if the player has no cards left in their deck. In order to use Lillie's Determination, either the player has to have at least 2 cards in their hand (including Lillie's Determination), or their deck has to have at least 1 card, or both."
1228,Acerola's Mischief,SUPPORTER,Mega Evolution,113,https://bulbapedia.bulbagarden.net/wiki/Acerola%27s_Mischief_%28Mega_Evolution_113%29,,,COLORLESS,,,,,,"You can use this card only if your opponent has 2 or fewer Prize cards remaining.  Choose 1 of your Pokémon in play. During your opponent’s next turn, prevent all damage from and effects of attacks done to that Pokémon by your opponent’s Pokémon {ex}.","If a player uses Acerola's Mischief on their Active Pokémon and it is moved to the Bench, the effect of Acerola's Mischief remains. ; If a player uses Acerola's Mischief on an  and then uses  to swap it for another Ogerpon ex in the discard pile, the new Ogerpon ex retains the protection from Acerola's Mischief. ; If a player uses Acerola's Mischief on 1 of their  Pokémon and then devolves it with , the effect of Acerola's Mischief on that Pokémon will be considered lost."
1229,Wally's Compassion,SUPPORTER,Mega Evolution,132,https://bulbapedia.bulbagarden.net/wiki/Wally%27s_Compassion_%28Mega_Evolution_132%29,,,COLORLESS,,,,,,"Heal all damage from 1 of your Mega Evolution Pokémon {ex}. If you healed any damage in this way, put all Energy attached to that Pokémon into your hand.",
1230,Grimsley's Move,SUPPORTER,Phantasmal Flames,090,https://bulbapedia.bulbagarden.net/wiki/Grimsley%27s_Move_%28Phantasmal_Flames_90%29,,,COLORLESS,,,,,,Look at the top 7 cards of your deck and put a {D} Pokémon you find there onto your Bench. Shuffle the other cards and put them on the bottom of your deck. You can’t use this card during your first turn.,
1231,Dawn,SUPPORTER,,,https://bulbapedia.bulbagarden.net/wiki/Dawn_%28anime%29,,,COLORLESS,,,,,,"Search your deck for a Basic Pokémon, a Stage 1 Pokémon, and a Stage 2 Pokémon, reveal them, and put them into your hand. Then, shuffle your deck.",
1232,Firebreather,SUPPORTER,,,https://bulbapedia.bulbagarden.net/wiki/Firebreather_%28Trainer_class%29,,,COLORLESS,,,,,,"Search your deck for up to 7 Basic {R} Energy cards, reveal them, and put them into your hand. Then, shuffle your deck.",
1233,Canari,SUPPORTER,Ascended Heroes,185,https://bulbapedia.bulbagarden.net/wiki/Canari_%28Ascended_Heroes_185%29,,,COLORLESS,,,,,,"You can use this card only if you discard another card from your hand.  Search your deck for up to 4 {L} Pokémon, reveal them, and put them into your hand. Then, shuffle your deck.",
1234,Anthea & Concordia,SUPPORTER,Ascended Heroes,182,https://bulbapedia.bulbagarden.net/wiki/Anthea_%26_Concordia_%28Ascended_Heroes_182%29,,,COLORLESS,,,,,,"You can use this card only if you have N’s Darmanitan, N’s Zoroark {ex}, N’s Vanilluxe, N’s Klinklang, N’s Reshiram, and N’s Zekrom in play.  During this turn, if your opponent’s Active Pokémon is Knocked Out by damage from an attack used by your N’s Pokémon, take 3 more Prize cards.",
1235,Waitress,SUPPORTER,,,https://bulbapedia.bulbagarden.net/wiki/Waitress_%28Trainer_class%29,,,COLORLESS,,,,,,Look at the top 6 cards of your deck and attach a Basic Energy card you find there to 1 of your Pokémon. Shuffle the other cards back into your deck.,
1236,Urbain,SUPPORTER,Ascended Heroes,214,https://bulbapedia.bulbagarden.net/wiki/Urbain_%28Ascended_Heroes_214%29,,,COLORLESS,,,,,,Draw 3 cards.,
1237,Lucian,SUPPORTER,Twilight Masquerade,157,https://bulbapedia.bulbagarden.net/wiki/Lucian_%28Twilight_Masquerade_157%29,,,COLORLESS,,,,,,"Each player shuffles their hand and puts it on the bottom of their deck. If either player put any cards on the bottom of their deck in this way, each player flips a coin. If heads, that player draws 6 cards. If tails, they draw 3 cards.",
1238,Tarragon,SUPPORTER,Perfect Order,085,https://bulbapedia.bulbagarden.net/wiki/Tarragon_%28Perfect_Order_85%29,,,COLORLESS,,,,,,Put up to 4 in any combination of {F} Pokémon and Basic {F} Energy cards from your discard pile into your hand.,
1239,Naveen,SUPPORTER,Perfect Order,079,https://bulbapedia.bulbagarden.net/wiki/Naveen_%28Perfect_Order_79%29,,,COLORLESS,,,,,,"Draw cards until you have 5 cards in your hand. Before drawing cards, you may discard any number of cards from your hand. (If you can’t draw any cards in this way, you can’t use this card.)",
1240,Rosa's Encouragement,SUPPORTER,Perfect Order,084,https://bulbapedia.bulbagarden.net/wiki/Rosa%27s_Encouragement_%28Perfect_Order_84%29,,,COLORLESS,,,,,,You can use this card only if you have more Prize cards remaining than your opponent.  Attach up to 2 Basic Energy cards from your discard pile to 1 of your Stage 2 Pokémon.,
1241,Jacinthe,SUPPORTER,Perfect Order,075,https://bulbapedia.bulbagarden.net/wiki/Jacinthe_%28Perfect_Order_75%29,,,COLORLESS,,,,,,Heal 150 damage from 1 of your {P} Pokémon.,
1242,Community Center,STADIUM,Twilight Masquerade,146,https://bulbapedia.bulbagarden.net/wiki/Community_Center_%28Twilight_Masquerade_146%29,,,COLORLESS,,,,,,"Once during each player’s turn, if they played a Supporter card from their hand this turn, they may heal 10 damage from each of their Pokémon.",
1243,Perilous Jungle,STADIUM,Temporal Forces,156,https://bulbapedia.bulbagarden.net/wiki/Perilous_Jungle_%28Temporal_Forces_156%29,,,COLORLESS,,,,,,"During Pokémon Checkup, put 2 more damage counters on each Poisoned non-{D} Pokémon (both yours and your opponent’s).",
1244,Full Metal Lab,STADIUM,Temporal Forces,148,https://bulbapedia.bulbagarden.net/wiki/Full_Metal_Lab_%28Temporal_Forces_148%29,,,COLORLESS,,,,,,{M} Pokémon (both yours and your opponent’s) take 30 less damage from attacks from the opponent’s Pokémon (after applying Weakness and Resistance).,
1245,Festival Grounds,STADIUM,Twilight Masquerade,149,https://bulbapedia.bulbagarden.net/wiki/Festival_Grounds_%28Twilight_Masquerade_149%29,,,COLORLESS,,,,,,Each Pokémon that has any Energy attached (both yours and your opponent’s) recovers from all Special Conditions and can’t be affected by any Special Conditions.,
1246,Jamming Tower,STADIUM,Twilight Masquerade,153,https://bulbapedia.bulbagarden.net/wiki/Jamming_Tower_%28Twilight_Masquerade_153%29,,,COLORLESS,,,,,,Pokémon Tools attached to each Pokémon (both yours and your opponent’s) have no effect.,"Jamming Tower prevents Pokémon from using attacks listed on ""Technical Machine"" s. At the same time, Jamming Tower makes it so that Technical Machines attached to Pokémon are not discarded from them at the end of the player's turn. ; Jamming Tower only shuts down effects of attached Pokémon Tool cards. The Pokémon Tools themselves are still considered to be attached, for the purposes of cards that check for attached Pokémon Tools, eg. 's ""Assault Laser"" attack, 's ""ACE Nullifier"" Ability. ; Jamming Tower does not override the ruling on , which states that the player can't play it by attaching it onto a  with 100 HP or less remaining. ; Consider a  with 30 HP and  attached, a Jamming Tower in play, and an opposing  using its ""Ground Crasher"" attack to deal 30 damage and discard the Jamming Tower Stadium. In this situation, although the damage is done first, the check for the Knock Out does not happen until after all effects are resolved — that is, discarding the Jamming Tower Stadium, which will re-activate Bravery Charm and give Cleffa +50 HP, saving it from being Knocked Out."
1247,Neutralization Zone,STADIUM,Shrouded Fable,060,https://bulbapedia.bulbagarden.net/wiki/Neutralization_Zone_%28Shrouded_Fable_60%29,,,COLORLESS,,,,,,"Prevent all damage done to Pokémon that don’t have a Rule Box (both yours and your opponent’s) by attacks from the opponent’s Pokémon {ex} and Pokémon {V}. (Pokémon {ex}, Pokémon {V}, etc. have Rule Boxes.)  This card can’t be put into your hand or deck from the discard pile.","If a player uses the ""Calamity Storm"" attack of  on the opponent's Active Pokémon that doesn't have a , and Neutralization Zone is in play, the player may choose to discard the Neutralization Zone with the attack effect of Calamity Storm, but the Defending Pokémon without a Rule Box still won't receive any damage, as the base damage is calculated before the choice of discarding the Stadium is made."
1248,Academy at Night,STADIUM,Shrouded Fable,054,https://bulbapedia.bulbagarden.net/wiki/Academy_at_Night_%28Shrouded_Fable_54%29,,,COLORLESS,,,,,,"Once during each player’s turn, that player may put a card from their hand on top of their deck.",
1249,Grand Tree,STADIUM,Stellar Crown,136,https://bulbapedia.bulbagarden.net/wiki/Grand_Tree_%28Stellar_Crown_136%29,,,COLORLESS,,,,,,"Once during each player’s turn, that player may search their deck for a Stage 1 Pokémon that evolves from 1 of their Basic Pokémon and put it onto that Pokémon to evolve it. If that Pokémon was evolved in this way, that player may search their deck for a Stage 2 Pokémon that evolves from that Pokémon and put it onto that Pokémon to evolve it. Then, that player shuffles their deck. (Players can’t evolve a Basic Pokémon during their first turn or a Basic Pokémon that was put into play this turn.)","Players may use Grand Tree to evolve a  into a  that has no  Evolution. They may not use Grand Tree if none of their Pokémon in play are capable of evolving into a Stage 1 Pokémon. ; For Pokémon with  that allow it to be evolved on the first turn or on the turn it is played (eg.  with ""Adaptive Evolution"" or  with ""Boosted Evolution""), Grand Tree may not be used to evolve them on the first turn or on the turn those Pokémon are played. ; Grand Tree cannot be used to evolve , as its ""Rainbow DNA""  states that the Evolution card has to be played on top of the Eevee ex from the hand. ; Using Grand Tree to evolve a Pokémon counts as evolving it for the turn, thus the Pokémon can't evolve further on the same turn, as each Pokémon can only evolve once during a player's turn. For instance, a player using Grand Tree on a  to evolve it into a  may not then evolve it into a  from hand, as that Charmeleon is considered to have already evolved for that turn."
1250,Area Zero Underdepths,STADIUM,Stellar Crown,131,https://bulbapedia.bulbagarden.net/wiki/Area_Zero_Underdepths_%28Stellar_Crown_131%29,,,COLORLESS,,,,,,"Each player who has any Tera Pokémon in play can have up to 8 Pokémon on their Bench.  If a player no longer has any Tera Pokémon in play, that player discards Pokémon from their Bench until they have 5. When this card leaves play, both players discard Pokémon from their Bench until they have 5, and the player who played this card discards first.","Area Zero Underdepths's effect of expanding the Bench from 5 to 8 applies to each player's in-play zone if and only if they have a  in play. Thus, when Area Zero Underdepths is in play, the following rules apply: ; * If a player has no Tera Pokémon in play and 4 Benched Pokémon, and they use a card effect that allows them to put more than 1 Pokémon to the Bench at once (eg. 's ""Form Ranks"" attack), they can only put 1 Pokémon to the Bench even if the Pokémon being put to the Bench is a Tera Pokémon. Only once the Tera Pokémon is in play does Area Zero Underdepths's effect apply for that player. ; * If a player has a Tera Pokémon in the Active Spot and more than 5 Benched non-Tera Pokémon, and their Active Tera Pokémon is Knocked Out or otherwise removed from play, the player must discard their Benched Pokémon down to 5 first before promoting a new Active Pokémon, such that once the effect resolves, the player will have an Active Pokémon and 4 Benched Pokémon. ; * If a player has a damaged Benched Tera Evolution Pokémon and more than 5 Benched Pokémon (including the Tera Pokémon), and if their opponent uses  to devolve the player's Tera Pokémon, the player discards their Benched Pokémon down to 5 first before resolving any other effects. Thus, the player may choose to discard the damaged Benched Pokémon that was just devolved; if the damaged Pokémon is discarded in this way, it is not considered Knocked Out, and the opponent does not take any Prize cards for it. ; Replacing an Area Zero Underdepths in play with  and vice versa will not change the number of Bench slots on either players' in-play zone, so long as all the requirements for either Stadium are fulfilled. ; Using  to switch an """" card in play with an Ogerpon ex card in the discard pile does not nullify the effect of Area Zero Underdepths; the effect of Area Zero Underdepths continues instantaneously with the new Ogerpon ex."
1251,Lively Stadium,STADIUM,Surging Sparks,180,https://bulbapedia.bulbagarden.net/wiki/Lively_Stadium_%28Surging_Sparks_180%29,,,COLORLESS,,,,,,Each Basic Pokémon in play (both yours and your opponent’s) gets +30 HP.,"For interactions between Lively Stadium, the ""Calamity Storm"" attack of  from , and the ""Resolute Heart""  of  from  when the Pikachu ex is at full HP: ; *If Lively Stadium is in play, such that an opponent's Pikachu ex's HP becomes 230, and the player uses Roaring Moon ex's Calamity Storm attack and discards the Lively Stadium using the attack's effect, Pikachu ex receives 220 damage. On this condition, since Pikachu ex has 230 HP and receives 220 damage, its Resolute Heart Ability is no longer in effect (as its HP is no longer considered full). Thus, once Lively Stadium is removed from play, Pikachu ex will have its HP reduced to 200, and with 220 damage on it, it will be Knocked Out. ; *However, if damage done by the Calamity Storm attack is increased to 230 or more (eg. using ), Resolute Heart becomes in effect as the Calamity Storm damage would have Knocked Out the Pikachu ex. Thus, once Lively Stadium is discarded, Pikachu ex remains in play with a remaining HP of 10 (effectively having 190 damage on it once all the effects have resolved)."
1252,Gravity Mountain,STADIUM,Surging Sparks,177,https://bulbapedia.bulbagarden.net/wiki/Gravity_Mountain_%28Surging_Sparks_177%29,,,COLORLESS,,,,,,Each Stage 2 Pokémon in play (both yours and your opponent’s) gets -30 HP.,"If a player uses 's ""Calamity Storm"" attack on an opponent's Active  with 10 damage counters and a maximum HP of 330, and Gravity Mountain is in play (such that the Defending Stage 2 Pokémon's maximum HP is reduced to 300), the Defending Stage 2 Pokémon will not be Knocked Out even with 320 damage on it, as the check for Knock Outs happens after Gravity Mountain is discarded."
1253,N’s Castle,STADIUM,,,https://bulbapedia.bulbagarden.net/wiki/N%27s_Castle,,,COLORLESS,,,,,,N’s Pokémon in play (both yours and your opponent’s) have no Retreat Cost.,
1254,Levincia,STADIUM,Journey Together,150,https://bulbapedia.bulbagarden.net/wiki/Levincia_%28Journey_Together_150%29,,,COLORLESS,,,,,,"Once during each player’s turn, that player may put up to 2 Basic {L} Energy cards from their discard pile into their hand.",
1255,Postwick,STADIUM,Journey Together,154,https://bulbapedia.bulbagarden.net/wiki/Postwick_%28Journey_Together_154%29,,,COLORLESS,,,,,,Attacks used by Hop’s Pokémon (both yours and your opponent’s) do 30 more damage to the opponent’s Active Pokémon (before applying Weakness and Resistance).,
1256,Team Rocket's Watchtower,STADIUM,Destined Rivals,180,https://bulbapedia.bulbagarden.net/wiki/Team_Rocket%27s_Watchtower_%28Destined_Rivals_180%29,,,COLORLESS,,,,,,{C} Pokémon in play (both yours and your opponent’s) have no Abilities.,
1257,Team Rocket's Factory,STADIUM,Destined Rivals,173,https://bulbapedia.bulbagarden.net/wiki/Team_Rocket%27s_Factory_%28Destined_Rivals_173%29,,,COLORLESS,,,,,,"Once during each player’s turn, if they played a Supporter card that has ""Team Rocket"" in its name from their hand this turn, they may draw 2 cards.",
1258,Granite Cave,STADIUM,Destined Rivals,166,https://bulbapedia.bulbagarden.net/wiki/Granite_Cave_%28Destined_Rivals_166%29,,,COLORLESS,,,,,,Steven’s Pokémon (both yours and your opponent’s) take 30 less damage from attacks from the opponent’s Pokémon (after applying Weakness and Resistance).,
1259,Spikemuth Gym,STADIUM,Destined Rivals,169,https://bulbapedia.bulbagarden.net/wiki/Spikemuth_Gym_%28Destined_Rivals_169%29,,,COLORLESS,,,,,,"Once during each player’s turn, that player may search their deck for a Marnie’s Pokémon, reveal it, and put it into their hand. Then, that player shuffles their deck.",
1260,Risky Ruins,STADIUM,Mega Evolution,127,https://bulbapedia.bulbagarden.net/wiki/Risky_Ruins_%28Mega_Evolution_127%29,,,COLORLESS,,,,,,"Whenever any player puts a Basic non-{D} Pokémon onto their Bench during their turn, place 2 damage counters on that Pokémon.","This card is similar in effect to the  , but with a key difference: Gapejaw Bog only places damage counters on Basic Pokémon played from the hand, while Risky Ruins doesn't specify such. Thus, Risky Ruins also targets Basic Pokémon that are Benched directly from the deck (eg. using ), and so on. ; * If Risky Ruins is in play, and a player puts  with the ""New Moon""  and  from their deck onto their Bench at the same time, the ""New Moon"" Ability prevents all effects of Stadium cards on all of the player's Pokémon in play, and thus no damage counters will be placed from Risky Ruins. ; Using  to switch an """" card in play with an ""Ogerpon ex"" card from the discard pile does not count as Benching it, so Risky Ruins does not place damage counters from this process."
1261,Forest of Vitality,STADIUM,Mega Evolution,117,https://bulbapedia.bulbagarden.net/wiki/Forest_of_Vitality_%28Mega_Evolution_117%29,,,COLORLESS,,,,,,"Each player’s {G} Pokémon can evolve into {G} Pokémon during the turn they play those Pokémon, except during their first turn.","Forest of Vitality does not override 's effect, which states that it cannot be used to evolve a Pokémon that was put into play on the same turn."
1262,Surfing Beach,STADIUM,Mega Evolution,129,https://bulbapedia.bulbagarden.net/wiki/Surfing_Beach_%28Mega_Evolution_129%29,,,COLORLESS,,,,,,"Once during each player’s turn, that player may switch their Active {W} Pokémon with 1 of their Benched {W} Pokémon.",
1263,Mystery Garden,STADIUM,Mega Evolution,122,https://bulbapedia.bulbagarden.net/wiki/Mystery_Garden_%28Mega_Evolution_122%29,,,COLORLESS,,,,,,"Once during each player’s turn, that player may discard an Energy card from their hand in order to draw cards until they have as many cards in their hand as they have {P} Pokémon in play.","Players cannot use Mystery Garden to discard an Energy card if they can't draw any cards afterward. These include, but are not limited to, the following situations: ; * If the player has no  Pokémon in play. ; * If the player's deck runs out of cards. ; * If the player has more cards in their hand than they have Psychic-type Pokémon in play. ; Conversely, if a player uses Mystery Garden and discards an Energy card from their hand, that player can't choose to not draw cards from their deck."
1264,Battle Cage,STADIUM,Phantasmal Flames,085,https://bulbapedia.bulbagarden.net/wiki/Battle_Cage_%28Phantasmal_Flames_85%29,,,COLORLESS,,,,,,Prevent all damage counters from being placed on Benched Pokémon (both yours and your opponent’s) by effects of attacks and Abilities from the opponent’s Pokémon. (Damage from attacks is still taken.),"If Battle Cage is in play, and a player uses any attack or  that moves damage counters from any Pokémon to the opponent's Benched Pokémon, the damage counters will be removed from the source Pokémon but won't be placed on the target Benched Pokémon due to the Stadium's effect, ultimately removing the damage from play altogether. If the player targets the opponent's Active Pokémon, the attack or Ability will place the damage counters as usual. ; * For example, with Battle Cage in play, a player can use 's ""Adrena-Brain"" Ability to remove 3 damage counters from their Pokémon, but the damage counters cannot then be placed on the opponent's Benched Pokémon. ; * If Battle Cage is in play and a player uses 's ""Strange Hacking"" attack to move damage counters from the opponent's Pokémon to their Benched Pokémon, Battle Cage will prevent the damage counters from being placed and the damage counters are simply removed, even though the damage counters originated from the opponent's Pokémon. ; If Battle Cage is in play, and a player uses  or 's ""Cursed Blast"" Ability and targets the opponent's Benched Pokémon, the Pokémon using the Ability will still be Knocked Out even if no damage counters can be placed."
1265,Dizzying Valley,STADIUM,Phantasmal Flames,088,https://bulbapedia.bulbagarden.net/wiki/Dizzying_Valley_%28Phantasmal_Flames_88%29,,,COLORLESS,,,,,,Confused Pokémon (both yours and your opponent’s) don’t recover from that Special Condition when they evolve or devolve.,
1266,Nighttime Mine,STADIUM,Ascended Heroes,197,https://bulbapedia.bulbagarden.net/wiki/Nighttime_Mine_%28Ascended_Heroes_197%29,,,COLORLESS,,,,,,Attacks used by each Tera Pokémon in play (both yours and your opponent’s) cost {C} more.,
1267,Lumiose City,STADIUM,Perfect Order,077,https://bulbapedia.bulbagarden.net/wiki/Lumiose_City_%28Perfect_Order_77%29,,,COLORLESS,,,,,,"Once during each player’s turn, that player may search their deck for a Basic Pokémon and put it onto their Bench. Then, that player shuffles their deck. If a player searches their deck in this way, their turn ends.",
