cardId,name,ocr_text
1,Basic {G} Energy,"Basic Cnet yy ENERGY) 
Basic @ Energy ©) 
(vio Pn @ 
, ae FREAK, A"
2,Basic {R} Energy,"Basic net ayy A ENERGY. 
Basic ¢ Energy &"
3,Basic {W} Energy,"«Basic Energy. sei ENERGY.) 
Basic 6 Energy 6"
4,Basic {L} Energy,= 4 Energy ;
5,Basic {P} Energy,"Basic CNCO IY ey ENERGY) 
Basic © Energy © 
BD cos ©"
6,Basic {F} Energy,"Basic CACC IY ey ENERGY.) 
Basic ## Energy ‘a"
7,Basic {D} Energy,"Basic CoCP SY ENERGY) 
Basic @ Energy ©@"
8,Basic {M} Energy,Basic YY Energy i)
9,Boomerang Energy,"special Energy ef 2G Y 
Boomerang Energy KH 
As long as this card is attached to a Pokémon, it provides 
> Energy. 
If this card is discarded by an effect of an attack used by the | 
Pokémon this card is attached to, attach this card from your _ 
discard pile to that Pokémon after attacking. | 
{©2024 Pokémon / Nintendo / Creatures / GAME FREAK"
10,Neo Upper Energy,Neo Upper Energy S&
11,Mist Energy,"Special,Energyu, ENERGY, 
, Energy =F sss ; 
| As long as this card is attached to a Pokémon, it provides _ 
_ > Energy. 5 
i Prevent all effects of attacks used by your opponent's i 
|, Pokémon done to the Pokémon this card is attached _ 
__ to. (Existing effects are not removed. Damage is not an effect.) 
""©2024 Pokémon Nintendo / Creatures GAME FREAK."
12,Legacy Energy,"Sp eciahenergys A - ENERGY, 
Legacy Energy & 
ee 2 ee"
13,Enriching Energy,"SpeciahEnerg ENERGY», 
Enriching Energy Pe"
14,Spiky Energy,"Special Energy 4 4 
Spiky Energy x) 
_ As long as this card is attached to a Pokémon, it provides | 
| > Energy. 
| If the Pokémon this card is attached to is in the Active Spot 
| and is damaged by an attack from your opponent's Pokémon 
(even if this Pokémon is Knocked Out), put 2 damage counters 
f on the Attacking Pokémon. : 
©2025 Pokémon / Nintendo / Creatures / GAME FREAK 7"
15,Team Rocket's Energy,"Special Energy ENERGY) 
Team Rocket’s Energy @@ 
| This card can only be attached to a Team Rocket’s Pokémon. 
| If this card is attached to anything other than a Team 
Rocket's Pokémon, discard this card. 
As long as this card is attached to a Pokémon, it provides 
2 in any combination of © Energy and @ Energy. 
(62025 Pokémon / Nintendo /reatures/ GAME FREAK"
16,Prism Energy,"“ Special,Energy, ENERGY) 
Prism Energy we] 
Se x x 
pas owe 
As long as this card is attached to a Pokémon, it provides 
%* Energy. 
If this card is attached to a Basic Pokémon, this card 
provides every type of Energy but provides only | Energy at 
atime. 
i 7 ©2025 Pokémon / Nintendo / Creatures / GAME FREAK - |"
17,Ignition Energy,"Special Energy. dil ENERGY.) 
Ignition Energy WK) 
If this card is attached to | of your Pokémon, discard it at 
the end of your turn. 
|) As long as this card is attached to a Pokémon, it provides 
%* Energy. 
If this card is attached to an Evolution Pokémon, it provides 
%#OK0K Energy instead. 
—_ (62025 Pokémon / Nintendo Creatures / GAME FREAK"
18,Grow Grass Energy,"eSRscial nervy. ENERGY) 
Growing @ Energy ©) 
ae x a 
\ WY ip 
As long as this card is attached to a Pokémon, it provides 
@ Energy. 
The @ Pokémon this card is attached to gets +20 HP. 
(EE ossosa. @"
19,Telepath Psychic Energy,"eSRscial nervy. ENERGY) 
Telepathic ® Energy © 
As long as this card is attached to a Pokémon, it provides 
© Energy. 
When youattach this card from your hand toa © Pokémon, 
search your deck for up to 2 Basic ® Pokémon and put 
them onto your Bench. Then, shuffle your deck. 
_ ""€2026 Pokemon / Nintendo / Creatures GAME FREAK -"
20,Rock Fighting Energy,"eSpsclal Energy ENERGY) 
Rocky #4 Energy Ey 
A hae y 
As long as this card is attached to a Pokémon, it provides 
4 Energy. 
Prevent all effects of attacks used by your opponent's 
Pokémon done to the #% Pokémon this card is attached 
to. (Existing effects are not removed. Damage is not an effect.) 
DIET oszvosa"
21,Scrafty,"STAGE], waite PP 
& Nab ’n’ Dash 
Search your deck for a number of cards up to the number 
cof your Benched Pokémon and put them into your hand. 
Then, shuffle your deck. oe Mi, 
COG High Jump Kick 100 
weakness @) x2 | resistance teas 
508) 55 2 Uli Conta rr aioe lar,"
22,Hippopotas,"BASIC \ 
ere, Pe a 
teal AN aA we oss 
NO..0449. Hippo PokemonsHil. 2:7 W.109.1.Ibs 
ws sI ) 
a j vn KOK"
23,Hippowdon,"STAGE), f\ 
( ) olves from Hippopotas 7 
Beoos FRO 
NO...0450..Heayyweight.Pokémon.HT. 6:7."".W.661.4 lbs. > 
oS Ge) kam 60 
jai (ai x r Sal 
@ J A KK KK 
{2025 Pokémon / Nintendo / Creatures / GAME FREAK"
24,Team Rocket's Kangaskhan ex,"BASIC y/ , 
Team Rocket's Kangaskhan@ix 7 230 * 
NO EY I y 
2B eo, g a Ah Y 
2K) OK) Comet Punch 30% 
A Flip 4 coins. This attack does 30 damage for each heads. ==* 
If you played a Supporter card that has “Team Rocket” in 
® its name from your hand during this turn, this attack does .\\ 
100 more damage. \ e@ 
weakness @) x2 | resistance Be retreat OK) OR q \\"
25,Pinsir,"BASIC brave 
Poe ip 4 be 
0.0127. Sag Beetle Pokémonshii4 is Wisi2i.3 bs, = 
akness i A OK"
26,Leafeon,"STAGE), y p oN 
pr — Se 
oe u . Se: ql | 
""age ORS Ne 
| Mim tal = Ly LERT ES ‘| 
*) Leaflet Blessings 
Attach a Basic @ Energy card from your hand to | of your 
| Benched Pokémon. If you do, heal all damage from that 
Pokémon. 
ax Solar Beam 70 
weakness @ x2 | resistance a retveat OK) 
=i The younger they are, the more they smell 
pis: Kurolmod like fresh grass. With age, their fragrance 
(UES) 071/167 © takes on the odor of fallen leaves. 
{©2024 Pokémon Nintendo / Creatures GAME FREAK"
27,Iron Leaves,"BASIC 
al lron Leaves 41202) 
a el, fear fii c 
tae Gee. adi 
PY baka i ee ~, mean | 
Se We > gh? ei 
ee 6 wi Voce ee 
Dra | Fa a See 
NOw1010 Paradox Pokémon ati). \\0is275.6 lbs. 
Beeseccccccs 
soe ss 
CG) Recovery Net a5 
Put up to 2 Pokémon from your discard)pileyintoyyoumhands 
F see 
@*»% Avenging Edge) seca 
If any of your Pokémon were Knocked 4 
from an attack during your opponent'sjlastieunmthistattackd 
does 60 more damage. ae 
| Weakness @)x 2) resistance Tae x E 
Recordinatothetow eyantiness accounts 
illus, Mitsuhiro Arita ioniesds} (tused ttschiningbladasto 
(4) GO) 019/,167) %, fileomslenge trees and boulders. 
1€2024 Pokémon Nintendo / Creatures GAME FREAK"
28,Poltchageist,"BASIC, YY (A) 
im HPWIY <3 
ae Pe, a * 
4 NO. 1012. Matcha,Pokémon til. 42MVi:2.4lbs 
Ability 
re j ea * 
{62024 Pokémon Nintendo / Creatures GAME FREAK"
29,Sinistcha ex,"l g ) jsEvolves from Poltchageist —_— <a 
Dn Sa 
y* Re Brew! 7a ‘ 
NS akness @ ji *_ 
» a, When your Pokémon @X 
OI) a ey Rls tnocked Cut rou opponent takes 2 Prize cards. y)"
30,Magcargo ex,"{ ‘As long as this Pokémon is on your Bench, prevent all damage done to this 4 
Pokémon by attacks (both yours and your opponent's). yy 
YW ial ull _.. BS, 
nD Uo 
dh, MAY), B_Pekémon eX rule ay When your Pokémon x. )) 
ey op (Cis knocked Out, your opponent takes 2 Prize cards. \\ 
” Po (amy exeinrosémon Nintendo /Creatues/came mca ge | y\\\\"
31,Chi-Yu,"*) Allure 
Draw 2 cards. 
® * Ground Melter 60+ 
If a Stadium is in play, this attack does 60 more damage. 
Then, discard that Stadium. 
arEy) | resistance at etre kK) 
Th ated withi d bead: 
He Oe EW eae iplecontlcisbascar 
{H) 039/167 @ itselfin fire and become a Pokémon. 
{©2024 Pokémon / Nintendo Creatures / GAME FREAK"
32,Glaceon,"ia “Glaceon _ #1200 
6 Permeating Chill 30 
At the end of your opponent's next turn, put 9 damage 
counters on the Defending Pokémon. 
@O* Icicle Missile 703) 
PSG: | resistance cd retreat * 
Ios. riko Itlowers its body heat to freeze its fur The 
(h(E) 054/167 hairs then become like needles itcan fire. 
©2024 Pokémon / Nintendo / Creatures / GAME FREAK"
33,Froakie,"BASIC, ° PP panwDm 
“== Froakie w06 
aXe s a ” ~ «al 
ay eee a + =< 
“Ss Me NS , 
SS SS >"" 4a 
NO. 0656, Bubble Frog Pokémon. HT..1.WT..15.4 Ibs. ra 
6 Flock 
Search your deck for up to 2 Froakie and put them onto 
your Bench. Then, shuffle your deck. 
“weakness 4 xD. resistance é ied retreat 
: Itsecretes flexible bubbles from its chest 
: pes Yoko eae and back. The bubbles reduce the damage 
0 056/167 @ itwould otherwise take when attacked. 
{©2024 Pokémon / Nintendo / Creatures / GAME FREAK"
34,Frogadier,"GSTAGE I, R or . Za! Aan a 
$2 Frogadier 7 »9® 
, Sg Ne 
il ' wee 4 
NO. 0657. Bubble Frog Pokemon. HT. 2 WT. 24 Ibs. a 
© Numbing Water 20 
| Flip a coin. If heads, your opponent's Active Pokémon is 
/ | now Paralyzed. 
Tat 4 XQ. resistance e retreat kK) 
hus. Hitoshi Ariga Itcan throw bubble-covered pebbles with precise 
{r) (IE) gszy7e7 © control, hitting empty cans up to a hundred feetaway. 
{©2024 Pokémon / Nintendo / Creatures / GAME FREAK"
35,Walking Wake,"BASICZ~| ° SENS lo Yalro’ 
a Walking Wakel 1306. 
[ oe FG rt 
q MNELEN 
(7a A Naar 2 
J vg | y 
© Aurora Gain we 
Heal 20 damage from this Pokémon. = 
©@©* UndulatingSlice 20% 
1) Put up to 9 damage counters on this Pokémon. This attack 
1) does 20 damage for each damage counten you placediins = 
1) this way. eer ees 
peso Se =| 
weakness 4) x2 | resistance Pa 
Tiigieroc Ougcrentarerssnrouded in 
Hiss? mystery, tomemedetherenagtettiennstister 
(W)UITE 063716708 imentionedinamoldexpedition journal = 
{©2024 Pokémon Nintendo / Creatures /GAME FREAK"
36,Morpeko,"BASICy 
ay ie - 
> Mea ""e eo \ite | 
| i ee grr 
ae 2 APA Lae 
WTS < Son 4 Mao 
. NO..0877_Iwo-Sided Pokémon_HT-1_ WT. 6.6 lbs “a 
Snack Seek 
Once during your turn, you may look at the top card of 
your deck. You may discard that card. 
aA) Pick and Stick 
Attach up to 2 Basic Energy cards from your discard pile 
to your Pokémon in any way you like. 
weakness @) x2 | resistance a retreat *) i 
_ Athi Il ste h. Ifitisn’t: tanth 
Soltis IO ects toepsinits pocket 
i) 072/167 @ itwill get hungry immediately. _ 
{©2024 Pokémon / Nintendo / Creatures / GAME FREAK"
37,Iron Thorns ex,"BASIC ,/ 
Iron Thorns@x » 4304) 
$$ _- (een s eaaacemead 
= Ne aT \ Future? 
; ca - a fz 
ia ae eS. 
A Oo 1! te ipa ¥ 
SEITE Mnitialization ietecesssss: 
| As long as this Rokéemon is in the Active) 
>) witha Rule Boxiin play (both yours andlyourfopponent:s)}inaye) 
7) no Abilities; except;for Future Pokemon (fokemoneXaae 
7) Pokémon Vyete: have) Rule Boxes.) jee : ~ 
4 + %) Volt Cyclone -eaeea 
Move an Energy from this Pokémon\to} offyourBenched] 
Pokémon: eee 4 
weakness @) x2 | resistance Gretreata Kk KKK, 
Illus. PLANETA Mochizuki : bith 2d stblacbbainliieinsahac ‘Yy 
[oc a ee Cee 
SIN, Givesocemon/Ainiendo/ creatures/ GAME FREAK"
38,Girafarig,"BASIC . . 
asics Girafarig »l100©@ 
VAS f Ze SOKO 
PCR ey? OO. NE ae 
LY iy ne 8 dh OD a. | a 
\ Ale Cs ay. Du ‘ te ee 
ba Dual Headbutt 30 
This attack also does 10 damage to | of your Benched 
Pokémon. (Don’t apply Weakness and Resistance for Benched 
Pokémon.) 
Weakness @) x2 resistance (H—GO ea retreat KO 
us. Shinji Kanda Girafarig’s tail hasa small head. It instinctively bites at 
[AUN ges any foe that approaches the Pokémon from behind. 
{©2024 Pokémon / Nintendo / Creatures / GAME FREAK"
39,Enamorus,"Enamorus -w»120© 
au Su j > ~ 
: NO.,0905. Love:Hate,Pokémon.H.5/3>_ fis 105.8.bs, 
es Heart Sign 30 
© * * Love Resonance 80+ 
) If any of your Pokémon in play are the same type as any of 
your opponent's Pokémon in play, this attack does 120 more 
damage. 
“Weakness > XQ —_resistance , a retreat > | 
RE “When it flies to this land from across the sea, _ 
los. DOM the bitterwinter comes to an end. Accordiny 
OE oos/ror einige owes 
{©2024 Pokémon Nintendo / Creatures / GAME FREAK"
40,Greninja ex,"‘STAGE ee (att 
Greninja@x 4310 
‘As long as this Pokémon is on your Bench, prevent all damage done to this 
Pokémon by attacks (both yours and your opponent's). NN 
Y lj \ Ker S 
J © Shinobi Blade 170 
You may search your deck for a card and put it into your 
hand. Then, shuffle your deck. 
@©*»* Mirage Barrage \ 
Discard 2 Energy from this Pokémon. This attack does \ 
Y 120 damage to 2 of your opponent's Pokémon. (Don’t apply 
Weakness and Resistance for Benched Pokémon.) F 
‘weakness ©) x 2 resistance Ld retreat) > “ 
oun TP” tenor ttinen eX 
pu Knocke our opponent 
ee TE ae OO"
41,Ting-Lu,"me j—_ = Ne 
a yi hy = 
FE: Ground Cra 
ai) (atl be 
@ f ae kK"
42,Applin,"Nene - Ye 
> ray d 
a aw sa 
NO..0840 Apple Core Pokémon. HT. 8° WT..1..1 Ibs. - 
Preakness [resistance (erent"
43,Eevee,"GBASIC,” ) 
Eevee ~ w50 
ys mea Z 
hh P yn 
| Tea a it 
® Ascension 
| Search your deck for a card that evolves from this Pokémon 
| and put it onto this Pokémon to evolve it. Then, shuffle 
_ your deck. 
RRR Quick Attack 20+ 
| Flip a coin. If heads, this attack does 20 more damage. | 
weakness @ x2 | resistance a retreat 2K) 
Illus. satoma Its genetic code is irregular. It may mutate ifitis 
WOLD i35/167 0 {exposed to radiation from elementstones: 
TERA Pokmon Nintendo / Creatures GAME FREAK"
44,Bloodmoon Ursaluna ex,"BASIC yp 
; "" Bloodmoon Ursalunay «fv 260 K 
an pes ee 
Hy Z ig y a > Be , 
ow A) * Gy >J 
Z el LS SZ, f ~, J 
Blood Moon used by this Pokémon costs >K less for each 
4 Prize card your opponent has taken. 74 
During your next turn, this Pokémon can’t attack. 
weakness @ x2 |. resistanes ae retreat KOK Ke % 
Iles. aky CG Works A 0 F” vinen your Pokémon @X Y 
el Clon. {is knocked Out, your opponent takes 2 Prize cards. 44"
45,Shaymin,"Shaymin - whV@ 
Ava F ot 
| .NO..0492... Gratitude Pokémon HT 4 WW Teah 1.5 IDS. 
1 Pinpoint Dive 
| This attack does 60 damage to | of your opponent’s 
Benched Pokémon @X or Benched Pokémon V. (Don’t apply 
| Weakness and Resistance for Benched Pokémon.) 
|) ok) Rear Kick 50 
weakness @) x2 resistance 2 PK 
Illus, Atsushi Furusawa Itcan dissolve toxins in the air to instantly transform 
(ED) 013/162 « ruined land intoalush field of flowers. 
_ ©2024 Pokémon / Nintendo / Creatures / GAME FREAK"
46,Gouging Fire ex,"Gouging Fire@< 4: #230) 
i <F fee SAncients 
nam Ns b. 
“a 4 y kom 
Ye “Blaze Blitz, 260 
This|Pokémonyeanitiuse|Blaze Blitz again until it leaves the 
treakness| @)X2) i| (resistance Mi (Kk ey 
he ys (is Knocked Out, your opponent takes 2 Prize cards. y’"
47,Totodile,"BASIGC,“: ° ) 
Totodile wI0@ 
. ae Yes Ng 
> “Yor i= A 
ys fe * 
NNO..0158..Big Jaw,PokémonsHT:.2:.W:.20.9.Ibs. al 
6 Big Bite 10 
During your opponent's next turn, the Defending Pokémon 
can’t retreat. 
weakness 4 XQ resistance Z od retreat OK 
“ils. MINAMINAMA Tako Itissmall but rough and tough. twon't hesitate 
| tere) 039/162 @ totake a bite out of anything thatmoves. 
162024 Pokémon / Nintendo / Creatures GAME FREAK"
48,Croconaw,"a Croconaw 7 »90® 
Z } Se Fy 
| NO..0159. Big Jaw,Pokémon shiTn3:2.%. WE 55.llbs, 4 
16 Reverse Thrust 30 
| Switch this Pokémon with | of your Benched Pokémon. 
weakness 4 XQ | resistance S YF, retreat > OK 
illus. Jorky Ifitloses a fang, anewone grows back inits place. 
{) i) TIVOO ‘There are always 48 fangs lining its mouth. 
162024 Pokémon Nintendo /Ceatures/ GAME FREAK"
49,Feraligatr,"(STAGE, A e D (an 
=~ Feraligatr 7 180 © 
/ & | Evolves from Croconaw ” Z NG NN 
A. Wie } ae 
I Le P= 2 Zeca Ve 
Sere ak be 
|) GD Torrential Heart 
|) Once during your turn, you may put 5 damage counters 
}) on this Pokémon. If you do, during this turn, attacks used 
| by this Pokémon do |20 more damage to your opponent's 
Active Pokémon (before applying Weakness and Resistance). 
CICS Giant Wave 160 
| During your next turn, this Pokémon can’t use Giant Wave. 
ee 4x2 resistance S F retreat KK OK 
Mus. GOSSAN {tUsually moves slowly, but it goes at blinding, 
ICD) teFin} OAILIGREX speéd whenit attacks and bites prey. 
{©2024 Pokémon / Nintendo / Creatures / GAME FREAK"
50,Wiglett,"LBasic,” ° RS ) 
— Wiglett w00@ 
EDD es te 
SE ZT, 
NO..0960..Garden, Eel,Pokémon, HT3 11 wi A.lbs.. 77 
CS Lucky Find 
Search your deck for an Item card, reveal it, and put it into 
your hand. Then, shuffle your deck. 
(O6 Aqua Bomb 40 
|) This Pokémon also does 20 damage to itself. 
weakness 4 XQ resistance 2 od retreat OK 
ios. oKUBO This Pokémon can pick up the scent of a Veluzajust 
| (+) 047/762 © ver 65 feet away andwill hide itself in the sand. 
: ©2024 Pokémon / Nintendo / Creatures / GAME FREAK ,"
51,Palafin,"STAGE], ° i y ~ 
om i gaa 4 
© Vanguard Punch 130 
This Pokémon also does 10 damage to itself for each 
damage counter on it. 
@©** Double Hit 90x 
Flip 2 coins. This attack does 90 damage for each heads. 
weakness 4 x2 resistance S F retreat > OK 
This Pokémon’s ancient genes have awakened, 
ples 00M Itis now so extraordinarily strong that itcan 
() (7) 049/162 @ easily lift a cruise ship with one fin. 
{©2024 Pokémon / Nintendo / Creatures GAME FREAK"
52,Wugtrio ex,"STAGE], . J) 
Wugtrio@X 702504 
.) ves from Wiglett__.- Te LY 
bs long as this Pokémon is on your Bench, prevent all damage done to this y 
Pokémon by attacks (both yours and your opponent's). y 
Wh irre / ; - 
hg ov ee : 
% Ve xe 
“| © ~ — Tricolor Pump 
+. Dard up to 3 Energy cards from your hand. This attack 
does 60 damage to | of your opponent's Pokémon for each 
Energy card you discarded in this way. (Don’t apply Weakness = _ 
and Resistance for Benched Pokémon.) ~ 
“66 Numbing Hold 120 
) During your opponent's next turn, the Defending Pokémon 
VY. can't retreat. ’ 
CNMI fg a EE 
e weakness eC) x 26 W) resistance ame treat) Y 
& WEED ocifien Se eee 
a ee x"
53,Marill,"[BASIC Seppe ee RELY ne) 
= Marill Pe ae ‘w10©® 
| = a rau a 
EIA yo 
é = yen” J 
NO..0.183.. Aqua, Mouse Pokémon HTL 4 WT18.Z.1bs. 
*) Ball Roll 10x 
Flip a coin until you get tails. This attack does 10 damage 
for each heads. 
©* x Magical Shot 40 
F weakness x2 | resistance _ eictreat KK 
ce it Re rncturonits body naturally repels water. 
| (1) 29) 064/162 e ‘Itcan stay dry even when it plays in thew. 
x ie MN ! 
ae ©2024 Pokémon / Nintendo / Creatures / GAME FREAK i"
54,Bronzor,"S-— Bronzor - »pB0©® 
Sie . o— Rad 
A AN eS 
© Mirror Attack 10+ 
| If your opponent's Active Pokémon is a ® Pokémon, this 
) attack does 30 more damage. 
WB. Kedomchadcital Yevraratal Mee eahcientpeople believed that the pattern onl 
| GEED o6e/162@ ——_‘Bronzor’s back contained amysterious power. 
an ©2024 Pokémon / Nintendo / Creatures / GAME FREAK a"
55,Bronzong,"STAGE I yA) s J aN 
5 “Bronzong 7will0 © 
oe q ae Fel. anes Season 
Se Cen ne oe o) ae 16> =| 
| [asspeanees hanes ce ne ea 
A NO..0437..Bronze,Bell, Pokémon sHiT:4'3."".WI:.412,3 bs. 7 
|©® Evolution Jammer 30 
| During your opponent’s next turn, they can’t play any 
| Pokémon from their hand to evolve their Pokémon. 
|©® x Super Psy Bolt 100 
weakness @) x 2 resistance ($8) -3Q, ZAietreat KKK 
Mlus. Katsunori Sato {nages past, this Pokémon was revered asa bringer 
(i) 069/162 @ of rain. Itwas found buried in the ground. 
©2024 Pokémon / Nintendo / Creatures / GAME FREAK '"
56,Flutter Mane,"BASIC } jam 
=“ Flutter Mane u90© 
¢ PANGIENt 
\ %~ Vale <a ee i 
mG j Zz - = 
AS OTfy Is 
| “fi Ws 
As long as this Pokémon is in the Active Spotsyour a 
|) opponent’s Active Pokémon has no Abilities\except ‘form = 
)) Midnight Fluttering. 
Put 2 damage counters on your opponent's Benched 
Pokémon in any way you like: 
Tweakness|@) xD. resistance DA ctreat ok BE eee 
Illus, Kodama nijpokCmon|iias Grascieasticsstailey tothoseofi 
(1) (az) 07871625 fluttegManeyalcreature) mentigned|iniacertainy Book:"
57,Relicanth,"~~ Relicanth PP w 100@ 
ey, ° QB 
.NO..0369,,Longevity, Pokémon HTs3/3.0WV15.1.6,1DS. 
GED Memory Dive 
Each of your evolved Pokémon can use any attack from its 
previous Evolutions. (You still need the necessary Energy to 
""use each attack.) 
Bx Razor Fin 30 
vain OX] rome ene 
WG a es 
{©2024 Pokémon Nintendo /Ceatures/ GAME FREAK _*"
58,Great Tusk,"BASIC by eee ae ee ae STAN 
Great Tusk 1408) 
be = - Ancient. 
1 | wep yr € Liga 
pas (5 ys ee hy 
9 OS ZS 
oh) OK) Land Collapse : : 
Discard the top card of your opponent's deck Ifyouplayed = 
an Ancient Supporter card from your) hand during.this turns: : 
discard 3 more cards in this way. Sad 
weakness|©)x 2) | resistance a“ retreatia >) K) os 
SightingsonthisiPokemonihaveoccurredin 
thus IGIDORA TecentyearsulineinameGreatiuskwastakenks, 
(x) ta) 097/162) @ fromialereatare) iSteclinfacertainibook. 
e202 pokemon Nintendo creatures/GAMEFREAK"
59,Gastly,"BASIC, ~~ WA 0) 
ee SI / 
CLP) ped on he owmarinenmmanne 
© Mysterious Beam 
Flip a coin. If heads, discard an Energy from your opponent's 
Active Pokémon. 
ee Suffocating Gas 30 
weakness 1) x2 | resistance A retreat 3 
Illus. Fujimoto Gold Itwraps its opponent in its gas-like body, slowly 
0) fe) 403/162 © weakening its prey by poisoning it through the skin 
162024 Pokémon Nintendo Creatures GAME FREAK"
60,Haunter,"STAGE], oe ) ¢ 
“_fzos\ \sEvolves from Gast ; 
wa WoSSZz 
Vv si 
OO® Super Poison Breath 30 
Your opponent’s Active Pokémon is now Poisoned. 
weakness 1) x2 | resistance A retreat 3 
Illus. MAHOU Itlikes to lurk in the dark and tap shoulders with a 
0 GF) 103/162 © gaseous hand. Its touch causes endless shuddering 
{©2024 Pokémon / Nintendo Creatures GAME FREAK"
61,Roaring Moon,"m@RoaningiMoonme,- 140@ 
(lo Mpmerceanceliiecching 70"" 
iinisfaccack {does} Olmonc\damaretionteachyAncient|card! = 
peered 
0068 Sl Wing ee 
crimes ©)32 | neststenao (ES 
Rispossibie thatdhiststhecreaturenste™ 
re, tad) urelistec 
O (0) gaya vy 2 oa a ae ee"
62,Koraidon,"GBASIGC ° V\ ay 
F NS yh”) AILELE EG 
= Nomiood ‘Raradox.Pokémon, HI.8'2.5W1s.668.|bs. __ aan 
ee &) Primordial Beatdown ~~ 30x 
This attack does 30 damage for each of yourvAncient™ = 
Rokémon in play. SS 
) This attack’s damage isn’t affected| by any effects on your: 
opponent's Active Pokémon. a 
Tweakness resistance Dog Feceat *) + 
Se an ange rare 
“2 ee ThisseemsitojbeitheWingedikingmentioned 
(H)() 119/162): $ Thaepligthelandwithitsbarelists. if 
(©2024 Pokémon / Nintendo / Creatures ]GAME FREAK ."
63,Raging Bolt ex,"PS Raging Bolt 4240 © 
JIS Rive Ancient? 
°) Burst Roar Pe, \ 
2°) _—_— Bellowing Thunder ~~. 70) 
S|) Youlmay discard|any,amount of Basic Energy from your | 
Rokémon. This/attack/does 70/damage| for, each card you= 
4 EEE LE vinen your Poxmonex ) ‘ 
a Heel co Wetoy ae is Knocked Out, your opponent aii cards. Ass"
64,Hoothoot,"y on oat 
GBASIC 
Hoothoot w70 &) 
| I) A) Silent Wing 20 
Your opponent reveals their hand. 
weakness (4) x2 | resistance @) -30 Pa retreat OK) 
Illus. ryome urotsuke Italways stands on one foot. It changes feet 
Hin 126/162 ®@ so fast, the movement can rarely beseen. 
, ©2024 Pokémon / Nintendo / Creatures / GAME FREAK"
65,Dunsparce,"none a a 
Dunsparce w0 &) 
Ve N oP s/ SQ 
Be Dig 30 
_ Flip a coin. If heads, during your opponent's next turn, 
_ prevent all damage from and effects of attacks done to this 
| Pokémon. 
weakness @) x2 | resistance LA retreat 
Illus. Sanosuke Sakuma Itcreates mazes in dark locations. When spotted, 
Hin 128/162 @ it flees into the ground by digging with its tail. 
ae {$2024 Pokémon / Nintendo / Creatures / GAME FREAK"
66,Dudunsparce,"STAGE], 
== Dudunsparce 4,140 ® 
ete PD) 
= Qa. Ki 
ee = hy 
aN g j 
| ee So al ° a 
“tn, pea ° O'S 
NO..0982,.Land.Snake Pokémon HT11102.W1.86.4 Ibs. 7 
Once during your turn, you may draw 3 cards. If you drew 
any cards in this way, shuffle this Pokémon and all attached 
cards into your deck. 
*) 0) Land Crush 90 
weakness @) x2 | resistance Pa retreat oh) 2) OK) 
i This Pokémon usesits hard tail to make its nest 
ius leszicg by boring holes into bedrock deep underground. | 
©) GD 129/162 « The nest can reach lengths of over six miles. 
» ©2024 Pokémon / Nintendo / Creatures / GAME FREAK"
67,Pineco,"BASIC dane it —_ iy 
Pineco - whID@ 
Ke <& a Gt 
¢ “ate LE I PB x 
= rs addi Ay 
= wee NO..0204, Bagworm, Pokémon H Ts2'.W115.9.|bs. ~ gf 
weakness@x2____ resistance Aretreat 
Illes. Midori Harada Itspits outa fluid thatit uses to glue tree bark to 
{H) (TEF en} 002/162 @ its body. The fluid hardenswhen ittouchesair. 
ee ©2024 Pokémon / Nintendo / Creatures / GAME FREAK i"
68,Seedot,"GBASIGC : 
Seedot wd0 @B 
\@ Rigidify 
During your opponent’s next turn, this Pokémon takes 
30 less damage from attacks (after applying Weakness and 
| Resistance). 
) AK) Hang Down 20 
weakness @) x2 resistance 2 CA retreat 
Illus. Asako Ito Ifit remains still, it looks just like areal nut. 
(4)(E) 003/162 @ Itdelights in surprising foraging Pokémon. 
{©2024 Pokémon / Nintendo / Creatures / GAME FREAK"
69,Nuzleaf,"STAGE], Te aN 
Tia ST 
A NO..0274. Wily Pokémon. tif. 3:3.WT.61./1bs. ey 
@ Corkscrew Punch 20 
ok) ok Comet Slap 30x 
Flip 3 coins. This attack does 30 damage for each heads. 
weainens @ XD | resistance A retreat >) 
Illus. Lee HyunJung Itlives deep in forests. With the leaf on its head, 
(Ch) iter) GPVTEO itmakes a flute whose song makes listeners uneasy. 
az ©2024 Pokémon / Nintendo / Creatures / GAME FREAK ‘i"
70,Shiftry,"(STAGE? eny | aw 
SeeShittry Av 150@ 
mf SSS y Ne iN eG j 
@ Expelling Tornado 
|) Choose 3 of your opponent’s Benched Pokémon. If you 
) do, shuffle all of your opponent's Benched Pokémon that 
you didn’t choose, and all cards attached to those Pokémon, 
into their deck. 
ok) Ok) Energy Loop 140 
| Put an Energy attached to this Pokémon into your hand. 
“weakness @) XQ | resistance reat OK 
‘lus. Sovichirou Gunjima = A oc 
L Hi) 005/ vee tanrethe Suet preemptivenciou 
{©2024 Pokémon / Nintendo Creatures GAME FREAK"
71,Deerling,"BASIC//m Tl (A 
— c wl VJ € 
5 os aes me rw - 
BS Weamet 4 
NO..0985.. Season, Pokémon. HIs.2"".WI-.43.|bs. -"
72,Sawsbuck,"Stace], 19Nn A. 
| jsEvolves from Deerling _ A 2 
we . $ a7 Wes 
EUR TIM ae ING 
Se! Sf mel Col \: \ 
{©2024 Pokemon / Nintendo Creatures GAME FREAK"
73,Rellor,"BASIC, FAL 
Satin c v BON (@ 
Fy. Oane 
fe |\ Sy 
aun \ ln€ 
NO..0953.,Rolling Pokémon sHTs.8 W221. a"
74,Rabsca,"(A “Rabsca 7 wI0@ 
g \ | Evolves from Rell0r sess ae 
\ Af Bo ee A 
VALS 
NM x baie ® 
cS Ps f Gr E 95 
4 Vh. FS 
v cal RN i tb his 
Aga \ i \ ts 
» : fam 4 (cares (og 
fe yee Bs 
eve N PR & ‘ Sil @ | 
— NO.,0954, Rolling Pokémon sHTis1saWiTs7.Z.lbs, —— 
Prevent all damage from and effects of attacks from your 
opponent's Pokémon done to your Benched Pokémon. 
(@ Psychic 10+ 
This attack does 30 more damage for each Energy attached 
| to your opponent's Active Pokémon. 
| weakness @ x 2 resistance ad retreat 3 . 
| hoe Aninfantsleeps inside the ball. Rabsca 
| piss mingo. rolls the ball soothingly with its legs to 
(Drea) 024/162 ® ensure the infant sleeps comfortably. 
{©2024 Pokémon / Nintendo Creatures GAME FREAK"
75,Iron Leaves ex,"== Iron Leaves@n¢ E2208) 
keg MM mo 
F) d ti in — 
When you play this Pokémon frompyourghandfontoby oui 
Berney) ca 
Ifyouldo, you may moyelanyamoungofencreyae 
a ey Pokémon ex rule wie J When your Pokémon @X y 
* Fol) ee, Rn ac es es, “4 if"
76,Slugma,"CBASIG A, i 5) 
Slugma w80 8 
ane = Say 
x.) ZS C x 
5 Vues [EZEG oy 
BS ee SZ Ks 
ys (=) en Sd 
Ss BS FT eG, 
‘ NO..0218,.Lava Pokémon HT2:45 WTsZ2.20Ibs. va 
& Roasting Heat 10+ 
If your opponent’s Active Pokémon is Burned, this attack 
does 40 more damage. 
weakness © x2 resistance a retreat OK OK 
Illus. Hary Akasaka A common sightin volcanicareas, it slowly slithers 
| (+) 928/162 © around ina constant search for warm places 
» ©2024 Pokémon / Nintendo / Creatures / GAME FREAK ,"
77,Litten,"BASIC“4y 6, a ig 
SAitten 7 »70@ 
q Fa WS, 
-_ a al ry 
lin 1 K? 
x, ay. ose 
at Fa 
— NO.0725 afie.Cat.PokémonsHiTs 1:4. 95 bs | 
aaa See Tacs = — —_— | 
® Fake Out 10 
Flip a coin. If heads, your opponent’s Active Pokémon is 
now Paralyzed. 
{©2024 Pokémon / Nintendo / Creatures GAME FREAK"
78,Torracat,"<Torracat 7wl00@ 
10.0726sfe Cai fokémonsil.24.W.551bs 4 
|@x x — Flare Strike 80 
During your next turn, this Pokémon can’t use Flare Strike. 
EE a Le a 
Inthe midst of battle, the fire pouch 
plus Save Feuppia ‘on Torracat’s neck rings likea bell and 
(¥)((EE) 033/162 @ produces stronger flames than usual. 
""92024 Pokémon Nintendo / Creatures GAME FREAK"
79,Incineroar ex,"(sracc2/y yy 
iam Incineroar@y 4-320 8 
Attacks used by this Pokémon cost % less for each of your 
opponent’s Benched Pokémon. \ 
in) Your opponent's Active Pokémon is now Burned. 
2 T SS eee 
) (a) GR Serco 6, CW rssted Ou rou opponent sakes 2. ros a, 4"
80,Iron Crown ex,"LBAsic “4 ale co — ee T 
== |lron CrownGx g220 
Ws \ , y AFuture?) 
‘ h ye is 
1 LS i ff 
y nem, peeesses iieiees fests 
SED Cobalt Commande aap. 
Attacks used] by your Future PRokemonyexcepetanyglnoniy 
» Grown @X, do)20\more damage\tojyour Saas bag 
7 Pokemon (before applying Weaknessyand}Resistance)Saeeiaiats 
| ae PUTS etsscccssccssccssccscs4 
© &) ~ Twin Shotels| Saeeeeeeeeaaa 
“This attack does 50 damage toy2! Feces: eeicneaee "" 
Rokémon-Thisjattack’s damage isnit affected IbyAWVeaknessy 
orResistance, on by/any effectsfonkthoseyRokéemon ame 
ee OSS TEPER 
rr eS a 
CE EBOM) Haan OO SX 
Illus. Sban|Graphics pa Pokémon eX rule gi yourokémon ex). 
Dito ti cy, Camerata Z 
Th 62024 Pokémon Nintendo /Creatv'es/GAMERREAK sk"
81,Drilbur,"Drilbur w/OD) 
io oe Ta ""27 Ws 
ES) SWAY a 
MLSs y KN 
S260 LEO 
Boe AN i ai 
© cop G 
hae Xs eS 
leo Ore 5 PM we 
MSTA SN\Z J; 
A 1NO.0529. Mole Pokémon sisi Wisi J. 
When you play this Pokémon from your hand onto your 
Bench during your turn, you may search your deck for up 
to 3 Basic ## Energy cards and discard them. Then, shuffle 
your deck. 
ox Sand Spray 20 
weakness @)xQ | resistance A retreat OK 
Ils. Kariya Itbrings its claws togetherand whirls around at 
(4) (529) 065/162 @ high speed before rushing toward its prey. 
©2024 Pokémon / Nintendo / Creatures / GAME FREAK:"
82,Excadrill,"STAGE], Ya) 
y WY y yg 4 
nlc? a 
NO..0530,.Subterrene Pokémon. HI:.2'4""..WI-.89.1,1bs. 
eG) x Wild Tackle"
83,Farigiraf ex,"“ze FarigirafeX $6260 
rrp rma are arrange ey 
. Jf Pokémon by attacks (both yours and your opponent's). a oe 
Ae? NX Wan. 
| | Prevent all damage done to this Pokémon by attacks from \ 
% your opponent's Basic Pokémon @X. \q 
oxy €s ‘Dirty Beam 160 
2YThis attack also does 30 damage to I of your opponent's | 
~ Benched Pokémon. (Don’t apply Weakness and Resistance 
Zs, for Benched Pokémon.) j; yj N \ 
BZ fi if _\s 
weakness (-) x 2 //|’ resistance // YJ retreat €469 =< jee 
ay Lod 4 Pokémon eX rule When your Pokémon @X 
Mam 2, aes {u's Knocked Out, your, oppo jent takes 2 Prize cards. « 
AX 202 Poxbshon / Nintendo Creatures /GAMEFREAK | f] |B"
84,Scizor ex,"pax ScizorEx 2702) 
Ok OK Steel Wing 70 * 
4 During your opponent's next turn, this Pokémon takes ~ 
50 less damage from attacks (after applying.Weakness and 
Resistance). 
NOVO Cross Breaker 120 
. Discard up to 2 Y Energy from this Pokémon. This attack >: 
\. does 120 damage for each card you discarded in this way. 2 
weakness@xQ | resistance (@)-30 Fs retreat >) >) > a 
E mis EET"" Wires your roxémon ex 
us, toriyuto 
Wi ie ‘eae igppppmmmtesn Teens is 2 Pes care is"
85,Beldum,"* is aod 
ot w Ao] 
hs E/ \ ie cg eae 
NO..0374. Iron, Ball, Pokémon tHT:.2).W1.209.9 Ibs. 
1@ Dig Claws 10 
x) Iron Tackle 50 
~ This Pokémon also does 10 damage to itself. 
“weakness @ x2 | resistance @-30 | <a retreat OK ee 
~ 7 Fromits rear, Beldumemitsamagneticforce 
pits atacho that rapidly pulls opponentsin. They get 
OGD 13/1620 © skewered on Beldumm’s sharp claws. 
) ©2024 Pokémon / Nintendo / Creatures / GAME FREAK"
86,Metang,"lee) Metang “100 @ 
| @EZED Metal Maker 
|| Once during your turn, you may look at the top 4 cards 
of your deck and attach any number of Basic Y Energy 
cards you find there to your Pokémon in any way you like. 
| Shuffle the other cards and put them on the bottom of 
| your deck. 
Reina @x2_| ste @E30 Meet 
; ""7 aWe béldum havebecomestucktogethervia 
illus. Nobuhiro Imagawa =the own magnetic forces: With two brains, th 
OD 114/162 0 ee ates doubled Ips see Roers 
, 12024 Pokémon / Nintendo / Creatures GAME FREAK j"
87,Miraidon,"BASIC, Qo 
220 Miraidon ATIO!S) 
BIA AY Se 
wriwr Ae 
i 1NO..1008..Paradox.Poké¢mon sHiis1:1;62WWIs529. Lbs. 
*) Peak Acceleration# 
Search your deck for up to 2 Basic Enengyfeandstandfattacht 
them) to your Future Pokémon jin/anyawaypyouqlikelpmheny 
shuffle your deck. oe 5 
44©® Sparking Strikeys 
ane resistance Totes» GIED= °°: 
5 isscemstobe ths ron Serpantmentioned 
HeeNGOSSAN uncial Se eaaeaeoated 
(tc) 121,162): (Cumed tho lind toash withits hgkening."
88,Volbeat,"BASIC“) az i w7~ 
""ll Volbeat ~ w10®@ 
J NO..0313. Firefly Pokémon HT: 2:4. Wi 39 Ibs 
Gs Quick Sign 
| Ifyou go first, you can use this attack during your first turn. 
Search your deck for up to 2 Basic Pokémon and put them 
_| onto your Bench. Then, shuffle your deck. 
1x Coordinated Strike 20+ 
|) If lllumise is on your Bench, this attack does 60 more damage. 
eines @x2 resistance a retreat 
Itflashes the light on its rear to communicate 
pis: Oree ""with other Volbeat. It loves the sweet 
{H) 009/167@ = ==—————SSaarromagiven off bytllumise, 
{©2024 Pokémon / Nintendo / Creatures / GAME FREAK"
89,Grookey,"GBASIC,/ - 
“<Grookey —— w0@ 
ex “=Va A\ ad 
eae eee RS 7 ae 
@ Smash Kick 10 
CXC) Branch Poke 30 
weakness @) x2 | resistance A retreat *) j 
illus. Tomomi Ozaki Whenit uses its special stick to strike upa beat, 
[TTS org, serre a eee ret idan tone inmesion"
90,Thwackey,"=~ Thwackey w100@ 
ny J rn 
im A y a oe) | A F | 
] e ee Si | 
ED Boom Boom Groove 
Once during your turn, if your Active Pokémon has the 
Festival Lead Ability, you may search your deck for a card 
and put it into your hand. Then, shuffle your deck. i 
ae Beat 50 
weakness @ x2 resistance a retreat >) K) 
Illus. GOSSAN The faster a Thwackey can beat out a rhythm with its 
{v) (UE) 015/167 two sticks, the more respect it wins from its peers."
91,Rillaboom,"(STAGE, on = y 
“= Rillaboom 180 @ 
oY aa 
NO. 0812. Drummer. Pokemon HT..6'11.""_WT. 198.4 Ibs. ra 
@ Drum Beating 60 
During your opponent's next turn, attacks used by the 
Defending Pokémon cost « more, and its Retreat Cost is 
> more. 
Oe) Wood Hammer 180 
This Pokémon also does 50 damage to itself. 
weakness @ x2 | resistance Z a retreat, KK KK 
af Byd ing, it taps into th f 
cestetaes fegesaltiec stump. Therootsofthe 
| (HUES 016/167 @ stump followits direction in battle. 
{©2024 Pokémon / Nintendo / Creatures / GAME FREAK"
92,Applin,"BASIGy4 | : Se 
ELEUS 
= Applin w40@ 
i Roz. 
~ — NO. 0840 Apple Core Pokemon _HT. 8"" WT. 1.1 Ibs. af” 
@ Tumbling Attack 10+ 
Flip a coin. If heads, this attack does 20 more damage. 
weakness @® x ‘2. resistance <A retreat 
| ‘Applin lives inside an apple. When an Applin 
pes oKUsO is separated from its apple, its body loses 
| (4) IN) 017/167 @ nape moisture and the Pokémon grows weak. 
{©2024 Pokémon Nintendo / Creatures GAME FREAK"
93,Dipplin,"""Dippin 808 
Wy) AN fron rl ~~ 
Diprw ft. < N 
@CTE® Festival Lead 
If Festival Grounds is in play, this Pokémon may use an 
attack it has twice. If the first attack Knocks Out your 
opponent’s Active Pokémon, you may attack again after : 
your opponent chooses a new Active Pokémon. ae 
©) Do the Wave 20x 
This attack does 20 damage for each of your Benched 
Pokémon. i 
weakness @) x2 | resistance a retreat >K) 2K) 
; The head sticking out belongs to the fore-wyrm, 
give: Sabotert while the tail belongs to the core-wyrm. The two 
(¥) G0) 018/167 @ share one apple and help each other out."
94,Sinistcha,"==“ Sinistcha wI0@ 
vk i) Oh NAN | 
Wh } Way \ 
\ ' ea A iy 
Nh ae al | | 
aN eh rr NO | 
©) Cursed Drop 
Put 4 damage counters on your opponent’s Pokémon in 
any way you like. g 
© Spill the Tea 70x 
Discard up to 3 @ Energy cards from your Pokémon. This 
attack does 70 damage for each card you discarded in 
this way. ¥ 
weakness @ x2 | resistance a retreat >) 
ait Itprefers cool, dark places, such as the back of a 
pis: Routt Soifey, shelf or the space beneath ahome’s floorboards. 
{HUES 020/167 Itwandersin search of prey after sunset."
95,Teal Mask Ogerpon,"BASIC, , aN 
Teal Mask Ogerpon fa wl 10 e 
eo oF *y Sigg, “HOG 
9 Fe NOS 
i / Jat MN alee ~ pes ans 
gt < q Me 
| *) Mountain Stroll 
|| Search your deck for up to 2 Basic Energy cards, reveal 
| | them, and put them into your hand. Then, shuffle your deck. 
O@* Ogre Comeback 20+ 
| This attack does 20 more damage for each of your 
] opponent’s Benched Pokémon. 
weakness @ x2 resistance a retveat OK) 
This mischief-loving Pokémon is full of 
plus soncsvks sonia ee na or Be wing mite, ca 
{H) 024/167 & based energy contained within its masks. 
©2024 Pokémon / Nintendo / Creatures / GAME FREAK ¥"
96,Teal Mask Ogerpon ex,"BASIC, v é 
Teal Mask Ogerpon «hw (0) iC) 
= Weray 
' a ‘As long as this Pokémon is on your Bench, prevent all damage done to this 
= Pokémon by attacks (both yours and your opponent's). 
a SIA \ ee ge 
SN by VE 
SKE LS ag 
on ~ ee Pe gl? aN | 
| Once during your turn, you may attach a Basic @ Energy 
card from your hand to this Pokémon. If you attached 
i Energy to a Pokémon in this way, draw.a card. \ 
pi @@2 _ Myriad Leaf Shower 30+» 
é This attack does 30 more damage for each Energy attached 
7’ to both Active Pokémon. 
— Gweakness @ x 2 resistance om retreat OK we 
A, SbenGrphics ‘When your Pokémon @X y 
C4 _ of isKnocked Out, your opponent takes 2 Prize cards. . 
SES"" eae te OS . c 
Or, AP Steet Rokemo ‘nintendo /creatuies/GAMERREAK A * OR) Wau"
97,Litwick,"BAS/Gue ee 
Aitwick NP” .60@ 
ee f mS . 
) Call for Family 
Search your deck for a Basic Pokémon and put it onto your 
Bench. Then, shuffle your deck. 
O* Live Coal 20 
{€2024 Pokémon Nintendo / Creatures GAME FREAK"
98,Chandelure,"‘STAGED, Bin 5 RB 4 
ye “Chandelure 4130 8 
Once during your turn, you may have each player draw 
a card. 
& Mind Ruler 30x 
This attack does 30 damage for each card in your 
opponent's hand. 
weakness © x2. resistance ac retreat KK 
Sag ae {tabsorbs spirits, which it then burns. 
Mlus. saino misaki e 
a By waving the flames on its arms, it puts 
(H)(UILTS 038/167 its foes into a hypnotictrance. 
{©2024 Pokémon / Nintendo / Creatures / GAME FREAK"
99,Hearthflame Mask Ogerpon ex,"CE, TR. 
= Heart ask Ogerpon(@x< 44210 QO. 
‘As long as this Pokémon is on your Bench, prevent all damage done to this 
, Pokémon by attacks (both yours and your opponent's). aS 4 
. VW Dk Zon 
Sie a 
are 2 cE a 5 
@® * * — Wrathful Hearth 20 
J ~~ Thisyattack does 20 damage for each damage counter on 
> this Pokémon. 
A Dynamic Blaze 140+ 
If your opponent's Active Pokémon is an Evolution 
Pokémon, this attack does 140 more damage, and discard 
A all Energy from this Pokémon. l 
e, weakness © x2 sesistance Ea retreat ) 
Ry (REY 020 ep (is Knocked Out, your opponent takes 2 Prize cards. 4"
100,Goldeen,"BASIC, ene 
“22 Goldeen w)0E 
BAL SIN 6 2 —) P< Nit Sage 
een oe Se 
NO,.0118. Goldfish, Pokémon. HT:.2'.W1.33.1.Ibs. vf 
@E® Festival Lead 
If Festival Grounds is in play, this Pokémon may use an 
attack it has twice. If the first attack Knocks Out your 
opponent's Active Pokémon, you may attack again after 
your opponent chooses a new Active Pokémon. 
kK Whirlpool 10 
Flip a coin. If heads, discard an Energy from your opponent's 
Active Pokémon. 
i weakness 4 xD resistance é ved retreat > 
‘lus. saino misc {ts dorsal, pectoral, and fail fins wave elegantly in 
i {H) UE) 044/167 water. That is why itis known as the Water Dancer. 
{©2024 Pokémon / Nintendo / Creatures / GAME FREAK"
101,Jynx,"BASIC, ” ¢ 
ye Jynx 906 
aad Sars 2 Te 
Ran - grt 
10.0126. Human Shape Pokémon tsa Wi 89.5 bs di 
a Inviting Kiss 
Search your deck for a Basic Pokémon and put it onto your 
Bench. Then, shuffle your deck. If you put any Pokémon 
onto your Bench in this way, move an Energy from this 
Pokémon to the new Benched Pokémon. 
6 Icy Snow 30 
| weakness Y x Q resistance é Fi retreat 
ies Capon: incertain parts of Galar, jynx was once feared 
Ow and worshiped.as the Queen of Ice. 
{©2024 Pokémon / Nintendo / Creatures / GAME FREAK"
102,Milotic,"GSTAGEI// pages 4s Hy > 
Bale / a 4 
i Mentally Calm 
© Your opponent’s Pokémon in play and all attached cards 
| can’t be put into your opponent’s hand. 
| ©** Hydro Splash 100 
weakness 4 x2 resistance retreat >K) ji 
thus. Taira Akitsy Itlives at the bottom of clearlakes. In times of war, it 
(HCE 950/167 @ “howsitself: which soothes people's mindsand hearts. 
£©2024 Pokémon / Nintendo / Creatures / GAME FREAK"
103,Snorunt,"GBASIC,A, etd 
“a Snorunt w006 
al uy N Fo 
Un -Y (SOD ° f 
NO. 0361. Snow Hat Pokemon HT. 2'4"" WT. 37 Ibs. 
@* Astonish 20 
Choose a random card from your opponent's hand. Your 
opponent reveals that card and shuffles it into their deck. 
weakness Y x Q resistance = Fi retreat > 
lus. Mékayy ItisSaid thata home visited by a Snorunt will prosper. 
{n) 051/167 Itcan withstand cold of -150 degrees Fahrenheit. 
{©2024 Pokémon / Nintendo / Creatures / GAME FREAK"
104,Froslass,"P= Frostass y .900 
\ —jweay 
Freezing Shroud 
During Pokémon Checkup, put | damage counter on each 
| Pokémon that has an Ability (both yours and your opponent's), 
| except any Froslass. 
Ox Frost Smash 60 
inte | resistance FA retreat K) j 
Mus. Makura Tami Itfreezes prey by blowing its -58 degree Fahrenheit 
(h)(Q0} 053/167 breath. Itis said to then secretly display.its prey. 
""©2024 Pokémon Nintendo / Creatures / GAME FREAK."
105,Finizen,"GBASIC//pe 
Finizen > »/0@ 
ae Wie mm ’ Sos} 
PA” Ore fn ga 
S245 a a> oe eee 
hip oe Sec 4 
j Ale, HL a ee <t IDR, 
a OPE yn US TRY, 
6 Aqua Slash 30 
During your next turn, this Pokémon can’t attack. 
weakness 4 2 | resistance vod retreat >) 
ls. Narumi Sato ts water ringis made from seawater mixed with a 
[n\(CLTD) genyyey et sticky fluid that Finizen secretes from its blowhole. 
{©2024 Pokémon /Nintendo/ Creatures GAME FREAK"
106,Palafin,"GSTAGE I, bf . Ma AAO 
a rs ‘ iin: 
- NO..0964. Dolphin Pokémon. HT.4'3"" wh, 132.7 Ibs. a 
| @LTE®D Tero to Hero 
Once during your turn, when this Pokémon moves from 
the Active Spot to the Bench, you may search your deck 
| for a Palafin @X and switch it with this Pokémon. Any 
| attached cards, damage counters, Special Conditions, turns 
') in play, and any other effects remain on the new Pokémon. 
| | If you switched a Pokémon in this way, put this card into 
) your deck. Then, shuffle your deck. 
| @* Wave Splash 30 
weakness 4 XQ resistance e retreat OK) 
gee Its physical capabilities are no different than 
‘idea aFinizen’s, butwhen its allies are in danger, 
{H) 5) 060/167 @ ittransforms and powers itself up. 
£©2024 Pokémon / Nintendo / Creatures / GAME FREAK"
107,Palafin ex,"Gerace] . 1) 
y~ Palafin@y fr 340 6 
RE ee. ~.2 HL ES 
PRES 0: Spirit - 
Put this Pokémon into play only with the effect of Palafin’s 
Zero to Hero Ability. > 
ie 6 Gigalmpact <_ 250 
. During your next turn, this Pokémon can’t attack. 4 
Weakness:4 XQ | resistance . SF retreat kk 
lllus *RLANETA\ Mochizuki) ) 
(at EN eons frvcie Out, your opponent tales 2 Prize cr J"
108,Wellspring Mask Ogerpon ex,"Welspringas Ogerpon@¢ #4 210 (@) 
aw WV hs tong as this Pokémon is on your Bench, prevent all damage done to this 
2 \ Pokémon by attacks (both yours and your opponent's). ig 
SS Re SS 
q ht \ AS x Sf \ul we = 
Se @ ae 
Aa “ia Nr NN 
STK Sob4¢ Bre So. 20 
During your pponent'’s next ahs Beeting Pokémon 
- t, as Se 8 KS SS 
‘”g © * * —TorrentialPump 100 » 
~_¢ You may. shuffle 3 Energy attached to this Pokémon into 
sf your dec np u-do, this attack also does |20 damage to % 
= A of you BA scnent's Benched Pokémon. (Don’t apply 
re ~ Weakness and Resistance for Benched Pokémon.) 
weakness 4 x2 Vp ae gh wren * 4 
J y okémon eX rule gf ; 
“giles Bban Grohe SQ —— oman nit 
JIN e2024 Pokemon Nintendo/ Creatures/GAMEFREAK ‘py"
109,Abra,"BASIC¢d Bp eS Ana 
b View @ ¢ y) i f 
| @EZE® Teleporter 
|, Once during your turn, if this Pokémon is in the Active 
Spot, you may shuffle it and all attached cards into 
4 your deck. 
weakness @) x2 resistance (4-30 a retreat | 
: This Pokémon uses its psychic powers while 
pete! itsleeps. The contents of Abra‘s dreams affect. 
(4) 080/167 @ a the powers that the Pokémon wields 
£©2024 Pokémon / Nintendo / Creatures / GAME FREAK a"
110,Slurpuff,"STAGE], ey” ‘ 
Se. 7 ae | Ae 
5 \ tan SS a= 
F Ze, Na NY 
Fo ia % 
7 NO. 0685. Meringue Pokemon HT.2°2""_ WT Ib: - 
1O* Slurp Slurp 90x 
) Flip 2 coins. This attack does 90 damage for each heads. 
| If both of them are tails, your opponent's Active Pokémon 
|) is now Confused. 
epee minge, apes ent Peel conditon, est oped | 
WUE 090/167 @ this skillwill have many medical applicat 
_ ©2024 Pokémon / Nintendo / Creatures / GAME FREAK ="
111,Sandygast,"bs NO..0769.,Sand. Heap Pokémon sHi1/8.. WTi154.3 lbs - - 
i) Sand Attack 10 
) During your opponent's next turn, if the Defending 
) Pokémon tries to use an attack, your opponent flips a coin. 
) If tails, that attack doesn’t happen. 
Bes Qx2 7 neler ees ae 
_“Atflings sand into the eyes of its dtriesto 
ee — dloseinon ther while they're blinded, b utsine 
{©2024 Pokémon Nintendo / Creatures GAME FREAK"
112,Munkidori,"BASICyd a, ° . Tana 
25"" Munkidori wlld© 
of 6 naa 
we \ Ona.” Wane’ 
\ Ss ws ee at A 
z P Wed 
hk ren Oe as 
& gn"" Bk Ma 
NO..1015, Retainer Pokémon, HI, 3'3""Wi26.9 Ibs. ry 
@XIE®D Adrena-Brain 
Once during your turn, if this Pokémon has any @ Energy 
attached, you may move up to 3 damage counters from 
| of your Pokémon to | of your opponent’s Pokémon. 
© * Mind Bend 60 
| Your opponent's Active Pokémon is now Confused. 
t weakness@ x2 resistance ) - 30, gl retreat OK 
| ei MUnkidori Keeps itself somewhere) 
safe while it toys with its foes, using 
(+)IDE) 095/167 & psychokinesis to induce intense dizziness. 
{©2024 Pokémon Nintendo / Creatures / GAME FREAK"
113,Timburr,"BASIC ° ee eae ) 
el Oy ale 
NO,.0532, Muscular Pokemon. HT. 2: WI. 22.6 Ibs. — 
Cy Best Punch 40 
Flip a coin. If tails, this attack does nothing. 
hal » ese 
3 ©2024 Pokémon / Nintendo / Creatures / GAME FREAK oe '"
114,Gurdurr,"esNO. 0533..Muscular Pokemon HT. 3:1. \NT: 88.2.IDS 
@*% _ Superpowe"
115,Conkeldurr,"STAGE, y 
te antrum 
® j ae OK"
116,Okidogi,"—BASIC. ry (iil 
Be eae Ae 
es) oh 5 see)” GF OMY 
hint \ Vo) yy 
ny —— AS a fy, 
Ke tO eel eo 
ae Ca — Pir. i ella 
Adrena 
AUD) (att"
117,Cornerstone Mask Ogerpon ex,"Conese OBMPONE wv 210 8) 
a ieraY 
“ Pokémon by ot (beth yours and your opponent's). os 
oe ome N yr Cas 
2 ew vA |Z 
gad SAS” pa zy 
‘err N 
; Cornerstone Stance 
Zs Prevent all damage from attacks done to this Pokémon by 
, your opponent’s Pokémon that have an Ability. LS 
3 * * Demolish 40 
by This attack’s damage isn’t affected by Weakness or Resistance, 4 
A ¢ or by any effects on your opponent's Active Pokémon. . 
Greakness x2 | resistance || grr Ok = % OK 
A ff I Pesce p ‘When your Pokémon ex) 
“dil oa Al » of is Knocked Out, your opponent takes 2 Prize cards."
118,Heatran,"Heatran ~140@ 
So taerveg gs 
Ee ay ' : WN AS 
1) If this Pokémon is in the Active Spot and is damaged by an 
| attack from your opponent’s Pokémon (even if this Pokémon 
| is Knocked Out), the Attacking Pokémon is now Burned. 
Ox» — Steel Burst 50x 
| Discard all “Y Energy from this Pokémon. This attack does 
k 50 damage for each card you discarded in this way. 
Weakness @ x2 | resistance O30 eet retreat KKH 
illus. AKIRA EGAWA Jala volcanictavee: thes i withitscfoss- 
Wie) shaped fe ) crawl on ceili id walls. 
ICD rw) 123/167 * gee rapes eet tara orice ings and walls. 
{©2024 Pokémon Nintendo / Creatures / GAME FREAK"
119,Dreepy,"—BASIC D awe aul y © 
ae Dreepy aay» 70 
NO. 0865. Lingering Pokémon i182. W/isd. Ibs. ="" 
i) Petty Grudge 10 
(H) (WILE) 938/167 @ behavior from when Dreepy wasalive 
{©2024 Pokémon / Nintendo / Creatures /GAME FREAK"
120,Drakloak,"STAGE), ONC . 
c ait Or 
(a y w2QVG 
Vp ne ree meee rr 
Dyas i Bee 
NO, 0886 Caretaker, Pokémon slils 4:22 W/ls24.3:bs, 
eae ee 
{62024 Pokémon Nintendo / Creatures / GAME FREAK"
121,Dragapult ex,"‘STAGE, 
~Dragaput@X — 4.320© 
(%) volves from Drakloak Weray 
eecek eos by attacks (both yours Nae ooponetias) 
' et a Sc ke . 
ti f vi ly > x 
2 BES SSS 
x Jet Headbutt 70 
ao ® Phantom Dive 200... 
Put 6 damage counters on your opponent's Benched _ 
_ Pokémon in any way you like. 
jeakness fesistance- 4 Piva K 
Ps. Pp Chaitin When your Pokémon @X 
5 te A is Knocked Out, your opponent takes 2 Prize cards. i, 
gw >» QZ) 82024 Poremon/ Nintendo /Creatures/ GAME FREAK"
122,Tatsugiri,"gBASIC, oe sae 57 
<< Tatsugiri =~ w/0® 
NO, 0978. Mimicry Pokemon. HT,1""WT..17.6 Ibs. 
@XIED Attract Customers 
i Once during your turn, if this Pokémon is in the Active 
+ Spot, you may look at the top 6 cards of your deck, reveal 
ie a Supporter card you find there, and put it into your hand. 
Shuffle the other cards back into your deck. 
{©2024 Pokémon /Nintendo/ Creatures /GAMEFREAK ae"
123,Farfetch'd,"BASIC ’ aA / 
Farfetch’d w70 
NA eS . ay 
@LTED |mpromptu Carrier 
When you play this Pokémon from your hand onto your 
Bench during your turn, you may search your deck for a 
| Pokémon Tool card and attach it to this Pokémon. Then, 
_ shuffle your deck. 
* Mach Cut 30 
Discard a Special Energy from your opponent's Active 
| Pokémon. 
weakness 4) x2 | resistance @ -30, ee retreat 2K) 
ee The stalk this Pokémon carries in its wings serves 
ap te asa sword to cut down opponents. Inadire 
ig) 132/167 @ situation, the stalk can also serveas food. 
{2024 Pokémon / Nintendo / Creatures / GAME FREAK fi"
124,Chansey,"CBASIC,/ ~m MAAN DD 
Chansey w 120% 
z i ia 
“ a Taal 
Be eae Mr With \ i i i 
NA ia 
\ VANE 
* Lucky Attachment 
Attach a Basic Energy card from your hand to | of your 
Pokémon. 
| 2000 Boundless Power 80 
During your next turn, this Pokémon can’t attack. 
weakness @ x2 | resistance ee verve HK 
Illus. HYOGONOSUKE Itwalks carefully to prevent its egg from breaking. 
HOD 133/167 @ However, itis extremely fast at running away. 
/. ©2024 Pokémon / Nintendo / Creatures / GAME FREAK"
125,Blissey ex,"STAGE/I . Ly 
a Blissey GX 40300 *) 
= Ze FA ri d é 
SS aS a> 
~2 Once during your turn, you may move a Basic Energy from ‘ 
‘ | of your Pokémon to another of your Pokémon. ‘ 
4 You may draw cards until you have 6 cards in your hand. | 
ff Sm — ee Sa A 
weakness (9.x 2 | resistance retreat KK) 
Z Mlus. twamoto05. 4 renee EX ee isonet 
q: FF ME Tic coc | te"
126,Galvantula,"STAGE, y ay 
’Galvantula 7w100@ 
dish Ss 
NO..0596.£leSpider. Pokemon. HT 2:2. W:31.5 Ibs. 
@TE@D Compound Eyes 
Attacks used by this Pokémon do 50 more damage to your 
|| opponent's Active Pokémon that has an Ability (before 
applying Weakness and Resistance). 
a* Shocking Web 50+ 
If this Pokémon has any 4% Energy attached, this attack 
does 80 more damage. 
= @x2 resistance A retreat >) i 
Itlaunches electrified fur from its abdomenas its 
pas mosh means ofattack. Opponents hit by the fur could 
{H) 002/064 @ bein for three full days and nights of paralysis. 
Z ©2024 Pokémon / Nintendo / Creatures / GAME FREAK"
127,Rowlet,"all) Nees Ae 
fe Add On 
Draw a card. 2 
@ Leafage 16 
ee ey) ae ZA cc"
128,Dartrix,"Gsracel, 5 MS an Al 
Dartrix 4 0D) 
i ee a > me” 
Se, oe : 
NO..0723. Blade Quill Pokémon. HT.2'4""..W.35.3 Ibs. Pr, 
*) United Wings 20x 
This attack does 20 damage for each Pokémon in your 
discard pile that has the United Wings attack. 
| ©) Cutting Wind 30 
weakness @%xQ—_ resistance “eG retreat) 
Secs x Itthrows one knifelike feather after anotheratits 
gees. Fetsy Koyama) ‘enemies, and each one precisely strikesa weak 
| (+) (25) 004/064 @ point. These feathers are known as blade quills. 
_ ©2024 Pokémon / Nintendo / Creatures / GAME FREAK _"
129,Decidueye,"STAGE, r e QE 
(a * Decidueye Zw 150 @ 
cs A ff 
a -.NO..0724. Arrow. Quill Pokémon .HT..5:3” .WI80.7.Ibs. 
x Stock Up on Feathers 
Draw cards until you have 7 cards in your hand. 
@ Power Shot 170 
Discard a Basic Energy card from your hand. If you can’t, 
|) this attack does nothing. 
weakness (@ x ‘2. resistance F retreat) K 
Asif wielding a bow, it launches th 
| res Tails fiddenamore the eathersofts 
{HEE 005/064 © oi wings. Decidueye’s shots never miss. 
©2024 Pokémon /Nintendo/ Crestures/GAME FREAK"
130,Revavroom ex,"‘Revavroom@x «A280 4 
‘As long as this Pokémon is on your Bench, prevent all damage done to this 
Pokémon by attacks (both yours and your opponent's). 
Nees IS : 
Ny we @ cas we 
US Ll aX Se 
A ® Accelerator Flash 20+ 
_, | this Pokémon moved from your Bench to the Active Spot <7 
Fd this turn, this attack does |20 more damage. S 
@@OY Shattering Speed 250 ie 
Discard this Pokémon and all attached cards. ®, 
S lus {RUANETA Mochizuki a D) 
JG NOB 015/008 #5 Ceti il asian i 
PS AIUD) | | |) [SiR roxtmoni nintendo creatures? cate Fac ax). I WN"
131,Duskull,"BASIC, J 
<= Duskull »60© 
\ 6 i ZN AEROS, 
yk were 
a)\S WiIGZoww wae 
Sits) WY (a 6 
\ YE Hi 
ON NIN of WLS fi 62 
QELS ALANS 
NO...0355..Requiem. Pokémon HT:.2°7.""..WI33.1iIbs. r 
Ko) Come and Get You 
} Put up to 3 Duskull from your discard pile onto your Bench. 
©® Mumble 30 
weakness @) x2 resistance (#8) -3Q, od retreat OK 
‘i Duskuils victims sufferan intense chillas thet 
ipl Pokémon siphons their life-force away, glaring 
[H) (stAe 018/064 @ at them with its bright red eye all the while. 
162024 Pokémon / Nintendo Creatures / GAME FREAK"
132,Dusclops,"STAGE], Anwe® 
“~ Dusclops A w90©O 
Bc (wt, 
‘ \ SIDS LI 
fed S=. = EZ 
Cet hR ey 
Once during your turn, you may put 5 damage counters 
on | of your opponent's Pokémon. If you use this Ability, 
this Pokémon is Knocked Out. 
i ©® Will-0-Wisp 50 
(Weakness @Q) x2 resistance -3Q ext retreat > 2k | 
j Dusclops’s true formis said to bea bright 
fee Ae Rene red eye burning within ts body, butno. 
| HEISE 019/064 © one has everseen suchathing. | 
1€7024 Pokemon /Nintendo/ Creatures /GAME FREAK i"
133,Dusknoir,"STAGE, e y 
y “Dusknoir Zn 160 © 
) | Evolves from DUsClOpS sss = 
J. Says Ss ""De i 
te Me LF a? Les 
. ye ¢ poe 
ange i 
ns NO..0477.. Gripper Pokémon HT:7°3"".WVT:235 DS. al 
@E® Cursed Blast 
Once during your turn, you may put 13 damage counters 
on | of your opponent's Pokémon. If you use this Ability, 
this Pokémon is Knocked Out. 
\©©»* Shadow Bind 150 
| During your opponent's next turn, the Defending Pokémon 
| can’t retreat. 
Weakness x2 resistance BO ee retreat KKK 
"" vie “Itcomes and goes between this world and the 
io afterlife. People fear this Pokémon because itis 
[H) (BIE) 020/064 & said to suck in lost spirits and take themalong. 
162024 Pokémon / Nintendo Creatures / GAME FREAK"
134,Sylveon,"en of} i 
es a “LA A 
A NO..0700. intertwining Pokémon. HI; 3'3”WI;.51.8 Ibs. 4 
Ko) Mystical Return 
| Flip a coin. If heads, choose | of your opponent’s Benched 
| Pokémon. Shuffle that Pokémon and all attached cards into 
|) their deck. 
'©*x»% Disarming Voice 90 
Your opponent's Active Pokémon is now Confused. 
weakness Y x 2 resistance E vd retreat OK 
; Sylveon cuts an elegant figure as it dances lightly 
Bes. pine around, feelers fluttering, but its piercing moves 
Di) sitar} 022/064 @ aim straight for its opponents’ weak spots. 
(©2024 Pokémon / Nintendo / Creatures / GAME FREAK a"
135,Bloodmoon Ursaluna,"Basic ‘ai 
aati @ Y eT. "" 
Me BO 
4 l ‘A kK KK"
136,Zorua,"BASIC, a 
= Torua w70 © 
\ y oad was = 
NO. (0570. Tricky, Fox PokémonsHI.2°4"" .WWT:27,6 IDS. - 
Ok] Stampede 10 
Ok Double Scratch 20x 
Flip 2 coins. This attack does 20 damage for each heads. 
weakness )xQ | resistance 7” retreat 63 
ae To protect themselves from danger, they 
pe es Ride theirirue Genes Beanstoanig 
O (Sti) 031/064 @ into people and Pokémon. 
102024 Pokémon /Mintendo/ Creatures GAME FREAK."
137,Zoroark,"STAGE], ye Oh / 
(ty Pm \Z 
\ Na aid ee"" : 
y aN pe = DY Ny 
we cin. ’ 
NO..0571. Illusion Fox Pokémon. HT;5'3""_ WT; 178.8 |bs.. 
eo eeays 
Dkk) Illusory Hijacking 60x 
This attack does 60 damage for each of your opponent's 
Pokémon @X: and Pokémon Vin play. 
OOo = Gaw Slash ef < Flo 
weakness) x2 | resistance A” verveat 3 
=o Each has the ability tofool a large group 
Mupsnoainise of people simultaneously. They protect 
iH] (Shen) 032/064 *® their lair with illusory scenery 
162024 Pokémon Nintendo Creatutes/ GAME FREAK"
138,Okidogi ex,"ae Vi 
Wiley , fn ¢ 
Dk) Poisonous Musculature 
Search your deck for up to 2 Basic @ Energy cards and 
attach them to this Pokémon. Then, shuffle your deck. 
__ If you attached Energy to a Pokémon in this way, this 
7®) Pokémon is now Poisoned. S r 
© «és Chain-Crazed 130+. 
___ Ifthis Pokémon is Poisoned, this attack does 130 more damage. 
Bi e a 
weakness (7 x2 | resistapce A retreat CKDKK ry 
Pes eke P24 When your Pokémon @X ) 
0 (sie Sy. is Knocked Out, your opponent takes 2 Prize cards. y)"
139,Munkidori ex,"GBASicgd ° ° 
«6 Munkidori@X 4210 
te yo ° 
(Ability ) k 
If this Pokémon is Knocked Out by damage from an attack 
| from your opponent's Pokémon, and if you have any 
Pecharunt @X in play, your opponent takes | fewer 
J Prize card. 
©Oes Dirty Headbutt 190 | 
During your next turn, this Pokémon can't use Dirty Headbutt. | 
weakness {5} x2 “| resistance rear Ce = $ 
shea tlapacs sf. Pokémon CX rule gia ate ex ) I 
REET a oe Koocked Out your opponent cakes 2 Pie card Dd)"
140,Fezandipiti ex,"GBASIcd eee 
~7 Fezandipiti€XY £210 © 
(Ability ) ' 
_ Once during your turn, if any of your Pokémon were 
_ Knocked Out during your opponent's last turn, you may 
I draw 3 cards. You can’t use more than | Flip the Script 
“=. Ability each turn. 
G2 G3 Cruel Arrow 
This attack does 100 damage to | of your opponent’s _ 
Pokémon. (Don’t apply Weakness and Resistance for Benched* 
> Kokgron) : ty 
~ weakness f°) x2 | resistance Mig Metreat S 63597 
4 f : Pokémon CX rule ge When your Pokémonex.) a 
Osta Cet oe 
By estezsFstamen Ninterao/coatvrs/ GAN REA"
141,Pecharunt ex,"ra Pecharunt @X¥ £190 CO 
e Neg G mp 
Mea Ability » =i \ rm 
J 4 Once during your turn, you may switch | of your Benched \ ‘ 
@ Pokémon, except any Pecharunt @X, with your Active) 
_ Pokémon. If you do, the new Active Pokémon is now aN 
» oisoned. You can’t use more than | Subjugating Chains R 
Ability each turn. a 
. OO Irritated Outburst 60x 
\ Bits attack does 60 damage for each Prize card your 4 } 
opponent has taken. Jt 
weakness 2) x2 / | sesistance retreat (3 
fey (Cima FN oN"
142,Genesect,"BASIC, gm eae 7 
Genesect > .110 YD 
| Ql ARS a 
IAalns 
NO..0649. Paleozoic Pokémon. HT:.4'1.1.""_WT;.181.9 Ibs. 
a CL aS 
If this Pokémon has a Pokémon Tool attached, your 
Opponent can’t play any ACE SPEC cards from their hand. 
/ 2 ** Magnetic Blast 100 
‘weakness @ x 2 resistance @-3Q, _ a retreat OK Bh 
illus. Kazumasa Yasukuni Thisancient bug ebitnon altered by Team 
GI 020/064 @ __Mlssna Theyupgradedihecannononitsback"
143,Varoom,"S Varoom = > w/0 
\ Byers. 
oO ta = 
EI See / Se Pera #572 
a wae 96 Tas < 
. Al eon As 
& wR es gS € 
NE pe aN a 
NNO...0965. Single-Cyl, Pokémon. HI.3:3"".WI:.77.2.1bs. 
® Rigidify 
During your opponent’s next turn, this Pokémon takes 
| 30 less damage from attacks (after applying Weakness and 
|) Resistance). 
9D Headbutt Bounce 20 
“weakness @ x2 | resistance @-30 at retreat >K) Fe 
__ Thesteel section is Varoomsactual body. This 
Pit HAGIIA Keorw : eon cde (rocks and converts the 
(1) EDD 043/064 @ iinerals within into energy to fuel its activities. 
1€2024 Pokémon / Nintendo /Creatures/GAMEFREAK"
144,Kyurem,"BASIC 7 
~~, iA we 4 oe AA 
UM Ws Sk & aie 
OR Mak SE 
|) @xe@® Plasma Bane 
| If your opponent has any cards in their discard pile that 
|) have “Colress” in the name, this Pokémon can use the 
!) Trifrost attack for >. 
©@O2® * Trifrost 
Discard all Energy from this Pokémon. This attack does 
110 damage to 3 of your opponent's Pokémon. (Don’t apply 
Weakness and Resistance for Benched Pokémon.) 
Weakness resistance Tt retreat KOK F | 
eae Dwellin nitisa| ter 
1) [EZE) 047/064 @ extreme cold keeps that power bound 
(©7024 Pokémon /Nintendo/ Creatures GAME FREAK"
145,Eevee,"BASIC,” r y 
= Eevee w70 
NP, i B®) Fax 
#. vs | Vee 
di x eS & Ny 
Sd wv j © o? 
» @ ii rh Le 
a am Roe 3} 
ya ES 
- Doms 
| we ete | 
NO..0133..Evolution Pokémon HT: 1...WI:.14.3 Ibs. y 
x Colorful Catch 
Search your deck for up to 3 Basic Energy cards of different 
types, reveal them, and put them into your hand. Then, 
shuffle your deck. 
ok Headbutt 20 
weakness @) x 2 resistance ae retreat 
Illus. Susumu Maeya Its genetic codes irregular. It may mutate ifitis, 
(8) GE0 os0/06e @ exposed to radiation from element stones. 
7024 Pokémon / Nintendo/ Creatures /GAME FREAK"
146,Lileep,"uSsTAce], ° } 
le. Lileep 71008) 
i <8 ele 
| 5 Saad aera Be = : : 
- NNO..0345 Sea Lily, Pokémon Hind: 3 \Mli5.2.51bs. ut 
(~) Bind Down 50 
During your opponent's next turn, the Defending Pokémon 
can’t retreat. 
weakness @ x 2 resistance cM retreat KK 
ee This Pokémon was restored froma fossil. 
Shed! Lileep once lived in warm seas that existed 
’ ©2024 Pokémon / Nintendo / Creatures / GAME FREAK"
147,Cradily,"STAGE, . ee yy ER A 
ml / ie 
a5 Oia a 
GED Selective Slime 
_ Once during your turn, you may flip a coin. If heads, choose 
Burned, Confused, or Poisoned. Your opponent's Active 
Pokémon is now affected by that Special Condition. 
I) Miasma Wind 100x 
This attack does 100 damage for each Special Condition 
affecting your opponent’s Active Pokémon. 
weakness @ x2 resistance retreat KKK 
roi Ithas short legs and can’t walk very fast, butits 
ssh? Pa _ neck and tentacles can extend to over three 
10]'scu) 006/142% = ——_ times their usual length to nab distant prey. 
62024 Pokéimon / Nintendo/ Creatures /GAME FREAK"
148,Mow Rotom,"GBASIC V 
Mow Rotom r90® 
Py fs : 
ene DOP idle cars sa Gy 2 
scsssenenNOn0479..Plasma Pokémon stiTiksWkxO.ZalDs. — 
* Reaping Dash 30 
Before doing damage, discard all Pokémon Tools and Special 
Energy from your opponent's Active Pokémon. 
weakness @Y x2 resistance a retreat OK 
et This Roto has possessed a lawn mower. Itwill 
gin Amelicort mow down grass and flowers, then swagger 
(+) EG) 008/142 @ aroundwith prideatitsaccomplishments. 
| 162024 Pokémon /Nintendo/ Creatures GAME FREAK id"
149,Applin,"BASIC, Te 
Lari ZF . SS Fees 
—\ fe a yr 
NO. 0840 Apple, Cove. Rokémon stil Ws lulbs"
150,Hydrapple ex,"(i } Evolves from Dippin. . yer "" 
SS Vi . 
ys Ability ») i ad \ 
| [ici EVM rcs seat KK 
Yy : 8,2 Pokémon’ Wintenda /creatures/ Game reeex A"
151,Scorbunny,"BASICyd¢ ag 
yh’ iL Saat S| 
NO.0813. Rabbit. Pokémon Hila W/I.9.91bs. J 
* Quick Attack 10+ 
| Flip a coin. If heads, this attack does 10 more damage. 
(H) (cr) oe 
{62024 Pokémon Nintendo / Creatures GAME FREAK"
152,Raboot,"= Raboot 90 ® 
3S ns oS at | 
) Low Sweep 30 
@*x* Combustion 60"
153,Cinderace ex,"STAGE, . / 
“Cinderace@¢ _A4-320@ 
‘As long a8 this Pokémon is on your Bench, prevent all damage done to this 
Pokémon by attacks (both yours and your opponent's). =e 
WET ~ wt 
a ee ce Oe 
Ne wa. ‘ 
Son x Flare Strike 280 9 
| During your next turn, this Pokémon can’t use Flare Strike. 
@@BO Garnet Volley NN 
This attack does 180 damage to | of your opponents 
Pokémon. (Don’t apply Weakness and Resistance for Benched 
& Pokémon.) \ 
¢ weakness @ XQ |, resistance a retreat (Px 
on Paes. Ot Pokémon ex rule gf 
“ggilllas. 5ban Graphics 
a. (©2024 Pokémon /Nintendo/ Creatures / GARE FREAK"
154,Lapras ex,"BASIC, y 
= Laprasex #2200 
ae C4. Z 
eon ee, x 
Nan ak: an J 
Whe ov ee) 
CS Power Splash 40 
é This attack does 40 damage for each Energy attached to + 
this Pokémon. 
©@©® Larimar Rain NWN 
fpook at the top 20 cards of your deck and attach any 
y number of Energy cards you find there to your Pokémon 
y in any way you like. Shuffle the other cards back into 
your deck. 
Gweakness XQ | resistance retreat KK) ‘és \N 
les, Stan Graphics bY NN 
P he #4024 Fokémon Nintendo /Creatutes/ GAME FREAK Vr '"
155,Carracosta,"UsTace2, y baz 
Carracosta 7 160 o 
ay S J A) \ a 
= Se YA R SF 
Ppenitaom ~ = 
| NO..0565 .Prototurtle. Pokémon. Hi:-3.11.5.WMi:.1/8.61s, “af 
|) GUD Primal Knowledge 
|) Attacks used by your Pokémon do 30 more damage to 
| your opponent's Active Evolution Pokémon (before applying 
| Weakness and Resistance). 
@@ Tidal Wave 150 
weakness 4 x2 resistance F, retreat Kk OK OK rt 
Carracosta completely d it — 
| Mls. NINE Be rail becausearenna 
(E80) 0387742 & Carracosta’s own shell grows thick and sturdy. 
| — 167024 Pokéimon / Nintendo Creatures /GAME FREAK ~ |"
156,Crabominable,"=<! Crabominable Ho 160@ 
one We A 
De (eer fo 
is DSS SY 
Food Prep 
Attacks used by this Pokémon cost > less for each Kofu 
card in your discard pile. 
| During your next turn, this Pokémon can’t use Haymaker. 
Tain Od | resistance cg retreat OK KOK 
sa Thoughits punches are powerful, this Pokémon’s 
pies wooini movements are sluggish. It blows icy bubbles 
[+)(EG) 04/442 © from its mouth to immobilize its opponents. 
""©2024 Pokémon / Nintendo / Creatures / GAME FREAK"
157,Chewtle,"BASIC, — 
=== Chewtle w806 
ke eae 
NO..0833, Snapping Pokémon sHiidia\ills18./albs A 
*) 2) Headbutt 60 
“weakness 4 x2 resistance eh retreat OK OK 
| g Apopulargame among children is to liftup 
pus. velo Nie sticks that Chewtle have bitten onto to see 
(+) (EG) 037742 © whose Chewile can hang on thé longest. 
{62024 Fokémon Nintendo Creatures GAME FREAK"
158,Drednaw,"STAGE], ] ; 
= Drednaw yw 1406 
Sa : S aN he: = 
4 y y Y/ OY ae) 
@XE@D |mpervious Shell 
Prevent all damage done to this Pokémon by attacks from 
your opponent's Pokémon if that damage is 200 or more. 
>>> Hard Crunch 80+ 
If your opponent's Active Pokémon already has any damage 
: _ counters on it, this attack does 80 more damage. 
weakness 4 XQ resistance ad retreat OK KOK ; 
Drednaw lurks along the shoreline. When 
pis Og prey come to drink water, Drednaw stretches 
k 1D) Seka 044/142 ® itsneck outand chomps down on them. 
162024 Pokémon /Nintendo/ Creatures /GAME FREAK"
159,Veluza,"BASIC, 5 . 
_ Veluza wl30@ 
a yy LPs Gy 
SW pS” I if Re 
@E®D Food Prep 
Attacks used by this Pokémon cost > less for each Kofu 
card in your discard pile. 
This attack’s damage isn’t affected by any effects on your 
| | opponent's Active Pokémon. 
weakness 4 XQ resistance ed retreat kk ; 
| 4) 60 045/142 ¢ its agility, then charges atits prey. 
{62024 Pokémon / Nintendo Creatures / GAME FREAK"
160,Joltik,"§.. ON Bo IN vs 5 
NO..0595,, Attaching. Pokémon sti Ts: WAT ds3.DS ss afl 
* Jolting Charge 
Search your deck for up to 2 Basic @ Energy cards and up 
to 2 Basic 7 Energy cards and attach them to your Pokémon 
in any way you like. Then, shuffle your deck. 
|| weakness @ x2 | resistance a retreat 
Illus. Nisote Niso Since it can’t generate its own electricity, it sticks onto 
| (ED osos1az @ —_!2*8e-bodied Pokémon andabsorbs staticelectricity. |"
161,Galvantula ex,"STAGE], ( y 
Galvantula@w «fw260 Aye 
a ‘As long as this Pokémon is on your Bench, prevent all damage done to this 
Pokémon by attacks (both yours and your opponent’s). 
oy iced 
yy NG eo 
= Sy Be ey Ee ) 
A LOR ‘Aa=; . 
an * Charged Web 110+) 
veer opponent’s Active Pokémon is a Pokémon @X or 
¢ Pokémon ¥, this attack does 110 more damage. 
Discard all Energy from this Pokémon. During your 
opponent's next turn, they can’t play any Item cards from 
d eir hand. il 
Uy, weakness @) x‘Q | resistance ‘ eae retreat Ry,"
162,Slowpoke,", BASICy4 ge yy — 
=“ Slowpoke w80© 
wae < ta. 
th RO ee ee 
>) Dangle Tail 
| Put a Pokémon from your discard pile into your hand. 
© k) Tackle 30 
weakness@ x2 resistance (88) 30, a retreat OK OK 
: Itisalways vacantly lostin thought, but | 
Be veazieg no one knows what it is thinking about. 
(4) 625) 057/142 @ Itis goodat fishing with its tail, | 
162024 Pokémon / Nintendo / Creatures / GAME FREAK a"
163,Slowking,"$=Slowking 7wl20© 
Oe. Seek Inspiration 
| Discard the top card of your deck, and if that card is a 
| Pokémon that doesn’t have a Rule Box, choose | of its attacks 
| and use it as this attack. (Pokémon @X, Pokémon Y, etc. 
| have Rule Boxes.) 
|©®©®* Super Psy Bolt 120 
Weakness (Q) x2 resistance WH) —3Q sect retreat 2k Ok OK | 
lus. Tetsu Kayama Ithas incredible intellect and intuition. Whatever 
() Ga) 0583/1424 the situation, it remains calm and collected. 
(©2024 Pokémon / Nintendo / Creatures / GAME FREAK — 7"
164,Comfey,"BASI Cyd gm a = 
Re Ly 
GO ee pe, 
Ex Ge ALIEN. 
4 NO..0764.. Posy. Picker, Pokemon wHIi.4."".WV1:0.Zibs. al 
|® Flower Shower 
Each player draws 3 cards. 
© Play Rough 20+ 
| Flip a coin. If heads, this attack does 20 more damage. 
weakness XQ _resistance od retreat 
. Itprefers areas with lots of flowers. A Comfey 
Semen adorned with flowers is a happy Comfey, 
{+) ES) 063/142 @ and the flowers gain healing effects. 
{62024 Pokémon / Nintendo /Creatures/ GAME FREAK"
165,Klink,"BASIC, ° Bee e 
| A NO.0599..Gear Pokémon Hii Wi46.3.bs, — 
| k Allure 
Draw a card. 
wx Beam 20 
weakness @ x 2 resistance @)-30, ae retreat kK 
Mus, osare ‘The two minigears that Compose this Pokémon are 
| (4) 0 099/122 @ Seca PY Mesa pitt cachther."
166,Klang,"CSTAGE]y-/» ee CS 
Zz ae ai 
ok) Iron Tackle 60 
| This Pokémon also does 20 damage to itself. 
weakness @x2Q | resistance @ -30 et retreat > kK OK ia 
; . ~ When Klang goesallout, the minigearlinks up 
piles Mina Nokal - perfectlywith the outerpartofthe big gear, and 
(ESD 100/142 © thisPokémon’s rotationspeed increases sharply. 
{©2024 Pokémon / Nintendo / Creatures / GAME FREAK."
167,Klinklang,"STAGE, ° oe ee ( 5) 
“22 Klinklang 140 @ 
i mada = = 
NO..060.u.Gear Pokémon. Hi: 2 Wisi. /8.6.lbs 
@E@D Emergency Rotation 
Once during your turn, if this Pokémon is in your hand and 
|) your opponent has any Stage 2 Pokémon in play, you may 
| put this Pokémon onto your Bench. 
6% Hyper Ray 130 
5] Discard all Energy from this Pokémon. 
Weakness @x2 | resistance @=GO eee retreat > KK ia 
* _ © Fromits spikes, it launches powerful 
faa Matano ""blasts of electricity. Its red core contains 
ED torre ee See cre stenersy 
162024 Pokémon / Nintendo / Creatures / GAME FREAK"
168,Meltan,"pe Meltan ey” .700 
1) Knickknack Carrying 
| Search your deck for a Pokémon Tool card, reveal it, and 
| put it into your hand. Then, shuffle your deck. 
Ox Ram 30 
‘weakness @ x 2 resistance @-3Q a retreat OK ia 
Illus. Apios Iissolvesand eats oneabcieataung liquid metal 
(x) cr) 70s nota ae atti lt body sie iit generatesenergy."
169,Duraludon,"= Duraludon =, 130 ® 
ig Hammer In 30 
Oe * Raging Hammer 80+ 
| This attack does 10 more damage for each damage counter 
4 on this Pokémon. 
weakness @ x2 | resistance @=30 eet retreat 2k OK a 
Ils. Takeshi Nokamura Itst tal body is durablet prone tofetaining 
GGT pocsraze@ eat ttvents thi m the slitsin its tail."
170,Archaludon,"= Archaludon 180 
0 ie Ay 
| GED Metal Bridge 
All of your Pokémon that have ‘“ Energy attached have no 
Retreat Cost. 
'“@@* Iron Blaster 160 
4 During your next turn, this Pokémon can’t attack. 
Faines @ x2 resistance @=3Q ee retreat kK a 
IMlus. Oswaldo KATO Itdigs holes on mountains, searching for food. It’s so 
62024 Pokémon Nintendo/Creatures GAME FREAK"
171,Raging Bolt,"QBasic ° Ree anya 
sat Raging Bolt) 130 @ 
Re ANCIENT 
be oy LL ; i » 
keg Rae) -> > - wa ve 
Ve rE we ray ~ : 
Vt Wear 
NO..102.1.:Paradox. Pokémon wT bZideoaMWT4058.2.1DS. A 
28 Thunderburst Storm ~~ = 
) This attack does 30 damage to | of yoursoppenent’s 
|, Rokémon for each|Energy attached to this Pokémon. (Bonitis 
apply Weakness and Resistance for Benched Pokemon ag 
ro ey 
_ ©2024 Pokémon / Nintendo / Creatures / GAME FREAK"
172,Hoothoot,"BASIC,” SS 
al Hoothoot w70 &) 
* Triple Stab 10x 
| Flip 3 coins. This attack does 10 damage for each heads. 
weakness'4) x2 | resistance @-3Q ew retreat 
a Since it tells time precisely, some countries 
gis Tebibice fac) consider it to be a deity of wisdom, 
WEE 114/122 versed in the ways of the world. 
i024 Pokémon / Nitendo / Creatures /GAME FREAK"
173,Noctowl,"STAGE], 4 
(ss. Noctowl yw 100 & 
ey Ne 
4 Ability y ‘ 
Once during your turn, when you play this Pokémon from 
your hand to evolve | of your Pokémon, if you have any 
Tera Pokémon in play, you may search your deck for up to 
2 Trainer cards, reveal them, and put them into your hand. 
| Then, shuffle your deck. 
|) ee Speed Wing 60 
| weakness (4) x 2 resistance @) -30) : Fa retreat OK 
Illus. matozo Its extremely soft wings make no sound in flight. It 
|} (GQ 195/142 silently sneaks up on prey without being detected 
7024 Pokemon / Nintendo/ Creatures GAME FREAK"
174,Fan Rotom,"BASIC, = > 
is Fan Rotom w70 
y (p\ WX ni 
| — NO..0479. Plasma Pokémon. HI: 1 MI:.0.Z.Jbs. 7 
| GED Fan Call 
| Once during your first turn, you may search your deck for 
| up to 3 Pokémon with 100 HP or less, reveal them, and 
put them into your hand. Then, shuffle your deck. You 
can’t use more than | Fan Call Ability during your turn. 
*) Assault Landing 70 
If there is no Stadium in play, this attack does nothing. 
weakness) XQ | resistance @)-3Q x vetrest 
| Illus. Toshinao Aoki Therearé several appliances that Rotom can inspirit, 
(9) GED pe/1a2 @ _ butthefirstoneto be developed was the electric fan. 
i - ©2024 Pokémon / Nintendo / Creatures / GAME FREAK ’"
175,Bouffalant,"Geasic ay » | 
Bouffalant w 100% 
oe x a 
CAd Wer , Bx. IN 
ssssssssssseeee!NO..0626,.Bash Buffalo, Pokémon HiT:.5:3.2WVT:.208.6,1DS.is oe 
GED Curly Wall 
As long as you have at least | other Bouffalant in play, all 
of your Basic Pokémon take 60 less damage from attacks 
|. from your opponent's Pokémon (after applying Weakness 
and Resistance). The effect of Curly Wall doesn’t stack. 
2K) ~—- Boundless Power 130 
During your next turn, this Pokémon can’t attack. 
weakness @™) x2 | resistance oA retreat ORK 
These Pokémon can crush acar with no more than 
BE es COssANy aheadbutt. Bouffalant with more hair on their 
| WEED 119/142 « heads hold higher positions within the herd. 
i ’ ©2024 Pokémon / Nintendo / Creatures / GAME FREAK"
176,Terapagos ex,"BASIC, y _ 
“= TerapagosEX 7230 *)\: 
7 hs long as this Pokémon is on your Bench, prevent all a done to this 
1 rs __Pokémon by attacks (both yours and your opponent's). / ee a 
AE re =). AP 
a} PYQOr ( \/ A 
ey, yw (h . 
‘77 Wl: h Bay 
“oR Ob) Unified Beatdown 30x 
If you go second, you can’t use this attack during your first 
turn. This attack does 30 damage for each of your Benched 
_ Pokémon. \ 
@@Y Crown Opal 180 
During your opponent's next turn, prevent all damage done 
to this Pokémon by attacks from Basic non-% Pokémon. 
ety Vaan age OS 
My Us Lm EEE Winen your Pokémonex \ ya 
Wee, Ak \\vis Knocked Out, your opponent takes 2. Prize cards. 
EGR crv2siettmo iotendorcrearres/ came rneax Ms"
177,Exeggcute,"BASIC, Dy oN 
Exeggcute - »30@ 
bc, lt > Oy. sh Sen 
fg Py ee WE er 
mee is ai gs eNO y 
oe Precocious Evolution 
iH] if you go first, you can use this attack during your first turn. 
| Search your deck for a card that evolves from this Pokémon 
and put it onto this Pokémon to evolve it. Then, shuffle 
| your deck. 
weakness @x2 | resistance a retreat) | 
Ilus. Tetsu Kayama Using telepathy only fellow Exeggcute can pick 
(G20 001/101 © up on, they always form a cluster of six. 
iz ©2024 Pokémon / Nintendo / Creatures / GAME FREAK"
178,Zarude,"Yo Z “Gr SV. J! | 
ae Se Sen WZ 
is Ms v~Q FOX 
a eek a ae"
179,Black Kyurem ex,"BASIC Bee: ) 
p> Black Kyurem@2 230 © | 
LU | t Ui § x ta. 
bs If your opponent’s Active Pokémon is a & Pokémon, it is 
ppancnee 
now Paralyzed. — 3 
This Pokémon also does 30 damage to itself. is 
| mpesrel - is Knocked Out, your opponent takes: rize cards. . 
| O10 omen € Knocked Out, your opponent were rds >»"
180,Bruxish,"GBASIC,/r . a 
Bruxish -wllO@ 
at sl ie re 
NO..0779..Gnash Teeth Pokémon. HT:2:117.WT.41.9.bs., ” 
| @XITE® Counterattack 
If this Pokémon is in the Active Spot and is damaged by an 
attack from your opponent’s Pokémon (even if this Pokémon 
| is Knocked Out), put 3 damage counters on the Attacking 
| Pokémon. 
(Ox Big Bite 50 
| During your opponent’s next turn, the Defending Pokémon 
| can’t retreat. 
weakness 4 XQ resistance Td retreat >) : 
: When sunlight reflects on the ripples 
ples. Shiva ey crane: 
iH) 049/191 the waterall around sparkles brilliantly. 
i = {©2024 Pokémon / Nintendo / Creatures / GAME FREAK"
181,Quaxwell,"= Quaxwell 4 100 
ris wy ed es 
be See MY 
NO. 0913. Practicing Pokémon. HT; 3°11."" WT. 47.4 Ibs... 
r Aqua Edge 40"
182,Quaquaval,"‘STAGE, Ron ee LD ae 
== Quaquaval “Aw\70®@ 
ee ja \ 
2 TE & Wey Vv - 
ROR AY Li J i\ 
Ke NW Cee ja | 
NO.0914, Dancer PokémonsHT 5115.1, 136,5ibs. ” 
| @XTE®D Up-Tempo 
You must put a card from your hand on the bottom of 
your deck in order to use this Ability. Once during your 
| turn, you may draw cards until you have 5 cards in 
| your hand. 
—@O* Hydro Splash 120 
weakness 4 xD resistance Z at retreat KK 
a Dancingin ways that evoke far-away places, this 
pes nagimiso Pokémon mesmerizes all that see it. Flourishes of 
{H) 052/191 its decorative water feathers slice into its foes. 
162024 Pokémon Nintendo / Creatures GAME FREAK"
183,Smoochum,": Smoochum w30® 
») Delightful Kiss 
| Search your deck for up to 2 Basic ® Energy cards and 
attach them to | of your Benched Pokémon. Then, shuffle 
} your deck. 
weakness@ x2 resistance $8 -30) ext retreat | 
Ifits face gets even slightly dirty, Smoochum 
pee Save feet willbathe Rr cainly te jisbod gets “ice | 
| Osa) 075/191 @ Smoochum doesn’treally seem tocare. | 
ve ""©2024 Pokémon / Nintendo / Creatures /GAME FREAK ee"
184,Latias ex,"eZ Latias@X Av 210® 
la Y y Le | 
Skyliner 7 
\ Your Basic Pokémon in play have no Retreat Cost. r 
©©* Eon Blade 200 py 
During your next turn, this Pokémon can’t attack. f 
Pen OxD i resistance (8 -3Q_ TF hrest ok 7 2 
nee CTE a — When your Pokémon OX 
Dru epee Cocaine cake 
SW 2024 Pokemon nintendo s creatures / GAME FREE i =~"
185,Flittle,"BASIC“~¢ eye ay «anf 
Flittle p40 © 
| ARE Nhl» f ~ in oN wa 
f NO.,0955. Frill Pokémon. HT: 8""..Wi,3.3.bs. “i 
| Splashing Dodge 10 
|) Flip a coin. If heads, during your opponent’s next turn, 
| prevent all damage from and effects of attacks done to this 
| Pokémon. 
Weakness @) x2 resistance (8-30 ae vetveat ok 
3 Itspendsits time running around wastelands. 
iplencle Ifanyone steals its beloved berries, itwill 
(4) 6 094/191 @ chase them down and exactits revenge. _ 
©2024 Pokémon / Nintendo / Creatures / GAME FREAK ="
186,Gimmighoul,"BASIGy4 gue . v=, 
4 NO..0999..Coin Chest.Pokémon. HT: 1 \WilsLulbs A 
*) Minor Errand-Running 
Search your deck for up to 2 Basic Energy cards, reveal 
them, and put them into your hand. Then, shuffle your deck. 
| weakness @ x2 resistance ($4 -30) a retreat OK OK 4 ] 
| ee Itlives inside an old treasure chest. Sometimes 
sos itgets left in sh: it 
[SIE 0977101 @ Pe reslzesiezactaly apa 
(©2024 Pokémon / Nintendo / Creatures / GAME FREAK"
187,Trapinch,"BASIC, , 
aa OU uw 
INS X 
~~) iT gei 
aN SS Co) “ 
eg Say e085 
{©2024 Pokémon Nintendo reatures/ GAME FREAK"
188,Vibrava,"STAGE], \ (alt 
t \ olvesfromJrapinch 
Ss E f 
a j ad ©"
189,Flygon ex,"STAGES, ‘i ‘(ily 
Flygon@< 4310 
7 hs long as this Pokémon is on your Bench, prevent all damage done to this 
Pokémon by attacks (both yours and your opponent's). Z 
-—wi- AN bd 
=~ \j . eam foi 
ra a yp - 
OE ee 
j A ss ~ =e 
hen , Y 5) XS 
A) Reversing Storm 130 
| You may switch this Pokémon with | of your 
Pokémon. 
@©@®® Sonic Peridot \ 
This attack does 100 damage to each of your opponent's 
VW ~ Pokémon @X and Pokémon V. This attack’s damage isn’t 
affected by Weakness or Resistance. 
(weakness @ x2) | resistance W retreat >) \ 
wos © 2024 Pokémon / Nintendo / Creatures / GAME FREAK % bow"
190,Archaludon ex,"STAGE! ey / 
=< Archaludon@xx - 300 © 
= a iA a 
| 27D Assemble Alloy 
» When you play this Pokémon from your hand to evolve 
* | of your Pokémon during your turn, you may attach Up.» 
to 2 Basic Y Energy cards from your discard pile to'your . 
P Pokémon in any way you like. k 
22@ Metal Defender 220 
_. During your opponent’s next turn, this Pokémon has ni 
I Weakness. é 2 . 
‘Weakness @X2__| resistance @-30 gt retreat KOK * rea 
iff. Sban Graphics & ll When your Pokémonex 
is Knocked Out, your opponent takes 2 Prize cards. /"
191,Gholdengo,"STAGE |], i ee 
= Ra os 
oe \ Mily,- A 
= NO, 1000_Coin Entity Pokémon HT, 3'11."" WT. 66.1 Ibs. - 
1® Strike It Rich 30+ 
If this Pokémon evolved from Gimmighoul during this turn, 
this attack does 90 more damage. 
* x Surf Back 100 
: You may shuffle this Pokémon and all attached cards into 
| your deck. 
co ee"
192,Iron Crown,". Iron Crown geal 
PWC / etly i, / 
De og a VA 
| — NO..1023. Paradox Pokémon HT. 5'3""WT.343.9 Ibs. 
1 @ * Deleting Slashiseeees 
If your opponent has 3 or more BenchedRokemonvgthis 
attack does 80 more damage. AB 
issccce A 
iBescse 
(xa Slicing Blade 
: Bees ° 
[Wetkoess @x2 resistance @ -3() FP” REL, *DK : 
Taonescupposcdyan incident in which it 
plluss okagi Finenaisnninaiindasto cneverythingeround 
| 4) GOD 132/191 D © itoypitacas: Little cise ts known abbot tt. 
{©2024 Pokémon / Nintendo / Creatures / GAME FREAK"
193,Alolan Exeggutor ex,"PX noon Exepgutor 287 v300 © ° 
PC, | pos rom Exeggcte— Teg 
(Oe) palit yall etl Ya cdf og ons as” cd i 
way Vey / 5 
% CIC Tropical Frenzy 150 4 
You may attach any number of Basic Energy cards from 
Leb hand to your Pokémon in any way you like. SS, 
06 @ Swinging Sphene + 
f, Flip a coin. If heads, Knock Out your opponent's Active 
© Basic Pokémon. If tails, Knock Out | of your opponent's 
Benched Basic Pokémon. 
3 reakness jr a a Fk roe | )"
194,Altaria,"STAGE Id A re ay ; 
e=Altaria 4 120 © 
Ss ay 3 oe Pet | 
NO..0334_ Humming Pokémon HT, 3'7"" WT, 45.4 lbs.. “i 
© Humming Charge 
Search your deck for up to 2 Basic Energy cards and attach 
them to your Pokémon in any way you like. Then, shuffle 
| your deck. 
Ci) Cotton Wings 100 
Flip a coin. If heads, during your opponent's next turn, 
J) prevent all damage done to this Pokémon by attacks. 
— © 02024 Pokémon intendo/ Creatures GAME FREAK F ="
195,Dialga,"Fe aio aN 
Dialga 130@ 
bs ba I © Neos - =| 
FE vi ey . ‘x ts re. 
ai ea OW ihe foe 
oa x 4 al il 4 
t i [ee 
ok Time Manipulation 
Search your deck for 2 cards, shuffle your deck, then put 
those cards on top of it in any order. 
\©Y* Buster Tail 160 
iia resistance ¥ a retreat KK 
Illus. Takumi Wada APokémon Coen ‘of in legend. Itis said that 
‘{+)(G5E0) 735/191 * time began moving when Dialgawas born. 
= 1€2024 Pokémon /Nintendo/Ceatres/GAME FREAK is"
196,Turtonator,"Basic 1)I0N@ 
wl UY 
j peas 
m NO, 0776 Blast Turtle Pokemon HT. 6'7 _WT: 467.4 Ibs. ai 
¢ Fully Singe 
pa i ina Se Be 
] gl OOK) 
162024 Pokdmon/Nieando/Crestres/ GAME FREAK"
197,Swablu,"BASIC,” 
Swablu w50 
ial g BI Ge Ia] 
Nae Ure 
VND Y/- eh 
Die NN ( ace 
Ge $ ele INS 
| FAS ) DE 
x Disarming Voice 10 
Your opponent’s Active Pokémon is now Confused. 
westnos D2 | reste BO ye reveat 
Illus. sowsow ‘ Itcan‘trelaxifitorits furoureite sa ae 
GED 148/191 clean. Itwipes off dirt withits wings, 
""G2024 Pokémon / Nintendo /retures/ GAME FREAK =z"
198,Durant ex,"we y, Za ap 
7 Ability iG earing = 
Be wens @ XD |] roivane * = Ce Ni 
$sPau eg (Sorted Ou yor opponent takes 2 Pre ear"
199,Scatterbug,"(BASIC, Af Te 
Sb al 
y, es d f~ 
nT Le aS 
NO. 0664. Scatterdust Pokémon. HT..1WT,.5.5 Ibs.. 4 
Ey) IE 2 
{62024 Pokemon Nintendo returs/ GAME FREAK"
200,Spewpa,": P ee mt 7 A 
a i ks ; 
Sgamee 
o sd a ~ sig | 
*) Wander About 
Switch this Pokémon with | of your Benched Pokémon. _ 
iC) Tackle 30 
weakness @) x2 resistance retreat KK j 
= 0 WSpewpadoesntiivelna fixed location. itroams 
rere where pleasesa 4 Peiicand aa s| 
| (EE 0067191 en building up the energy itneedstoevolve. _"
201,Wo-Chien,"er Ga Pa P) 
ae OaNXe SY pa “ee 
< ae Rh, nt 
em | RES ww 
m NO..1001. Ruinous Pokémon. HT; rime WT, 163.6 Ibs. ai 
3 @ j Pa KK"
202,Victini,"BASIGu@u ge ges i 
Victini wl 
= rate 
| Dal ‘i me yg > 
a NO.0494. Victory Pokémon. HT.1'4""WE:8.8 bs. wh 
Attacks used by your Evolution # Pokémon do 10 more 
damage to your opponent's Active Pokémon (before applying 
Weakness and Resistance). 
Ox» Flare 30 
weakness © x2 __ resistance oO retreat OK 
This Pokémon brings victory. Itis said 
“aaplelle that Trainers with Victini always win, 
(G5) 021/191 @ regardless of the type of encounter. 
a ©2024 Pokémon / Nintendo / Creatures / GAME FREAK"
203,Skeledirge,"STAGES, ° y 
—“ Skeledirge w 180 @ 
Ga Nes i 
ii 0 oe s 
it / x N os XG £ 
LSS Cae : 
a NO. 091.4. Singer Pokémon. HT.5'3"" WE:719.8 Ibs. wh 
Prevent all effects of attacks used by your opponent’s 
Pokémon done to this Pokémon. (Damage is not an effect.) 
1O* Torcherto 60+ 
|} This attack does 20 more damage for each Benched 
Pokémon (both yours and your opponent's). 
weakness © x2 __ resistance Sed retreat KKK 
: Skeledirge’s gentle singing soothes the souls 
iis heel ofall that heart. It burns its enemies toa crisp 
(HGS) 031/791 & with flames of over5,400 degrees Fahrenheit. 
a ©2024 Pokémon / Nintendo / Creatures / GAME FREAK a"
204,Charcadet,"BASIGyudg ee anh 
=e Charcadet ~~ 80@ 
2 r Ns oS 
is ‘S as 
THe wNY 
- NO..0935. Fire Child Pokémon. HT;.2'. WT; 23.1. lbs. 
() Light Punch 10 
@@®* Flamethrower 70 
Discard an Energy from this Pokémon. 
ee ssw"
205,Scovillain ex,"STAGE), ° ° 
y~ Scovillain@< 4.260% 
wa oe J 
As long as this Pokémon is in play, it is @ and @& type. 
Ow Spicy Rage 10+ 
This attack does 70 more damage for each damage counter 
‘on this Pokémon. 
1S EE EEE Eee 
weakness @ x2 resistance retreat 2k Ok 4"
206,Feebas,"GBASIC, 7 = 
Feebas ~ w30@) 
~et Dy at “eae mae 
Bowe | \ @\ CRT ein 
Lal a, SS ate So iT 
A NO..0349. Fish Pokémon, HT.2:.WT.16.3.lbs, ” 
> Leap Out 
Switch this Pokémon with | of your Benched Pokémon. 
Weakness 7 |, resistance Ded retreat : 
ss {tis the shabbiest Pokémon ofall, 
es. Kodo (ee cAhcols and ives nn 
ik (G2) 041/191 © bottom of rivers that teem with plantlife. 
as _€2024 Pokémon / Nintendo / Creatures / GAME FREAK me"
207,Milotic ex,"XMiloticex _ #2706 
Q |. Evolves fromFeebas. Th 
jae SN 
RK \ Vo ge * 
\ NRE “Al 
(ff IE®D Sparkling Scales 
~ Preyent all damage from and effects of attacks from your 
opponent's Tera Pokémon done to this Pokémon. 
\\ Your opponent's Active Pokémon is now Asleep. 4 
\Vj weakness 4 xQ resistance dh retreat KK 
Ne ‘ Pokémon CX rule aja Your Pokémon €X W, 
Nr rr atria your opponents 2 ie ay “| 
erecta nintendo crescent OF — 7,"
208,Shellos,"| 5) ee eae 
<{ oy a oy 
| HH Sprinkle Water 30 
illus. Shinya Komatsu This Pokémon can often be seen along seashores. It’s"
209,Chien-Pao,"BASIC ° > 
A\ ee ae! 
NO..1002. Ruinous Pokémon. HT..6'3""..\Wi335,5:lbs. A 
GED Snow Sink 
When you play this Pokémon from your hand onto your 
Bench during your turn, you may discard a Stadium in play. 
®©@®* Icicle Loop 120 
Put an Energy attached to this Pokémon into your hand. 
“weakness x2 resistance Z ed retreat 
Iles. Yuya Oka The hatred of those who perished by the sword long 
(4) (E20 056/191 & ago has clad itself in snow and become a Pokémon. 
{©2024 Pokémon / Nintendo / Creatures GAME FREAK"
210,Pikachu ex,"BASIC ° Lo] = Ci é 
7 anova 
‘As long as this Pokémon is on your Bench, prevent all damage done to this. 
Pokémon by attacks (both yours and your opponent's). A 
a re gy ( (ee 
a *\ ae hs 
S a /, aft 
A Jp ay ® > 
ZED Resolute Heart “4 
Ue j, this Pokémon has full HP and would be Knocked Out by i, 
// damage from an attack, it is not Knocked Out, on X 
é ‘remaining HP becomes 10. &y 
Y@A® Topaz Bolt 
V Discard 3 TT from this Pokémon. . 
© (weakness 2 /n) sistance ce re a 
Sere | Ve <a"
211,Magneton,"_ al SSS 
STAGE], ) 
2 Magneton ywl004 
— ye as 
wi i 7 aA 
| Bee Va ey = 
= Ss ae E SN 
@XIED Overvolt Discharge 
Once during your turn, you may attach up to 3 Basic Energy 
cards from your discard pile to your 7 Pokémon in any 
way you like. If you use this Ability, this Pokémon is 
| Knocked Out. 
4) x) Electric Ball 40 
""| weakness @ x2 | resistance a retveat K) 
Ilus. Nisota Niso They're formed by several Magnemite linked together. 
©) 3 050/191 © They frequently appear when sunspots flare up."
212,Rotom,"qeasic/ ; 
meerRotom __ 804) 
y Crushing Pulse 
Your opponent reveals their hand. Discard all Item cards 
and Pokémon Tool cards you find there. 
DD Energy Short 20x 
This attack does 20 damage for each Energy attached to 
_ your opponent's Active Pokémon. 
weakness @) x2 | resistance F retreat 2k) : 
Ils. Shinya Mizuno Research continues on this Pokémon, which 
(G29 061/191 © could be the power source of aunique motor. 
{Pokémon / Nintendo / Creatures GAME FREAK"
213,Tapu Koko,"CBAsic,/+ — “aN (DD 
Tapu Koko w 1204 
Lx ye 
te ape BF WINE 
NERY ] la LON AN 5 
NO..0785._Land Spirit Pokémon. HT. 5’ 11."" WT. 45.2 Ibs. a 
* Summon Lightning 
Search your deck for up to 2 4 Pokémon, reveal them, and 
put them into your hand. Then, shuffle your deck. 
44) Prize Count 90+ 
If you have more Prize cards remaining than your opponent, 
this attack does 90 more damage. 
weakness @) x2 | resistance a retveat K) 
nee = Although it’s called a guardian deity, if 
HGS) 065/191 x will becomea malevolent deity and attack. 
{©2024 Pokemon / Nintendo / Creatures GAME FREAK"
214,Togekiss,"STAGED, oye ey) la 
a “Togekiss Aw 140 © 
BP: aon O° ou 
| | aa re ia 
ho ea Ferg F 
| GED Wonder Kiss 
| When your opponent's Active Pokémon is Knocked Out, 
|) flip a coin. If heads, take | more Prize card. The effect of 
|) Wonder Kiss doesn’t stack. 
* > Speed Wing 140 
weakness“ x2 __ resistance gl retreat OK 
These Pokémon are never seen anywhere 
ee Naa Bir ortictor turmoil in receneeea 
1) G25) 072/191 & they've hardly been seenatall. 
{©2024 Pokémon / Nintendo / Creatures / GAME FREAK a"
215,Uxie,"mUxie Ty 700 
© Painful Memories 
|) Put 2 damage counters on each of your opponent’s 
Pokémon. 
: YOGONOSUKE eee. s “The Beingot Knowledge” Iissaidth 
BN 9 62024 Poktmon/nintendo/Crestres/GAMEFREAK"
216,Mesprit,"GBASIC, ° yo 7 
a Berne eis 
G NO..0481., Emotion Pokémon HTi1:.W0.ZIbs. 
1) Full Heart 
| Attach up to 2 Basic ® Energy cards from your hand to 
] your Pokémon in any way you like. 
©@© Guardian Burst 160 
| If you don’t have Uxie and Azelf on your Bench, this attack 
} does nothing. 
weakness @) x 2 resistance (83) - 30. Z a retreat | 
Mlus. HYOGONOSUKE Knownas “The Being of Emotion.” Ittaught 
hi he nobility of ;, pain, and joy. 
| 1D) sera) 079/191@ a Be ie sorrow, pain joy. 
{©2024 Pokémon / Nintendo / Creatures GAME FREAK"
217,Azelf,"GBASIc, yo a } 
Ee Azelf ‘ fa w70 © 
t — NO..0482.. Willpower Pokémon. HT 1..WT0,7, Ibs. Al 
© * Neurokinesis 10+ 
| This attack does 10 more damage for each damage counter 
| on all of your opponent's Pokémon. 
Weakness @Q) x2 resistance (#8) -30. FZ retreat OK | 
lus. HYOGONOSUKE Knownas “The Being of Willpower.” Itsleeps at the: 
bottom of alake to keep the world in bal | 
| D)sta) 080/191 @ eine a foro spo e world in balance. j 
©2024 Pokémon / Nintendo / Creatures / GAME FREAK a"
218,Yamask,"BASIC, = 
ll Yamask w70 © 
3 Yh) S K re 
| Sd KGS (Weg 
© Mumble 10 
| © * Petty Grudge 20 
“weakness @) x 2 resistance a= 30 Leet retreat OK) Ok 4 | 
alate ee ccictre oe 
q srs} 082/191 @ ithad when itwas still He |"
219,Cofagrigus,"STAGE], . J ~ 
ey Cofagrigus 7w120© 
La ae ft 
sa / SS o : 
y Ss \ i 
© Law of the Underworld 
Put 6 damage counters on each Pokémon that has an Ability 
(both yours and your opponent's). 
® * * Spooky Shot 100 
} weakness @) x 2 resistance (38-30, a retreat 2K OK 
| tos. Shiburingary This Pokémon has a body of sparkling gold. People 
f (+) G9 083/197 * say itno longer remembers that it was once human. 
{©2024 Pokémon / Nintendo / Creatures GAME FREAK"
220,Espurr,"BASICyd = yy , > 
NO..0677_ Restraint Pokémon. HT,.1"" WT. 7.7 lbs. ra 
*) See Through 
Your opponent reveals their hand. 
sox Psyshot 20 
ea Ey Ee eee 
Ils. Natsumi Yoshida Behind an Espurr’s expressionless faceisa 
{h) 084/191 @ frantic struggle to contain psychic power. 
©2024 Pokémon / Nintendo / Creatures / GAME FREAK a"
221,Meowstic,"Usracel, Geers” ee, ANnwa) 
Sac q >, Se y 
| gs Bw ’y th a PR vile 
t NO..0678. Constraint. Pokémon. HT.2:.WZ.18.Z.bs. A 
|) 27 Beckoning Tail 
You must discard a Chill Teaser Toy card from your hand 
in order to use this Ability. Once during your turn, you 
may switch in | of your opponent's Benched Pokémon to 
| the Active Spot. 
weakness@ x2 resistance $2 -30Q) ex retreat >) | 
c it Yoriyuki Ikegami If Meowstic continuously emits its powerful 
065/190 psychic energy, itwill damage its own body. 
ie ""©2024 Pokémon / Nintendo / Creatures /GAME FREAK ———"
222,Dedenne,"BASIC, ~ ee wad nS 
= Dedenne ~ »J0® 
ler WA J) 
ee =, Ms i> fo 
NO..0702. Antenna Pokémon HT. creer 4.9 Ibs. - “ 
*) Electromagnetic Sonar 
Put a Trainer card from your discard pile into your hand. 
Sins @x2 resistance 3 a retreat 
ah Dedenne emit electrical waves from the whiskers 
ipl ‘on their cheeks to communicate with each other. 
(2) 087/191 @ When low on electricity, they curl upandsleep. 
{©2024 Pokémon/ Nintendo / Creatures / GAME FREAK"
223,PalossandEX,"2 Palossand@x _ 42800 
hs long 25 this Pokémon is on your Bench, prevent all damage done £0 this 
N JA Pokémon by attacks (both yours and your opponent's). 
BY 4 val | 
en At, Te 
Oi “ral 
wii LS 5 ss 4 ""y w 1 
* Sand Tomb 160 
E 1g your opponent's next turn, the Defending Pokémor 
y can’t retreat. ro 
©O®8 Barite Jail 
Put damage counters on each of your opponent's Benched 
, Pokémon until its remaining HP is 100. \N 
4 weakness @) x2 | resistance @-3O ge retreat kK KK | . 
ars {©2024 Pokémon /Nintendo / Creatures / GAME FREAK \\ a."
224,Annihilape,"STAGED, Pn Oe Jee 
“=—""Annihilape 4 140 
: . ye ae me VAN 
On age + Vda? 
(eS eB WY; 
ae A/a « “TR 
NO. 0979. Rage Monkey Pokémon. HT. 3°11."" WT. 123.5 Ibs. 
i) Tantrum 130 
© This Pokémon is now Confused. 
@ x Destined Fight 
F Both Active Pokémon are Knocked Out. 
weakness © XQ | resistance el reves rs Sd 
eo ae Cl 
— We2t24 Pokémon Nintendo Cretues/ GAME FREAK"
225,Gastrodon,"UGstaceIydg D. iin) 
ls, ‘Gastrodon Aw 130 
( ONAN VAS, 
mS | WA) - gle ae 
oy SES 
te , Pal 
( Ability ) 
As long as this Pokémon is on your Bench, Benched Stage 2 
Pokémon (both yours and your opponent's) have no Abilities. 
| weakness @ x 2. resistance at retreat KOK OK 
| of Itappears on beaches where the waters are 
ie: See shallow. Once itcatches prey, itwill slowly melt 
| HG 107/191 x them with itsmucus before slurping themup. 
eee {©2024 Pokémon / Nintendo / Creatures GAME FREAK a)"
226,Koraidon,"GBASIGd 5 EYAL 
Koraidon ae 1308) 
Yall \ Gee 
Pe yada a es 
Me A D~ ai Sw SS SJ 
1 ok Unrelenting Onslaught’ <30* 
If | of your other Ancient Pokémon used anvattackiduring 
your last turn, this attack does 150 more damage 
+@@x* Hammer in 110. 
cet ORD { naiene y oo 
Theecemstobetheuineed kinamentioned 
Mes Cyt (iso inencldexpedition jotenabinwasetet, - 
HEE 767191 Tevou thal ete exten 
©2024 Pokémon / Nintendo / Creatures / GAME FREAK F ‘ ="
227,Deino,"BASIC he. Te 
D4 we | : Fs oN 
\taeg ft 
Of Uy, ~ 
cae x } uy ee 
NO..0633. Irate Pokémon, HT, 2:72. WWE 38. lbs 
© Stomp Off 
Discard the top card of your opponent’s deck. 
weakness @)x 2 _ | resistance Fa retreat (8 
Itnests deep inside a cave. Food there is 
Illus. YASHIRO Nanaco y 
scarce, so Deinowill sink its teeth into 
o 117/191 @ anything that moves and attempt to eat it"
228,Zweilous,"STAGE], A RK eo 
—~ Lweilous 100 ® 
| jeE wolves from Dein Oss -_ 
© Stomp Off 
Discard the top 2 cards of your opponent’s deck. 
© e262 Darkness Fang 60 
weakness @)x 2 _ | resistance 7” retreat E263 
The two heads have differentlikes and dislikes. 
pe slat Because the heads fight with each other, Zweilous 
O (8) 118/191 gets stronger without needing to rely on others 
{62024 Pokémon Nintendo reatures/ GAME FREAK"
229,Hydreigon ex,"(STAGE, ° Y “a 
| ew Hydreigonex mek 
As long as this Pokémon ison your Bench, prevent all damage done to tis 4 
Pokémon by attacks (both yours and your opponent's). y 
LE NV GES, 
4 ee ee y 
( YN Va PA 
jee PN RIOR 
ZO* Crashing Headbutt 200 
Jom the top 3 cards of your opponent's deck. 
This attack also does 130 damage to 2 of your opponent's : 
Benched Pokémon. (Don’t apply Weakness and \ Wee . 
for Benched Pokémon.) \ 
Pokémon eX rule gf i > 
Pn. con ex . : ‘When your Pokémon @X 
y 1, sa) ee oe, Mi Knocked Out, your ‘opponent takes 2 Prize cards. y 
Or 2024 Pokémon’ Ninel Gestures GAMEFREAK |"
230,Pecharunt,"== Pecharunt 30 © 
} Eo | a Pon, 
= x ere 
ate Wy phe 
Cet UA he fat 
As long as this Pokémon is in the Active Spot, put 5 more 
damage counters on your opponent's Poisoned Pokémon 
during Pokémon Checkup. 
OS® Poison Chain 10 
Your opponent's Active Pokémon is now Poisoned. During 
your opponent's next turn, that Pokémon can't retreat. 
seals O)%.2. 0 | olives Fa 
O Sta) 4494 and érves them to peoplatind Pokemon,"
231,Tatsugiri ex,"oe Tatsuginic® 7160 - 
~~ ‘bs long as this Pokémon is on your Bench, prevent all damage done to this 
Pokémon by attacks (both yours and your opponent's). ‘ Tt 4 
“I O@ Surprise Pump 100 
b pthis attack’s damage isn’t affected by any effects on your 
wg’ Active Pokémon. 4 
$@@O@OQ Cinnabar Lure 
Look at the top 10 cards of your deck. You may put any 
number of Pokémon you find there onto your Bench. 
Shuffle the other cards back into your deck. \S 
! = nes | resistance — aleve a 4 \ 
Z illus: Sban Graphics Pokémon €X rule af When your Pokémon ex ) 
£5, 50 4 4.) ({ knocked Out, your opponent takes 2 Prize card 
al j Pe. i eae: UN Corer + ,"
232,Slaking ex,"‘STAGES, ag y/ \ 
sax Slaking@x oar3d40 * 
he S/ e AW ny $7 
» Born to Slack y 
J If your opponent has no Pokémon @X or Pokémon Vin P 
wy) play, this Pokémon can’t attack. 4 
* Great Swing 280 j 
|__ Discard an Energy from this Pokémon. 4 
weakness @ x2 | gfesistance A retree HHKA Lo 
iit Panera Igorashi < ee sil — a wi ii Y 
4) anism CWegeeegdout rou cpronent.takes 2 Price carta 
2 <i, . ©2024 Poke mopamintende / Creatures / AME FREA"
233,Bouffalant,"GBASIG, Le aN 
Bouffalant w 130% 
y van g | 
OP APs Me 
i ue il 
Ss + a. ve 
\-. FS Giga tify 
NO..0626..Bash Buffalo Pokémon. HT.S'3”..WT.208.6 Ibs. / 
* O&K) Ready to Ram 40 
During your opponent’s next turn, if this Pokémon is 
|| damaged by an attack (even if this Pokémon is Knocked Out), 
put 6 damage counters on the Attacking Pokémon. 
®) &) A) OK) Smashing Headbutt 150 
_ Discard 2 Energy from this Pokémon. 
weakness @ x2 | resistance a retreat HK 
| aa These Pokémon can crush acar with no more than 
pi, Aneel Cyrars aheadbutt. Bouffalant with more hair on their 
| GD 151/191 © heads hold higher positions within the herd. 
ca ©2024 Pokémon / Nintendo / Creatures / GAME FREAK ae"
234,Terapagos,"GBASIC,/—- — JannQ| 
Terapagos w 120% 
yr y 2 la 
ZF Y S&S 
i a Sy 
» y i \ By a DA 
NO..1024, Tera. Pokémon. HTi1.\Wi.35.3.Ibs. // 
*) Prism Charge 
Search your deck for up to 3 Basic Energy cards of different 
types and attach them to your Tera Pokémon in any way 
you like. Then, shuffle your deck. 
*) >) Hard Tackle 100 
weakness @ x2 | resistance at retreat HK 
The shell is made of crystallized Terastal energy. 
pe SOO When struck b this shell absorbs th 
(GD 161/191 Fv «hay at tansters 0 Tea 
£2024 Pokémon / Nintendo / Creatures GAME FREAK"
235,Budew,"Budew — w30@ 
ie Gags = sid f y | 
») Itchy Pollen 10 
During your opponent’s next turn, they can’t play any Item 
cards from their hand. 
weakness @) x2 resistance oA retreat 
oe The pollenit rel tains poison. 
Cael won cea 
(GE 004/131 @ the poison’s toxicity is increased. 
(©2025 Pokémon / Nintendo / Creatures / GAME FREAK y"
236,Leafeon ex,"Leafeon@< “270 
4 As long as this Pokémon is on your Bench, prevent all damage done to this 
Pokémon by attacks (both yours and your opponent's). y y 
QOYN ep AT 
kay SNe oree 
ZS a, N ay 
“@* Verdant Storm 60x 
This attack does 60 damage for each Energy attached to 
«all of your opponent's Pokémon. 
A @@eO Moss Agate 230 
Heal 100 damage from each of your Benched ANS WN 
(weakness x2) resistance > a meetreat HK re . . 
© am i ut, your opponent rine cards. 4 
te | PGs | tanyshortmon intendo/cmatures/GAMERREAK {> QE"
237,Cottonee,"GBASICg/ F 
Cottonee »0@ 
g Ome 
@ Triple Spin 10x 
Flip 3 coins. This attack does 10 damage for each heads. 
weakness @) x2 resistance oA retreat >) 
Itshoots cotton from its body to protectitself. 
pts Kyoko Umemote Ifitgets caught up is Bie strenath wine 
(GE 007/131 @ itcan get sentto the other side of the Earth. 
(©2025 Pokémon / Nintendo / Creatures / GAME FREAK"
238,Whimsicott,"Whimsicott 4,100 @) 
SS) e re f 
| angers wie ail 
NO..0547. Windveiled Pokémon. HT:.2'4"" WT. 14.6 Ibs.. 
TED Wafting Heal 
When you play this Pokémon from your hand to evolve 
| of your Pokémon during your turn, you may heal all 
|| damage from your Active @ Pokémon. If you healed any 
damage in this way, discard all Energy from that Pokémon. 
8 Seed Bomb AO 
weakness @) x2 resistance 7 retreat >) ’ 
: Itscatters cotton all over the place asa prank. If 
pes Mizus, it gets wet, it'll become too heavy to move and 
{4)(@E5) 008/131 & have no choice but to answer for its mischief. 
. {©2025 Pokémon / Nintendo /Creatures/ GAME FREAK"
239,Flareon ex,"a Flareon@< 42708 
;| ap Wf hs tong as this Pokémon is on your Bench, a yy 4, 
\N YA rokéron by attacks (both yours and your opponent’). My . 
ie A fs “ie 
‘i = x a SS 
Zs 5 Y ow 
(Ox Burning Charge 130 
oe Search your deck for up to 2 Basic Energy cards and attach 
them to | of your Pokémon. Then, shuffle your deck. 
@Q@ Carnelian 280 
During your next turn, this Pokémon can’t attack. ‘ 
x Aveainess @ X2 resistance WEY retreat 2K k 
E ete. ban a 
(HE) onéa Ke A Knocked Out, your opponent takes 2 Prize cards. 7 
aj (oe commarercll caves AMERICA Da is"
240,Seaking,"STAGE], A . iy > 
220 Seaking wll @ 
olves fromGoldeen re 
A V MA Ce Pet 
(ep Wiese ‘4 
NO..0119. Goldfish. mes HT.4'3"" WT. 86 Ibs. a 
GED Festival Lead 
If Festival Grounds is in play, this Pokémon may use an 
attack it has twice. If the first attack Knocks Out your 
opponent's Active Pokémon, you may attack again after 
| your opponent chooses a new Active Pokémon. 
*) Rapid Draw 60 
| Draw 2 cards. 
weakness 4 xD resistance Z >, retreat OK 
lus. Nelnal Inautumn, its body becomes more fatty in preparing 
{H) (GA) 021/131 @ to propose toa mate. It takes on beautiful colors. 
{©2025 Pokémon / Nintendo Creatures / GAME FREAK"
241,Vaporeon ex,"STAGE/I) cS / é 
‘As long as this Pokémon is on your Bench, prevent all damage done to this 
Pokémon by attacks (both yours and your opponent's). 
! fi — may 
‘Ss we ys oe 
a iP MEAS > ASI, 
@* Severe Squall ¢ 5 
This attack does 60 damage to each of your opponent's. 
Pokémon @X. This attack’s damage isn’t affected by 
Weakness or Resistance. pe 
- @ Aquamarine 280 
During your next turn, this Pokémon can’t attack. ‘ 
(weakness 4 XQ | resistance = ge retreat >) 2K 
cee) | SAS” ornas filemon’ Nintendo /crestures/GANE FREAK +e"
242,Feebas,"GBASIGy/ mee antl 
Cy Flail 10x 
| This attack does 10 damage for each damage counter on 
| this Pokémon. 
weakness 47 XQ resistance ced retreat OK 
Mus. Scay. {tis the shabbiest Pokémon ofall. 1t forms schools and 
| [+\(U) gaoyzer ©: lives at the bottom of rivers that teem with plantlife. 
’ ©2024 Pokémon / Nintendo / Creatures / GAME FREAK"
243,Glaceon ex,"STAGE) wi é 
eX Glaceon@X A270 @ 
ep Evolves from! — ja 
hs long as this Pokémon is on your Bench, prevent all damage done to this 
Pokémon by attacks (both yours and your opponents). 
ap oF S 7 
£ @x Frost Bullet 110 
UZ This attack also does 30 damage to | of your opponent's 5 
Benched Pokémon. (Don’t apply Weakness and Rese 
for Benched Pokémon.) \ SY Ni 
@@®@ Euclase ONS 
7/4 Knock Out | of your opponent's Pokémon that has exactly” 
4 6 damage “I on it. \ \ A 
aa Se if - mm en AN N NY 
Greeainess x2 1 /Fesistance » 7 ee » 
Fay a JY 9 Pokémon eX rule Mien your"" Rn ox / 
Bs pete? yee is Knocked Out, your opponent takes 2 Prize cards. 7,"
244,Jolteon ex,"STAGE) ‘ ea Saye > A 
“S Jolteon@X #260 4) 
/ ves << ST 
| /~ hs long as this Pokémon is on your Bench, prevent all damage done to this. Ae @ 
‘(Pokémon by attacs (beth yours and your opponent). 
at y eS 
or he NATE) es 
e< Nee : a 
PS 4) ®) Flashing Spear 60+ | 
You may discard up to 2 Basic Energy from your Benched 
~ Pokémon. This attack does 90 more damage for each card 
yu discarded in this way. = 
During your next turn, this Pokémon can’t attack. \ 
i. HEA wa a\. AN 
(Peeves @x2 | resistance Zz Ly gg retreat >)"" 
é Pokémon @X rule ox ¥ 
eo) ose & is Knocked Out, your opponent takes 2 Pri: ds. ZN 
eS bam GI fect cre eid te cee \\ RT Yoon"
245,Alakazam,"(STAGE = 4 BR DEG 
gz 7 4 YESS Pe a) 1 
NZ. “OM ‘ ks. Ge, 
ny Ps Nite: - : \. Wess 
le Si) JON i E} 4 
le Cf ee 5 SSRN 
cd ae SF) ORD Cet 
VISSER: AEN BESS: 
© Strange Hacking 
|) Your opponent's Active Pokémon is now Confused. You 
may move any number of damage counters from your 
‘| opponent's Pokémon to their other Pokémon in any way 
you like. 
© Psychic 10+ 
_ This attack does 50 more damage for each Energy attached 
to your opponent's Active Pokémon. 
weakness @) x2 resistance (8-30 a retreat i 
w Ithasan incredibly high level of intelligence. 
pe Mecca ee Some say that Alakazam remembers everything. 
(+)DE) 062/167 & __ that ever happens toit, from birth till 
£©2024 Pokémon / Nintendo / Creatures / GAME FREAK F"
246,Espeon ex,"STAGE] yo ey ¢ 
py Espeon@x _ “2/00 
ep Pas lows ws tite Foxtaront ts on your Bench, revert sicdaaet™ dee a ae 
‘ _ Pokémon by attacks (both yours and your opponents), y, / 
Discard a random card from your opponent's hand. Ay es 
© @©OO@ Amazez “2 
4 Devolve each of your opponent’s evolved Pokémon by 
’ shuffling the highest Stage Evolution card on it into your 
opponent's deck. 
Gea Kness @ x2 | resistance 3-30 gh etreat AY 
A... ee’, ey | Sukie hd Z When your Pokémon EX 
Lh. is Knocked Out, your opponent takes 2 Prize cards. y 
: PPR c2025 pokemon’ nintendo cicaurs/ GAME FREAK pe"
247,Swirlix,"BASIC~~/@ ee Ty rnam 
y~ Swirlix w)0 © 
iN =a A. 
NO..0684.. Cotton. Candy Pokémon. HT.1:47.WI.7.ZIbs. hi 
ZV Festival Lead 
If Festival Grounds is in play, this Pokémon may use an 
attack it has twice. If the first attack Knocks Out your 
opponent’s Active Pokémon, you may attack again after 
your opponent chooses a new Active Pokémon. 
|® Sneaky Placement 
| | Put 2 damage counters on | of your opponent's Pokémon. 
weakness > x2 _resistance Toe retreat 
Iles. Akira Komayama Iteats its own weight in sugar every day. Ifit doesn’t 
TH)MULE) 989/167 @ get enough sugar, it becomes incredibly grumpy. 
{©2024 Pokémon / Nintendo / Creatures / GAME FREAK"
248,Umbreon ex,"STAGE], LJ > 4 
— Umbreon@X ¢yk:{0) © 
( ‘As long as this Pokémon is on your Bench, prevent all damage done to this 
N Pokémon by attacks (both yours and your opponent's). 
ideiata & ‘eae 
iA UL + GS 
%/@** Moon Mirage 160 
Your opponent's Active Pokémon is now Confused. i 
4OOQ Onyx = 
Discard all Energy from this Pokémon, and take a Prize card. a 
red | x WN 
]]] * J Pokémon ex rule A’ When your Poké ‘ox WH 
BD. ccteres yen your Pokémon 4 
PO, rea) Ea te, Me is Knocked Out, your opponent takes 2 Prize cards."
249,Eevee ex,"a Cas 
fe Cs 
BASIC » © 
*~ As long as this Pokémon is on your Bench, prevent all damage done to this 
I Pokémon by attacks (both yours and your opponent's). 
. SU Sean’ 
s \ PS SN 
ee Na) y eS 
This Pokémon can evolve into any Pokémon @X that % 
evolves from Eevee if you play it from your hand onto this 
~~ Pokémon. (This Pokémon can’t evolve during your first turn or 
a the turn you play it.) ' 
y 96 4 Coruscating Quartz 200 © 
€ weakness @) x2 4) resistance arge retreat HY NW 
IE (ED 075/121 PGS SEL ETEMEL TNT ee é 
mrs “vs aif Pokimon intends creature cae FREAK q"
250,Hoothoot,"BASIC g 
Hoothoot 80 O&K) 
an ‘5 Mari CLEAR IDN 
| This Pokémon can’t be Asleep. 
PH Tackle 20 
weakness(4) x2 | resistance @ -30, ~, retreat 2K) OK) 
{OO} PRE 077/131 @ a versed in the ways of the world, 
BIIGGOG5 Potdmon/ Nien creatures GAME FREAK"
251,Regigigas,"GBASIC eo. 
Regigigas w 160% 
a. / Qo ot 
‘ a se ray © <f 
| Wow HAW Jewel Breaker 100+ 
If your opponent's Active Pokémon is a Tera Pokémon, this 
attack does 230 more damage. 
weakness @ x2 | resistance aA retreat KKH 
Ils. chibi Itis said to have made Pokémon that look like itself 
GED osc/131 © froma special ice mountain, rocks, and magma. | 
I caer ©2025 Pokémon / Nintendo / Creatures / GAME FREAK : |"
252,Caterpie,"Caterpie ~ w50@ 
Tl) ae 
SOM Tw 
@ Bug Bite 20° 
oS ae SE 
weakness @x2Q | resistance retreat >K) 
oo Ly a 
Mlus. Shimaris Yukichi Its short feet are tipped with suction pads that 
(te) 001/159 @ enable itto tirelessly climb slopes and walls."
253,Metapod,"STAGE)], M y 
ra HO Whe 
NO..001.1.. Cocoon Pokemon. HT:.2'4"" WT.21.8 Ibs. of 
2 Harden 
During your opponent's next turn, prevent all damage done 
to this Pokémon by attacks if that damage is 60 or less. 
weakness @ x 2 resistance z it retreat 2K) OK) OK 
Mus. OKUBO Even though itis encased ina sturdy shell, the body 
(1) G2 002/159 @ inside is tender. It can’t withstand a harsh attack. 
{©2025 Pokémon / Nintendo / Creatures GAME FREAK"
254,Butterfree,"(grace, A y 
<= Butterfree 120 
@ Scale Hurricane 60x 
Flip 4 coins. This attack does 60 damage for each heads. 
If at least 2 of them are heads, your opponent's Active 
Pokémon is now Paralyzed. 
weakness @ x2 | resistance A retreat ok | 
lus. sotoma Itcollects honey every day. It rubs honey onto 
(1) (Ge) 003/159 the hairs on its legs to carry it back to its nest. 
(©2025 Pokémon / Nintendo / Creatures / GAME FREAK"
255,Maractus,"“BASIC i % a ) 
“<Maractus NO. 
eee ty 
RS = oe a SL yf 
A NO..0556..Cactus Pokemon. HT:.3'3""_WT:.61.7.Ibs.. 
If this Pokémon is in the Active Spot and is Knocked Out 
by damage from an attack from your opponent's Pokémon, 
| put 6 damage counters on the Attacking Pokémon. 
*) Corner 20 
During your opponent's next turn, the Defending Pokémon 
_ can’t retreat. 
""weakness @ *2Q | resistance ee retreat OK OK) | 
Pe. Once each year, this Pokémon scattersits seeds. 
ie —__They/re jam-packed with nutrients, making them 
(Ga) 008/159 — ——_—_apreciousfood source out in the desert. 
"" - ©2025 Pokémon / Nintendo / Creatures / GAME FREAK ae"
256,Magmortar,"vy “Magmortar 701308 
During Pokémon Checkup, put 3 more damage counters 
on your opponent’s Burned Pokémon. 
@®@®* Searing Flame 90 
Flip a coin. If heads, your opponent's Active Pokémon is | 
now Burned. i 
fannie 2 resistance iA retreat OK OK 
a When shooting3,600 degree Fahrenheit 
ea frballs from te arms tsbody akesona 
(GE) 0217759 * whitish hue from the intense heat. 
{©2025 Pokémon / Nintendo / Creatures / GAME FREAK"
257,N’s Darumaka,"mene’ N’s Darumaka > ”,,80@ 
sae eros? Eee” 
: ""a Bg - Ee ep 
De see A "" ie, 4. al 
ae B= * 3 of ae ae bis es * =. rd. 
iO,0554 Zen Chaim Pokemon I 2 WW 22 UY sa 
1 Rolling Tackle 20 
faines XQ wane new"
258,N’s Darmanitan,"| GSTAGel, ° i 
| nsDarmanitan “140 @_ 
C= Se 4q Ss 
NO..0555..Blazing Pokemon .HT:.4'3"". WI:.204.8 Ibs. NY ay, 
*) Back Draft 30x 
This attack does 30 damage for each Basic Energy card in 
your opponent's discard pile. 
@®@®* —Flamebody Cannon 90 
Discard all Energy from this Pokémon, and this attack also 
|) does 90 damage to | of your opponent’s Benched 
Pokémon. (Don’t apply Weakness and Resistance for Benched 
Pokémon.) 
weakness @ XQ resistance ae retreat, OK KK 
ee This Pokémon’s power level rises along 
pits. naginaie with the temperature of its fire, which ca 
| ( (G9) 027/159 fa 2.500 degrees Fahrenheit J"
259,Volcanion ex,"GBASICA A 
=2ZNolcanion@xy _A2208 
aN AQ - 
Ce om gf 
\). Once during your turn, if this Pokémon is in the Active : 
Spot, you may make your opponent’s Active Pokémon —_ 
Burned. a 
@®@®* Scorching Cyclone 160 
Move an Energy from this Pokémon to | of your Benched 
"" Pokémon. ly 
\ weslnes1@ x2 | vette eect KKK, Of 
Dice ices Oe . 
Dy PS ibe0zs Pokemon Nintendo /creatures/GAMEFREAK OA"
260,Lotad,"BASIC, P 60 
| 2 Lotad HP 6 
>» Sew. cy fa 
INO..0270. Water. Weed Pokémon. HT:.1'8"" WT: 5.7. Ibs. ““ 
C§ Water Gun 20 
| weakness 4 XQ | resistance J vive * 
2 The leaf on its head is naturally dirt repellent 
| ils Ayelet and.will tay clean éven after transporting 
t D160) 035/159 @ Pokémon that are covered in mud."
261,Lombre,"YA fe. ph 2 
SPN Se — = Sey 4 re 
| CIF Aqua Slash 70 
4 During your next turn, this Pokémon can’t attack. 
weakness 4.%2Q | resistance gl. retreat K | 
illus. Mousho Qld folklore in Kitakanii tells of a mischievous 
(1)(5) 936/159 © childwhowasrebornasaPokémon."
262,Ludicolo,"(sTace2, eve mat DEG 
== Ludicolo 71406 
1 ee A a os a 
- an NO. o2za, Carefree Pokemon. HT: 4°11"" WT. 121.3 lbs. 7 
| GXTE®D Vibrant Dance 
All of your Pokémon in play get +40 HP. The effect of 
Vibrant Dance doesn’t stack. 
»@@x* Hydro Splash 130 
weakness 4 XQ | resistance aed vere OK 
ios ork ey oe eee ie 
pli that nergy when hit 
(GEE) 037/159 ee achectaty ne 
©2025 Pokemon /Nintendo/ Creatures / GAME FREAK"
263,Wailmer,"GBASIC . ae I ) 
Wailmer 1306. 
INO..0320. Ball Whale Pokémon. HT:.6'7.""_WT:.286.6 Ibs. yy 
Surf 60 
Weakness (7, MDL resistance Aretreat KKK | 
wi i ksinak. Ih 
is: Shinya Misano ae 
(1) (G9) 040/159 @ bouncy ball. Iteats a ton of food daily. 
i BI 52 octscn rte crestres came REAL"
264,Wailord,"UsTace], FES: ieee Se y a » | 
4 e= NNailord a 72406 
( S ) Evolves from Wainer ey i | 
|) This attack does 50 more damage for each @ Energy 
attached to this Pokémon. 
i weakness 4 XQ | resistance Sel retreat OK OK KK | 
7 = Sips tsi jize is the reason for it: larity, 
(eae Ue eee | 
| (GED og1s159% __ activityin various parts of theworld, 
62025 Pokemon / Nintendo / Creatures / GAME FREAK ="
265,Iono’s Voltorb,"BASIC es 
lono’s Woltorb w70 4 
/ WY WS ae | 
NV ley” 
Wok) Voltaic Chain 20+ 
This attack does 20 more damage for each 7 Energy 
attached to all of your lono’s Pokémon. 
weakness G3) x2 | resistance aA retreat OK 
Ilus. Kazumasa Yasukuni Itrolls to move. If the ground is uneven, a sudden 
(1) GD 027/159 @ jolt from hitting a bump can cause it to explode. 
{©2025 Pokemon / Nintendo / Creatures / GAME FREAK"
266,Iono’s Electrode,"a SES 
STAGE)], 
FO one's Electrode fw 100 oA | 
peituaraet 
| Me fn 
rx ys) | y MAre 
[NSS iS ) 
DA! Thump-Thump Boom 
This Pokémon does 100 damage to itself. Flip a coin. 
If heads, your opponent's Active Pokémon is Knocked Out. 
4)4)% — Electric Ball 100 
weakness @) x2 | resistance LA retreat 
Illus. GOTO minori The more energy it charges up, the faster itgets. 
(1) GED 020/159 @ But this also makes it more likely to explode. 
¥ ©2025 Pokémon / Nintendo / Creatures / GAME FREAK ;"
267,N’s Joltik,"BASIC ° 
YY oe | H of 
: Wacky VU Asean , CT —_ 
‘Ome \. ‘ am DA 
NNO..0595..Attaching, Pokémon. HT: 4°. WT:.1.3.lbs. iw At 
ok) OK) Zapping Short 30 
Before doing damage, discard all Pokémon Tools from your 
| opponent’s Active Pokémon. If you discarded a Pokémon 
_ Tool in this way, your opponent’s Active Pokémon is now 
Paralyzed. 
weakness @) x2 | resistance A retreat * Fi 
Mlus. lori Suzuki Since it can’t generate its own electricity, it sticks onto 
(1) 029/159 @ _2""8e-bodied Pokémon and absorbs static electricity. 
£2025 Pokemon / Nintendo reotures/GAME FREAK ."
268,Iono’s Tadbulb,"26a, lono’s Fadbulb : 604) 
Sl UY NS 
SUI a 
ff Pars 
1NO.0938. flefadpole okémon Hi. WI. 0.9 sss NO A 
De Tiny Charge 30 
i. Tadbull shakesits tal to generate electricity. 
(1G 0527159 © Eoinkonend on tosertteahige"
269,Iono’s Bellibolt ex,"STAGE] ° a » 
Vy. , lono’s Bellibolt@x 4 7280 A 
d|, ath 
Yi f~.. ‘ Wace 
4 [ AG Za A Si 
| MCI Electric Streamer 
As often as you like during your turn, you may attach a 
Basic 4 Energy card from your hand to | of your lono's | 
_ Pokémon. 
ie 4.4) Thunderous Bolt 230F 
During your next.turn, this Pokémon can’t attack. 
, weakness @%) x2 | resistance Be retreat KK) 
Mles:\SBan Graphics, : Pokémon 6X rule jag (petals 
in 53/1 ae { is Knocked Out, your opponent takes 2 Prize cards, 
D —, FB Fokamon nintendo Gestures /GAMEFREAK _"
270,Iono’s Wattrel,"[Basic FN nay, ee J pana l 
lono’s Wattrel AX 0) 0) 4 | 
eS (ese 
Oi Mi > ae oan 
Lid fs 
NO..0940..Storm Petrel, Pokémon. HT:.1:4""..WT:.7.9. Ibs. i y: | 
oA) Quick Attack 10+ 
Flip a coin. If heads, this attack does 20 more damage. 
weakness 4) x2 | resistance @) -30 LA retreat * 
: Whenits wi itch the wind, the b ithin 
sedges « ie Bea tniPokemon divesintotiodl 
q (Gc) 054/159 @ ocean, catching prey by electrocuting them. _ 
Ls ©2025 Pokémon / Nintendo / Creatures / GAME FREAK _"
271,Iono’s Kilowattrel,"GSTAGE)], ° y > 
FE one's Kilowattrel fw 120 4) 
BD Cig 
AN Ler yre. 
xy — Wig 
a> Se Le 
@E@® Flashing Draw 
You must discard a Basic 7 Energy from this Pokémon in 
order to use this Ability. Once during your turn, you may 
draw cards until you have 6 cards in your hand. 
weakness 4) x2 | resistance @) -30 iA retreat ® 
ee Kilowattrel inflates its throat sacto amplify 
its electricity. By riding the wind, thi 
io) 055/159 % Boks can flyover mila iodine 
Ls ©2025 Pokémon / Nintendo / Creatures / GAME FREAK"
272,Lillie’s Clefairy ex,"FF \inie's Clefairy OX Ae 190 © 
(4 @IE® hairy Tone f 
{ The Weakness of each of your opponent's & Pokémon in 
play is now ©. (Apply Weakness as *2.) 
©x* Full Moon Rondo 20+"" 
This attack does 20 more damage for each Benched 
k. Pokémon (both yours and your opponent's). ik 
ae _ an ‘ie . 
“Weakness (Y) x2 | resistance ah vetreat * m 
Wiles sBam.Grephies AL"" Wiven your Pokémon eX 
D160) one (Gs knocked Out, your opponent takes 2 Prize cards. 
§) 22025 pokemon / Nintendo / Creatures/GAME FREAK"
273,Banette,"STAGE Ibe DE > 
all Banette 7 »90® 
te \) Len OE 
lo a eV) Pea = : 
wea EC 
NO..0354. Marionette Pokemon. HT:.3'7.""_WT:.27.6 Ibs. va 
© Cursed Words 
| Your opponent chooses 3 cards from their hand and 
| shuffles those cards into their deck. 
© ok Spooky Shot 70 
Re ea 
HMles. Anesaki Dynamic This Pokémon developed from an abandoned doll 
| (GED 060/150 @ thatamassed a grudge. It is seen in darkalleys. 
©2025 Pokémon / Nintendo / Creatures / GAME FREAK '"
274,Beldum,"GBasic ro 9 .2nN 
= Beldum - w0® 
in iS vy é ; a 4 
NO..0374. Iron Ball Pokemon. HT;.2°_WT. 209.9 Ibs. 
© Spinning Attack 10 
“weakness @)xQ resistance (#8) -30 Fa retreat K | 
lus. Izucch The magnetic force generated by its body repels 
(JED 061/159 € the ground’s natural magnetism, letting it float. | 
' ""©2025 Pokémon /Nintendo/ Creatures/GAMEFREAK a"
275,Metang,"STAGE], J im 
(ye Metang 1000 
© Psypunch 30 
1 ©© Zen Headbutt 50 
“weakness @)x2Q resistance 3) -30_ a OK Z 
| “tlus. Oswalde KATO (oo ee | I 
| WG 062/159 © brainsare linked, amplifying its psychicpower. | : 
| = ©2025 Pokémon /Nintendo/Creatures/GAMEFREAK"
276,Metagross,"STAGE, “ TT ey 
=~ Metagross 4wll0® 
La \ eae 
ee) Jdaa> 
GL fe Z 
kK) Wrack Down 60 
©© Conjoined Beams 130+ 
| If Beldum and Metang are on your Bench, this attack does 
| 150 more damage. 
Weakness @)XQ | resistance H)=3Q ae retreat 3K KK 
Ils. Mitsuhiro Arita Itfolds its four legs when flying. Its four brains 
| 0) GED 063/159 « are said to be superior toa supercomputer. 
©2025 Pokémon / Nintendo / Creatures / GAME FREAK"
277,N’s Sigilyph,"BASIC, ee ay ~\ 
225. Sigilyph -wll0©® 
PA el i (a 
Ww at Fs [ae 
ry BZS I | 
Sr, $x. to y ‘Y 
NO..0561.. Avianoid Pokémon. HT:.4'7.""..Wi:.30.9 Ibs. wy Jal | 
© Psychic Sphere 20 
|©®x* Victory Symbol 
| If you use this attack when you have exactly | Prize card 
| remaining, you win this game. 
weakness 7 XQ | resistance (8) -3Q) ee retreat > 
Be iiss : Ai a desert where 
Sigilyph fly. The ruins of what may have beenan 
| (JGED) 064/159 @ : Pico ctuecs, found beneath iam , 
(©2025 Pokémon / Nintendo / Creatures / GAME FREAK"
278,Lillie’s Cutiefly,"CBASIC < . : Mey An a) 
r Lillie’s Cutiefly 7 w30© 
| at Oe oe ae 
I) < Sate. Che, es q } 
| A NO..0742..Bee Fly, Pokémon. HT 7..WE.0:4 IDSs (Ss 
aii SZ; 
: | © Hold Still 
Heal 10 damage from this Pokémon. 
weakness x2 | resistance Sh retreat | 
When it senses the auras of people or Pokémon | 
pee Soe Whoare having fun, it will draw close and give | 
(\}(GE 066/159 ens them painful pokewith its long proboscis. | 
{02025 Pokémon Nintendo Creatures / GAME FREAK"
279,Lillie’s Ribombee,"STAGE Nye A Be Fc Sy, rN 
(B= Ribombee a wI0© 
& a= pelby 
| GLE Inviting Wink 
|) When you play this Pokémon from your hand to evolve 
| | of your Pokémon during your turn, you may have your 
| | Opponent reveal their hand and you put any number of 
| Basic Pokémon you find there onto their Bench. 
% Magical Shot 50 
weakness x2 resistance 2 a 7 OR | 
ee Ribombee can sense when people or | 
Pokémon are feeling down, and itwill cheer 
(GED) 0677159 * them up with handmade pollen puffs. 
(©2025 Pokémon / Nintendo / Creatures / GAME FREAK a"
280,Lillie’s Comfey,"CBASIC a : Be Ly aa LN | 
“— Comfey - wI0® 
{f= wae 
| row £ yy 
ee Oe ae. 
4 i NO..0764..Posy Picker, Pokémon .HTi.4. WUE:0.7 IDSs eed 
i * Inviting Flowers 
| | You may search your deck for any number of Basic Lillie’s 
Pokémon and put them onto your Bench. Then, shuffle 
your deck. 
© Fade Out 30 
Put this Pokémon and all attached cards into your hand. 
weakness x2 | resistance Z Fd retreat >, 
ils. Norumt Sato idusesitewine to pick flowers. The flowers that Comfeyll 
Dita) ee attaches to itself develop healing properties. | 
""©2025 Pokémon / Nintendo / Creatures / GAME FREAK. ="
281,Swinub,"BASIC, > (ali _ 
* cll for Fam 
¢ ! Yo PKK 
(©2025 Pokémon / Nintendo / Creatures /GAME FREAK"
282,Piloswine,"STAGE], | All 
(@ £ olves from Swinub mee is 
7 o en ; vy 
‘oa yA 
NO. rome Pokemon Hi Z Wr 123, Ibs. —"""
283,Mamoswine ex,"5 Mamoswine@x 4.340 @ 
GN Evolves from PilOSWiN€ i > ~~) 
oy) : a lid v 
salle , ‘g 
\ 2 Fait 
; TED Mammoth Hauler . 
f 4 Once during your turn, you may search your deck for a). 
ry Pokémon, reveal it, and put it into your hand. Then, shuffle f 
/ your deck. 1 
oe) Rumbling March 180+ _ 
-| This attack does 40 more damage for each Stage 2 Pokémon (4 
Zeon your Bench. |” K; 
weakness x2 | resistance tea OK KKK 
BED ors erat Metoectedous rou cppenen ates 2 Pre cath"
284,Larvitar,"‘BASIC, 7CY (aii ) 
Rae eA SC! Ve 
Raion = 
<a -_NO..0246 .Rock Skin Pokémon. HT..2.WI:.158.Z.1bs. 
wines @ XQ vinanee eve"
285,Pupitar,"STAGE yt . Sas Daas ea a) | 
Se CG aS “TS W Puyo 
Ea a aS 
NO..0247_ Hard Shell Pokemon. HT;.3'1.1"" WT: 335.1 Ibs. 
Kw Take Down 60 
__ This Pokémon also does 20 damage to itself."
286,Rockruff,"Kes = Nee, we Ve 
lex =. yal 
RM er Ff 
raat CO OY ea 
cee 0s 016d sick iis cats20 st eee 
* Dig It Up 
Look at the top card of your deck. You may discard 
i that card. 
HK Stampede 20"
287,Lycanroc,"STAGE I, a epee ey j @ 
f2""Lycan OC 120 
OS “fA Sane VY A 
. J) fe a ge Pa 2 a 
_\ Sap. ld x= 
GED Spike-Clad 
When you play this Pokémon from your hand to evolve 
Hy | of your Pokémon during your turn, you may attach up 
' to 2 Spiky Energy cards from your discard pile to this 
|, Pokémon. 
2% Clamping Fangs 40+ 
This attack does 40 more damage for each damage counter 
on your opponent’s Active Pokémon. 
(GES os fees, low lyobeyst anh cionsofaTiainer trust. 
’ 162025 Pokémon Nintendo/Creatues/GAMEFREAK"
288,Hop’s Silicobra,"“i = LUA f- 
ar pe g mae 
AGE. ES. o SAF 
NO..0843..Sand Snake Pokemon. HT: 7:3"" WI:.16.8 bs. i a | 
x) Turf Maker 
| Search your deck for a Stadium card, reveal it, and put it 
| into your hand. Then, shuffle your deck. 
@x* Gnaw 20 
i (62025 Pokemon Nitendo /Creaures/GAMEFREAK"
289,Hop’s Sandaconda,"STAGE] Ae ern er pee 7 
1 @ x Rumble 30 
_ During your opponent's next turn, the Defending Pokémon 
|| can’t retreat. 
-@** — Break Ground 140 
This attack also does 20 damage to each of your Benched 
Pokémon. (Don’t apply Weakness and Resistance for Benched 
Pokémon.) 
ites ee 
a [2025 Foktmon Nintendo /Cestes/GAMEFREAK"
290,Tyranitar,"‘STAGE Bee Teva 
7° Tyranitar 190 © 
ae © aha 
a ¢ Z an 4 ae 
AS ¥ AS We 
As long as this Pokémon is in the Active Spot, your 
opponent can’t play any Item cards from their hand. 
Ox facing Stomp —-150 
Discard the top { cards of your opponent's deck. 
weakness (©) x2 | resistance 7 retreat C3EIES 
Illus. AKIRA EGAWA Extremely strong, itcan change the landscape. It 
DGG) 005/150 is soinsolent thatit doesn’t care about others. 
{©7025 Pokemon / Nintendo / Creatures / GAME FREAK"
291,N’s Purrloin,"BASIC @an as ° a) 
BBASIC : / 
""ws Purrloin p10 © 
. al I GE eis | 
Ne Ande & ial \a-<7"" ~ IS NSS eg reel F 
nen, ey 
) naan AMG Oe Ine \ \204 
O° Thieving Swipe 30 
Your opponent reveals their hand, and you choose a card 
you find there and put it on the bottom of their: deck. 
ager e ie a 
weakness (©) x2 | resistance 7 retreat 69 
se Opponents that get drawn in by its adorable 
lusakelsin behavior come away with stinging scratches from 
D G8) o96/159 @ its claws and stinging pride from its laughter. 
162025 Pokémon Nintendo Creatures / GAME FREAK"
292,N’s Zorua,"Bs eae seer a (oi L ) \ 
i e er 
weakness (©) x2 | resistance 7 retreat 69 
Mlus. Jiro Sasumo It changes into the forms of others to surprise them. 
fi] igo ise @ Apparently, it often transforms into asilent child 
102025 Pokemon Nitendo retures/ GAME FREAK"
293,N’s Zoroark ex,"> Vie vig, ""4 VK 
eS v F a2 ‘ a 
| You must discard a card from your hand in order to use | 
PN this Ability. Once during your turn, you may draw 2 cards. | 
ee Night Joker i 
4 Choose | of your Benched N’s Pokémon’s attacks and use y, 
it as this attack. , tf 
Peak oe pee 
SS eakones OR Dual resstance PF ive IO 
a: 0 nite tie gis Kocsis Out, your opponent takes 2 Prize cards. ‘"
294,N’s Klink,"BASIC, ° 5 ae ED 
b ee S&S SN | 
(qe Se, S| Gass 
Nees y q on 
<s XRG Se ae Ce \ se 
a oO le Cay We OX \ \ eae 
hie ae ese ' % 
BN Oe 
e BER IC Bo Oe eT) 
| eee eee 3p 
| *) Double Spin 10x 
| Flip 2 coins. This attack does 10 damage for each heads. 
weakness x2 | resistance @) -30 a, retreat st 
illus. Saboteri Tenens that compose this Pokémon are 
{©2025 Pokémon / Nintendo / Creatures / GAME FREAK"
295,N’s Klang,"sy. Klang ee .90@ 
ye wsKlang 7 90 
isa ys N 4 
——- NO..0600..Gear. Pokémon. HTi2:. W124 IDS, NN VA 
. = 00. Gone Soke ad TN 2h 
1 Spinning Gears 20 
| | Your opponent's Active Pokémon is now Confused. 
{Ox Confront 40 
‘weakness @Qx2 | resistance @-30 Z, retreat > OK OK) ey 
g “When Klang goes all out, the minigear links 
Illus. KEICHIRO ITO is Be iyutih emul es i up 
D760} 104/159 @ thi Pokémon’s rotatioi edincreases sharply. 
(©2025 Pokemon Nintendo / Creatures/GAMEFREAK"
296,N’s Klinklang,"STAGES, ° pee J CD 
Ee N’s Klinklang 160 
a Way 
1 *® Magnetic Blast 50 
| @@* _ Triple Smash 120x 
| Flip 3 coins. This attack does 120 damage for each heads. 
Weakness @ XQ | resistance @)—30 eM retreat RK Z 
Pe... -_- Fromits spikes, itlaunches powerful 
z “blasts of electricity. Its red core contains 
(GED 105/159 @ ee © ona Ee eu tcneray 
{©2025 Pokémon / Nintendo / Creatures / GAME FREAK"
297,Magearna,"ipa eee = 7 a 
F Se FN eV ae mt 
> Na Ne"" SN 2 
NO..0801_ Artificial Pokemon HT. 3'3"" WT. bs. 
@XIED Auto Heal 
As long as this Pokémon is in the Active Spot, whenever 
|) you attach an Energy card from your hand to | of your 
| Pokémon, heal 90 damage from that Pokémon. 
*® Spike Draw 20 
| Draw 2 cards. 
= 0g acetate ar 
| GE oz159% thesoUlti pes it Por 
, ©2025 Pokémon / Nintendo / Creatures / GAME FREAK"
298,Hop’s Corviknight,"STAGED ° 5 Ae a 
$= ‘toys Corviknight 7.1702 
Y ee ~ Y 
| ed Shoot Through 50 
|) This attack also does 50 damage to | of your opponent's 
| Benched Pokémon. (Don’t apply Weakness and Resistance 
| for Benched Pokémon.) 
OOx* Steel Wing 150 
|| During your opponent’s next turn, this Pokémon takes 
4 60 less damage from attacks (after applying Weakness and 
Resistance). 
weakness 4) x 2 resistance (2) -30Q, ~, retreat >) e 3 
E ~ > Although its wings have partly turned to 
ne ~~ steel and become heavy asaresult, this 
(GED 108/159 = Pokémon Thestbndhh tne skies with ease. 
{©2025 Pokémon / Nintendo / Creatures / GAME FREAK"
299,Hop’s Zacian ex,"79 Insta-Strike 30 é 
_~ . This attack also does 30 damage to | of your opponent's | 
_. Benched Pokémon. (Don’t apply Weakness and Resistance ie 
_ for Benched Pokémon.) X 
During your next turn, this Pokémon can’t use Brave Slash. 
\ weakness @ x 2 Streisensel@ 730 Pa 
, illus. aky CG Works * be = Pokémon eX rule dja Ree) Coreceereoas Y \ 
as ae A cis Knocked Out, your opponent takes 2 Prize cards. 4"
300,Bagon,"i ee Bagon w70® 
ahi. es J \ < 
ry ie \ ee j 
NO. 0371. Rock Head Pokémon. HT:.2° WT: 92.8 Ibs. 
2k Bite 10 
Yo Reckless Charge 50 
|) This Pokémon also does 10 damage to itself. 
“weakness resistance Dina KK” 
Illus. Miki Tanaka Its steel-hard head can shatter boulders. It 
(GED 112/159 @ longingly hopes for wings to grow soit can fly. 
{©2025 Pokémon / Nintendo / Creatures / GAME FREAK"
301,Shelgon,"Usrace], s: J la 
& nee Endurance Pokémon. HT:.3'Z.""_WT:.243.6 Ibs. “i 
*) Guard Press 30 
During your opponent’s next turn, this Pokémon takes 
30 less damage from attacks (after applying Weakness and 
| Resistance). 
\@@x* Heavy Impact 80 
‘weakness | resistance a, Cretreat > | 
> les, tlie Hong P ecellawithin ueshell ransformwith | 
Vise ; 1 Piplosive aed, preparing for evolutions 
j= {02025 Pokémon Nintendo / Ceatures/ GAMEFREAK ae"
302,Salamence ex,"‘STAGE, ay h 
~Salamence@y 4.320@ 
Evolves from Shelgon a % 
fe si y 
(@x** Wide Blast y 
This attack does 50 damage to each of your opponent's f 
Benched Pokémon. (Don’t apply Weakness and Resistance 
wee for Benched Pokémon.) . 
@ © * * Dragon Impact 300 
Discard 2 Energy from this Pokémon. A 
jeakness | resistance Jb treat KX) SA 
— «. Pokémon eX rule “rivenyourPokimoneX ) ‘ 
v7 tae oe A cis Knocked Out, your ‘opponent takes 2 Prize cards. 4 
PT ae ne ee NN"
303,N’s Reshiram,"sReshiram “w130@ 
OF Powerful Rage 20x 
"" This attack does 20 damage for each damage counter on 
| this Pokémon. 
@®@ 4 * Virtuous Flame 170 
a pee : Pe fing tO my pilin?) oretruthandlet 
Ove in ee |"
304,Hop’s Snorlax,"GBASIC 
if Hop’s Snorlax w 150 &) | 
\o rae 
Ww OC: 
N oes, a 
NX t OF 
SS re 
Attacks used by your Hop’s Pokémon do 30 more damage 
to your opponent’s Active Pokémon (before applying 
|| Weakness and Resistance). The effect of Extra Helpings 
doesn’t stack. 
* 2 Dynamic Press 140 
This Pokémon also does 80 damage to itself. 
weakness @) x2 | resistance fe recat KK HH) 
This glutt Poké! it! nstantly, 
(GED 117/159 « nearly 900 pounds of food perday. |"
305,Dunsparce,"GBASIC, 
Dunsparce w70 & 
Ss ws s) oa 
x) Trading Places 
Switch this Pokémon with | of your Benched Pokémon. 
weakness @ x2 | resistance > dl retreat Ok) 
Ilus. Asake Ito Itereates mazes in dark locations. When spotted, 
(G3 120/159 @ itflees into the ground by diggingwithitstail. | 
162025 Pokemon / Nintendo /Creatures/ GAME FREAK"
306,Dudunsparce ex,"=< Dudunsparce@x 4,270 ) 
olves from Dunsparce a y ing 
/ 7 y Ve Z rs 
he Tenacious Tail 60x 
” This attack does 60 damage for each of your opponent’s 
“4, Pokémon @X in play, 5 
* %*) Destructive Drill 150 ) 
This attack’s damage isn’t affected by any effects on your *% 
opponent’s Active Pokémon. 7, 
©) weakness @ x2 | resistance retreat DHA VOT 
SP iiss) sbon Grophics . et leat is 
(ic) is roc! ut, your opponent: >rize cards. , 4 ee 
0. M O} cx) di “ ere iresesnsss ret woes (| a 
fe (©2025 Pokemon / Nintendo Creatures/ (GAME: Rega Ce"
307,Hop’s Rookidee,"— al ee 
BASIC ° 
Hop’s Rookidee AX 0) 0) ok) | 
msde a | 
NO...082.1.. Tiny, Bird Pokémon. HT:.8"".WI.4.Ibs.. a’ Ly i) 
* Intimidating Stare 
During your opponent's next turn, attacks used by the 
Defending Pokémon do 20 less damage (before applying 
| Weakness and Resistance). 
weakness 4) xQ | resistance @-30 a retreat OW) 
Mare The females are fussier than the males. Ifanother 
pits: shore Mano creature dirties a female Rookidee’s wings, it'll. } 
| GED 133/159 @ peck the offender relentlessly ina burning rage. |"
308,Hop’s Corvisquire,"Usrace], ee ° Se I an@til 
voanG Hop's Corvisquire é 90 &) 
NO..0822..Raven Pokémon..HT.2:2."".WI:.35.3.Ibs. i Ly i) 
ok) Speed Dive 30 
*%)%) Razor Wing 80 
weakness Y) x2 | resistance @)-3Q er retreat Ok) 7 
Mus. Sovichirov Gunjima This intelligent Pokémon will quickly learn howto / 
Of 163) 134/159 @ use any tool goa holdin ts beckon |"
309,Hop’s Wooloo,"GBASIG,// E 
Hop's Wooloo fe wl ® 
haa — — mi” mien C4 
OK K) Smash Kick 50 
Sa Oe ee ae 
weakness @ x2 | resistance ga retreat 
“Mit ws too long, Wook 7 
Ms, Temomi Ozaki Grecileiefe Commecewnttete 
(OGD 135/159 Ss Of this Pokémon is surprisingly strong. 
162025 Pokémon / Nintendo / Creatures / GAME FREAK"
310,Hop’s Dubwool,"STAGE], » 4 
FZ top Dubwool va 120 ok) | : 
p Or me 
» Defiant Horn 
When you play this Pokémon from your hand to evolve 
|_| of your Pokémon during your turn, you may switch in 
| of your opponent's Benched Pokémon to the Active Spot. 
OK) Headbutt 80 
weakness @ x2 | resistance CA retreat RR 7 
Illus. Ryota Murayama Its majestic horns are meant only to impress the | 
(OV 160) 136/159 *& opposite gender. They never see wenbled"
311,Hop’s Cramorant,"—_—-v Ph fon as ee 
yBASIC, 
Hop’s Cramorant w 110% | 
a Oia Vo = 
y eae -= R 
Sos A w) 
*) Fickle Spitting 120 
|| If your opponent doesn’t have exactly 3 or 4 Prize cards 
remaining, this attack does nothing. 
weakness Y x2 | resistance @)-30Q ex retreat OK) 
fg shole they thet: most formidable 
(GED 138/159 ¢ they're struggling to swallow overly large prey. 
be ©2025 Pokémon / Nintendo / Creatures / GAME FREAK"
312,Sandy Shocks,"BASIC TaN, 
GB ASIC y (ann) 
Sandy Shocks 7 120) 
Y % SAncient, 
Tee id 4 iam: 
NO..0989..Paradox, Pokémon, HTZ:Z."" W1.132.3.Ibs. * 
Se SES 
2 Magnetic Burst 20"" 
If you have 3 or more Energy in play, this'attackydoes’ = 
70 more damage. This attack’s damage’ isnitlaffectediby, 
Weakness. 
1 & Power Gem 60 
OL ies Ck tee 
hae pee NojrecordSexistofthisigokemonibeingcaught 
eee ee Dataislackinglbutthe kokemonyaitraitsimatchiup 
| [HM 008776216 withalcreatureshouunlintinfexpedition journal: 
(©2024 Pokémon / Nintendo / Creatures / GAME FREAK."
313,Miraidon ex,"CHP FEENnAS J 
gi MiraidonE “@#20.© 
Se ee 
By Be — a 
tome ANGEL j 
4 te Bae 
ben — Oéi— Land 
TO) Repulsion) Bolten COr: 
Ifiyour;opponent's Active Rokemonjalneady, nastanyidamazeds 
counters on it, this attack{does' |(00Jmoneydamagey 
oe isecee 5 
\ ‘DO*) Cyber, Drive) eae 2208 
During yournext:turn, this PokémontcantluseleybenDnives f 
feeces p 
. sagakness j resistance)” retreaty (eer 4 rt 
oe wianPiaioShiats When your Pokémon@X )_ 
Fr Gforce ous your opponent takes 2.Pie cara 
IN 6024 oon intenco creatures! GAME FREAK oe"
314,Marill,"BASIC, i zi . aa 
Marill wl0G 
x) Rollout 10 
weakness 4 XQ resistance ce retreat OK 
illus. MARINA Chikazawa The oil-filled end of its tail floats on water. Itkéeps 
D)scray) 033/142 @ Matill from drowning even in a strong current. 
r ©2024 Pokémon / Nintendo / Creatures / GAME FREAK j"
315,Azumarill,"GSTAGE I, 3 ia . Es 
4 NO.0184. Aqua Rebbit Pokemon. H.2:7"". Wh 626 bs. A 
| @ETED listening Bubbles 
| If you have any Tera Pokémon in play, this Pokémon can 
|) use the Double-Edge attack for ©. 
This Pokémon also does 50 damage to itself. 
TWeakness @ x2 | resistance 2 divest K | 
lus. Orca Bykeeping still and listening intently, it can tell 
hats i ild, fast-moving rivers. 
162024 Pokémon Nintendo / Creatures / GAME FREAK"
316,Sylveon ex,"'STAGE/I, S | x L/ © 
ye Sylveon@x 4270 © 
Pokémon by attacks (both yours and your opponent's). 4 
y ee aN We 
Z®** Magical Charm 160 
During your opponent's next turn, attacks used by the 
Defending Pokémon do 100 less damage (before applying 
Weakness and Resistance). 
7 @© Angelite 
» # Choose 2 of your opponent’s Benched Pokémon. Shuffle 
Oy those Pokémon and all attached cards into your opponent's ~ 
| deck. If | of your Pokémon used Angelite during your last 
} turn, this attack can’t be used. yy x 
eakness XQ | nce FF 
libs, Sban Graphics : = el hen your Pokémonex ) 
TEM 324 Pokémon /Nintendo/ Creatures /GAME FREAKY _ ="
317,Eevee,"BASIC ) Fa 
Eevee 50 
i"" h pF 
aS 4 Se 
he es a y.. ee a A 
| | OSM 6, ror a ae 
re NO...0133. Evolution Pokémon HT 1s\Wiis 14.3. “a 
Boosted Evolution 
As long as this Pokémon is in the Active Spot, it can evolve 
_ during your first turn or the turn you play it. 
9 Reckless Charge 30 
_ This Pokémon also does 10 damage to itself. 
weakness @ x2 | resistance a retreat K) | 
Illus. Nooyo Kimura Its genetic code is irregular. It may mutate ifitis 
He 143/191 ‘exposed to radiation from element stones. eZ 
iz ©2024 Pokémon / Nintendo / Creatures / GAME FREAK a aa"
318,Ho-Oh,"BASICuda gy | ha 
@®* Shining Blaze 100+ 
If you have any Tera Pokémon on your Bench, this attack 
does 100 more damage. 
: (©2024 Pokémon Nintendo / Creatures / GAME FREAK"
319,Charcadet,"Charcadet - wID® 
Loaf 
1 tee eat 
One ae ye > 
WZ 2 ‘la Bae P ~ 
De ae 
) Will-O-Wisp 20 
Vane | resistance a retreat OK 
x Its firepower increases when it fights, 
pee Ken reaching over 1,800 degrees Fahrenheit. 
(/E 0327291 « se legis areca 
Heres ramen Mew Crete case FENG"
320,Ceruledge ex,"'STAGE/I, i, Y 
‘As long as this Pokémon is on your Bench, prevent all damage done to this 
Pokémon by attacks (both yours and your opponent's). J ‘ 
MES SR MY Ze 
fr aA, = 
& Abyssal Flames 30+ 
This attack does 20 more damage for each Energy card in 
‘g your discard pile. NX 
@©®® Raging Amethyst 280 
Discard all Energy from this Pokémon. N 
ie (weakness @ X2/ | resistance an retreat 2 2k 
Fe CE Nl ema 
al J) ©2024 Pokémon / Nintendo / Creatures KGAME FREAK"
321,Petilil,"fa hig Sars | 
1Ox* Leaf Step 30 
| weakness @ XQ | resistance 7 ee | 
“ta, shibzoh, it peleveso vi ishea bre rived with reellaneme 
PO). 006/ 159 @ this Poke mon can begrown nintoafineplumpshape,"
322,Lilligant,"STAGE |], enn: ae Ff 
| yd y y = is wy 
Kh Aone 
WOM Lert dbl Af *, 
: westerns 
| 2 Sunny Day 
Attacks used by your @ Pokémon and #& Pokémon do 
20 more damage to your opponent's Active Pokémon 
| (before applying Weakness and Resistance). 
1@x** Spinning Attack 60 
weakness @ x2 | resistance ae retreat OK OK) sill 
Bh ""No matterhow much time and is 
pee to Sosaro aaa oe Bete tisilowersaretse ied 4 
—— {©2025 Pokemon Nintendo / Creatures GAME FREAK “a"
323,Nymble,"BASIC, io 
Nymble w50@ 
W r|\ SSya 4 
NO..0919. Grasshopper. Pokémon. HT: 8"" WT:.2.2 Ibs. i“ 
*) Rear Kick 20 
weakness @x2Q | resistance z it retreat 2K 
: Is highly skilled ata fighting style in which it 
ples Ayake Oral uses its jumping capabilities to dodge incoming 
(H) 019/159 @ attacks while also dealing damage to opponents. 
(e025 Pokémon /Nitendo/Crestces/GAME FREAK"
324,Torchic,"Torchic > w00® 
0255. cicet Tatas Ws y 
QO x* Scratch 30 
ry) (eee g a retreat j 
Ms, OKACHERE Ce eee 
(+) (Gc) 022/159 @ as ahot-water bottle if you hug it. 
2025 Pokémon / Nintendo / Creatures / GAME FREAK"
325,Combusken,"=°=Combusken - 90D 
f Ge) ee SS 
\Ca loo 
1@x Slash 50 
Pes Sco, ats MR ek a a 
weakness @ XQ | resistance etree KK 
illus. Fujimoto Gold Whenit enters battle, the flame inside its body burns 
(x) (Oe) 023/159 @ stronger. Its kicks have outstanding destructive power. 
E 5 Pokémon / Nintendo / Creatures / GAME FREAK"
326,Blaziken ex,"W Evolves from Combusken, 7 SS i 
ee oN ay! | Pe, eq 
{ Ability XS ; 
> cs SS uF "" 
inom LA e Be vive KT FT \ 
xa ae is Knocked Out, your opponent. with hie y 
LER OE hl"
327,Slowpoke,"BASIC, is 
»— Slowpoke wI0E 
C§ Water Gun 10 
@ * Tail Whap 30 
| Beer Sa. eR 
| weakness 4 xD resistance é cd retreat kK 
r § Itis always vacantly lost in thought, but 
ies, Notun no one knows what itis thinking about. 
k (x) (Ey) 018/131 @ Itis good at fishing with its tail."
328,Pikachu ex,"== PikachuG@y 4190 4 
E@ nl a (RO 
1x Tail Whap 30 ' 
| This Pokémon also does 30 damage to itself. 
_ weakness @ x2 | resistance) a 
GED o2e/137 *e muitos Out, your opponent takes 2 Prize cards. y” 
! WY le2e25 Pokémon ‘Nintendo /creatures/ came REAR, WW"
329,Tapu Koko ex,"= Tapu Koko@X 4200 4 
4 * Linked Lightning 4 
This attack does 20 more damage for each of your Benched 
Pokémon. 
ato DL ves Ne 
Ct Tc OR, Cee eterna y"
330,Sylveon,"Ustacel, “ eS / PN 
Tes) “Sylveon 4w120© 
| lie { sf 
ig nd AN 
NO..0700_ Intertwining Pokémon. HT; 3'3""_WT. 51.8 Ibs. 
) Safeguard 
| Prevent all damage done to this Pokémon by attacks from 
|) your opponent's Pokémon EX. 
© * * Magical Shot 100 
“Weakness x2 resistance _ iE retreat OK 
Fi, jIveon cuts an elegant fi sitdi light 
ieee” Be eertuteres be pecngmad 
(GEE 040/131 ————__aimstraightfor its opponents’ weak. } 
| 62025 Pokémon / Nintendo / Creatures / GAME FREAK"
331,XerneasEX,"ssoXerneasee A210 © 
L. Aurora Beam = | 50. iy 
/©® om Rising Horns 120+ 
“If your opponent's Active Pokémon isa Pokémon @X, this 
attackidoes 100 more damage. 4 
Ba a ee 
G/GAME FREAK. »"
332,Dhelmise,"qBASIC, ° Lg aN 
~~ Dhelmise wl130© 
¢é NO..0781. Sea Creeper Pokemon. HT..12'10""_ WT: 463 Ibs. as 
i ©* * Bind Down 60 
| | During your opponent's next turn, the Defending Pokémon 
| can’t retreat. 
Fas. Sanosuke Sakuma Aftera piece of seaweed merged with debris from | 
(1) G29 070/150 @ _ sunken ship, itwas rebornas this ghost Pokémon. 
7 {©2025 Pokémon / Nintendo / Creatures / GAME FREAK a"
333,Riolu,"Geasicydms i Arn 
Riolu w/0 ied 
%/ ts De i 
x oS Nt Ls 
Boi oe 
Oa” € Ce “és 
ik ig 
NO.0447_Emanation Pokemon HI.2'4""_WT. 44.5 Ibs. va 
2 Quick Attack 10+ 
Flip a coin. If heads, this attack does 20 more damage. 
weakness ©) x 2 resistance P cd retreat 
lus. Tika Matsuno Ithas the peculiar power of being able tosee 
{x) 050/131 © emotions, such as joy and rage, in the form of waves. 
: ©2025 Pokémon / Nintendo / Creatures / GAME FREAK >"
334,Sneasel,"BAS|Cgf ae si 
Sneasel =O 
/ C eet 
< owt Cd as 
¥ = est fe 
SS EY Fm 
. ar es ry] = 
d oe Ss = 
© © ClawSlash 20 
Sr Poe go 
o bo we *. 
eat at 8 ee 
weakness ) x2 | resistance 7” retreat 
This isa smartand sneaky Pokémon. A 
Illus. Kurata So 
pair may work together to steal eggs by 
fH) 061/131 @ having one lure the parents away 
162025 Pokémon / Nintendo Creatures GAME FREAK."
335,Bronzor,"BASIC, Be: mm (GD 
= Bronzor ae w10® 
| = N an Z vs 
. —e @ BS enn 
ie Bee = is 
4 NO. 0436 Bronze Pokémon. HT: 1'8"" WT: 133.4 Ibs. ra 
|) Hammer In 20 
| weakness @ x 2 resistance @ -30 Fe, retreat > er 
Illus. Sovichirou Gunjima ‘They are found in ancient tombs, The patterns on their 
[Re backs are said to be imbuedwith mysteri : 
() GE 066/131 yea e im ein Be lerious power. 
€2025 Pokémon / Nintendo Creatures GAME FREAK."
336,Zacian ex,"pe Zacian@g 762202) 
PS be 
* Steel Armament 20 
Search your deck for a Basic & Energy cardand attach it 
to this Pokémon. Then, shuffle your deck. 
@@* — Slashing Strike 210 
During your next turn, this Pokemon can't use Slashing 
SS Strike. 
Weakness @X2 | resistance @=30. age retreat Ok . 
‘Illus. PLANETA Mochizuki See pede ), 
ae aceiaeeemmemniiatdiananta"
337,LugiaEX,"BASIC ° TAan + 
“<= LugiaGy fv 220 * 
=i ot, / ho 
QA W.Y 7 
2240 — Hyper Whirlpool 140. = 
' Flip a coin until you get tails. For each heads, discard an © @ 
wa Energy from your opponent's Active Pokémon. ‘S 
Rg WA. Se Aes bE . ee 
MM vweakness 4 x2 | resistance @® -30. = ed ’ 
WEED os2 1310 x° SS ‘nocked Out, your opponent takes 2 Prize cards. Y V;"
338,Ethan's Pinsir,"y , Sa a 
Ethan’s Pinsir ~1208 
[mm ell \ 
eV. aS, ——w 
n f o ys 
w : Uy UD y iB EZ 
of <> By 
No, ers paar never SH 
©) Vise Grip 20 
* ©) Rallying Horn 70+ 
|) If any of your Ethan’s Pokémon were Knocked Out by 
damage from an attack during your opponent’s last turn, 
this attack does 100 more damage. 
weakness x2 | resistance F retreat >k) 
Illus. GIDORA This Pokémon clamps its pincers down on its prey 
D)orta) 001/182 + and then either splits the prey in half or flings it away. 
| (62025 Pokémon / Nintendo / reatures/ GAME FREAK"
339,Yanma,"y a Se ee 
GBASIC ) 
Yanma wI0@ 
els Ee Ouse. \/% 
| Sey. (Ree me j 
pe Been a 
(ti [Le a! 
ik CA ee rs . ht JS 
| ee, a fff OE S y 
a ale OR je Mian ed 
NNO..0193. Clear, Wing. Pokémon. HT:.3:1.1.2..WT.83.8 lbs. al 
) Whirlwind 
Switch out your opponent’s Active Pokémon to the Bench. 
(Your opponent chooses the new Active Pokémon.) 
8 * Razor Wing 30 
weakness 4x2 | resistance @)-3Q “retreat > 
Ilys. svit As Yanma surveysits territory, it periodically stops to 
D)orta) 002/182 @ hover in place by flapping its wings at high speeds. 
(62025 Pokémon / Nintendo / Creatures / GAME FREAK"
340,Yanmega ex,"icy we * » 
S af <a y 
Ability — » / \ 
fc s and att 
C@a6* one 
weakness 4 ae 7 a 
4. EE Minar your PLncn Oe WT 
Doni % ees (Cis knocked Out, your opponent takes 2 Prize cards. 4"
341,Cynthia's Roselia,"TBASIC =a ug Er ji 
="" Cynthia’s Roselia , d w70 @ 
NO..0315. Thorn. Pokémon .HTis1.WT4.4:Ibs.. aes y) | 
| aaa Soas FF 
1 Spike Sting 20 
Pi Ginest @x2 | resistance — retreat 
ar We ne Poteet posonsin each hand 
OD ieee ewe | 
_ / ©2025 Pokémon / Nintendo / Creatures / GAME FREAK."
342,Cynthia's Roserade,"Ee Cynthia'sRoserade A, 130) 
— Vv ~ NZ LA 
@E@® Cheer On to Glory 
Attacks used by your Cynthia’s Pokémon do 30 more 
| damage to your opponent's Active Pokémon (before applying 
| Weakness and Resistance). 
|@x x Leaf Step 80 
weakness @ x2 | resistance A retreat > 
Illus. En Morikura The poison in its right hand is quick acting. The poison 
Dy (ori) 008/182 * inits left hand is slowacting. Both are life threatening. 
y _ ©2025 Pokémon / Nintendo / Creatures / GAME FREAK -"
343,Shaymin,"BASIC . op rN 
Shaymin = »80@ 
TR FG 
Rt) Up: en id Gia ree | 
ira Sia 
NO. 0492 Gratitude Pokemon. HT: 8""_WT.4.6 Ibs. 
|| 7D Flower Curtain 
Prevent all damage done to your Benched Pokémon that 
don’t have a Rule Box by attacks from your opponent's 
Pokémon. (Pokémon @X, Pokémon V, etc. have Rule Boxes.) 
KK Smash Kick 30 
weakness @)x2 | resistance A retreat 
ne The blooming Sets flowers Rae 
pone the power of flight upon it. Feelings of 
()(xr) 010/182 @ gratitude are the message it delivers. 
©2025 Pokémon / Nintendo / Creatures / GAME FREAK. F"
344,Dwebble,"ky EE eC 
102025 Pokémon Nintendo / Creatures GAME FREAK"
345,Crustle,"= Crustle 40150 
i me =a 
y ) a ae 
NO..0558..Stone Home. Pokémon. HI4:7."".WE. 440.9 Ibs. “ 
@® Mysterious Rock Inn 
| Prevent all damage done to this Pokémon by attacks from 
| your opponent's Pokémon @X. 
|@x* x Superb Scissors 120 
This attack’s damage isn’t affected by any effects on your 
| opponent's Active Pokémon. 
weakness @) x2 | resistance oA retreat KKK 
Ils. Po-Suzuki Its thick claws are its greatest weapons. They're 
(\)(@I) 012/182 « mighty enough to crack Rhyperior’s carapace. | 
i —— ©2025 Pokémon / Nintendo / Creatures / GAME FREAK -"
346,Applin,"1 ay Applin i a : Z w40@ 
ees week é | 
piety > | 7 GIR ee 
NO..0840. Apple Core Pokemon. HT: 8° _WT:.1..L ibs. 
sae A 
@ Mini Drain 10 
Heal 10 damage from this Pokémon. 
weakness @) x2 | resistance ee retreat OK Fl 
E Itgrows by eatingthe flesh ofan apple. Aplin 
| he Tes Keyema ——__ usesits own body fluid to strengthen the 
WET o16s18200 ~ apple’s skinand preventit from rotting. 
y _ - ©2025 Pokémon / Nintendo / Creatures / GAME FREAK 7 -"
347,Dipplin,"IES WAS 
CORA 
LIQ SSX"" | 
1@ Energy Loop 50 
; Put an Energy attached to this Pokémon into your hand. 
weakness @) x2 | resistance A KR"
348,Hydrapple,"STAGE Pu y 
=Wydrapple 4 170 @ 
aa 2 p= Vs y 
SP) | |~ \SLA SaaS 
2 Hydra Breath 
Discard 6 Basic Energy cards from your hand, and Knock 
Out your opponent's Active Pokémon. If you can’t discard 
6 cards in this way, this attack does nothing. 
@* Whip Smash 140 
weakness @ x2 | resistance TA rctreat KK 
Illus. Anesaki Dynamic Seven syrpents live inside an apple made of syrup. 
Dy ora) 018/182 The syrpentin the center is the commander. 
£62025 Pokémon / Nintendo /reatures/ GAME FREAK"
349,Teal Mask Ogerpon,"BASIC 7 y 
} Teal MaskOgerpon w OO : 
WS NY 
* Grass Kagura 
|) Search your deck for a Basic @ Energy card and attach it 
| to | of your Pokémon. Then, shuffle your deck. 
owe ee 
‘@@x Ogre’s Hammer 120 
| During your next turn, this Pokémon can’t use Ogre’s 
| Hammer. 
weakness @x2 | resistance A retreat 
This Pokémon’s type changes based onwhich _ 
|_| ks, tomo! Oza Inaskitsweanng Itonfoundsitsenemies 
| (GI) 026/182 with nimble movements and kicks."
350,Ponyta,"LBASicgan ) 
y—“ Ponyta w70@ 
: wv yoy YCr wge 
( = wv MDYs) 
Ni“ we [. j ioe) Ww as 
ges i A 
Nee 2 G 
NO. 0077_ Fire Horse Pokemon _ HT. 3'3.""_.WT. 66.1 lbs. a 
* Double Headbutt 10x 
Flip 2 coins. This attack does 10 damage for each heads. 
“weakness @ XQ resistance S A retreat °K 
| Illus. Ayako Ozaki Ifyou’ve been accepted by Ponyta, its burning 
| mane is mysteriously no longer hot to the touch. 
Wes 029/182 @ maneisn teriously no longer hot to the tou J 
| {©2025 Pokémon / Nintendo / Creatures / GAME FREAK"
351,Rapidash,"4 Rapidash Fw lO 
a WWE iS VS Ky 
aa YY ee > 
‘ Res (eae x aS 
| Once during your turn, you may draw a card. 
O * Fire Mane 60 
Low ee a 
Illus. SIE NANAHARA. The fastest runner becomes the leader, and it 
('\\(0) 020/782 @ decides the herd’s pace and direction of travel. 
©2025 Pokémon /Nintendo / Creatures /GAME FREAK"
352,Ethan's Cyndaquil,"GBASIC, si gma ] 
NO..0155 fire Mouse Pokémon .HT.1'8°..WI17.4.1bs, FZ A\ 
® Ember 30 
| Discard an Energy from this Pokémon. 
akness @) XQ | resistance ee retreat 
(02025 Pokémon / intend / Creatures / GAME FREAK"
353,Ethan's Quilava,"i/o” Ethan’sQuilava +r lJOOW 
TW \ NY AC 
Wi) MS a) 
neers SHS, Molcane tokemen HLLZ 1 Wil obs 
Once during your turn, you may search your deck for an 
Ethan's Adventure card, reveal it, and put it into your hand. 
|) Then, shuffle your deck. 
1@ Combustion 40 
weakness © XQ resistance eo retreat OK 
IMlus. Sovichirou Gunjima Before battle, it turns its back on its opponent to 
(0) 0337182 © demonstrate how ferociously its fire blazes. 
""©2025 Fokémon/ Nintendo / Creatures /GAME FREAK"
354,Ethan's Typhlosion,"== Ethan's Typhlosion “/wi70 ) 
& Buddy Blast 40+ 
This attack does 60 more damage for each Ethan’s 
Adventure card in your discard pile. 
@Q®* Steam Artillery 160 
weakness © XQ resistance A retreat KK 
Ils. danciao Ithasa secret, devastating move. It rubs its 
Orta} 034/182 blazing fur to cause huge explosions."
355,Ethan's Slugma,"Ethan’s Slugma 30 & 
pm > Ne 
(yan ‘ iy 
1@ Steady Firebreathing 20 
weakness © XQ resistance oA retreat KOK 
lds. Sonosuke Sakuma Its lava body can cool and chip away at times, 
(Cr) 035/182 @ buta magma bath will heal it right up. 
©2025 Pokémon / Nintendo / Creatures / GAME FREAK"
356,Ethan's Magcargo,"‘ “Ethan's Magcargo — “~w 130 & 
KG 1 er) 
If this Pokémon has no Energy attached, it has no 
Retreat Cost. 
QOOe® Lava Burst 70x 
Discard up to 5 ¢ Energy from this Pokémon. This attack 
does 70 damage for each card you discarded in this way. 
weakness © XQ resistance <A retreat KKK 
This Pokémon lives near the craters of 
gts eosioes volcanoes. Itstores fire energy in its shell 
(NIGH 036/182 eaten inane 
~ ©2025 Pokémon / Nintendo / Creatures / GAME FREAK a"
357,Ethan's Ho-Oh ex,"ES pal J | 
Uf Ability Ne Dine ; 
Heal 0 damage rom each afyour Fokdmon, 
! be alles th 
NS ERE? * 
(1 (CE) NN is Knocked Out, om opponent takes 2 Prize a Ly"
358,Hearthflame Mask Ogerpon,"Hearthflame Mask Ogerpon HP 1 10 Cy 
i aa) SSS 
lie) vat 
ef Ot 
i a : in ae 
ok Fire Kagura 
Search your deck for a Basic @ Energy card and attach it 
to | of your Pokémon. Then, shuffle your deck. 
@@®* Searing Flame 80 
Your opponent's Active Pokémon is now Burned. 
weakness @ XQ resistance A retreat OK 
Illus. HYOGONOSUKE This formis the most aggressive, bombarding enemies 
(:)(r) 04471824 with the intensity of flames blazing within a hearth, 
~ ©2025 Pokémon / Nintendo / Creatures / GAME FREAK"
359,Misty's Psyduck,"g Misty’s Psyduck 7 w70 © 
| GX Flustered Leap 
Once during your turn, if this Pokémon is on your Bench, 
you may discard the bottom card of your deck. If you do, 
| discard all cards from this Pokémon and put this Pokémon 
| on top of your deck. 
© Sprinkle Water 30 
weakness 4 XQ resistance s cA retreat OK 
oe Itis constantly wracked bya headache. 
ples. You Nei When the headache turns intense, it 
D)orta) 045/182 @ begins using mysterious powers. 
©2025 Pokémon Nintendo / Creatures / GAME FREAK"
360,Misty's Staryu,"BASIC,“ ee 
hp Laren piss 
; © Bubble Beam 20 
i Flip a coin. If heads, your opponent's Active Pokémon is 
H now Paralyzed. 
- 102025 Pokémon / Nintendo /Creatures/GAMEFREAK"
361,Misty's Starmie,"“ wistysStarmie —— “w lJOO'@ 
6 Abrupt Flash 60+ 
|) If this Pokémon evolved from Misty’s Staryu during this 
turn, this attack does 80 more damage. 
weakness 4 XQ | resistance oA retreat * 
i Starmie swims by spinning its bodyat high 
ths Sareea gen crises 
(1) () 047/182 @ the ocean, it absorbs tiny plankton. 
""©2025 Pokémon / Nintendo / Creatures / GAME FREAK ji"
362,Misty's Magikarp,"EBAsicg¢é . hae” an faal 
Misty’s Magikarp a w3O © | 
ee oe 
ea Po < 
@ED So Submerged 
As long as this Pokémon is on your Bench, prevent all 
| damage from and effects of attacks from your opponent's 
| Pokémon done to this Pokémon. 
Cy Splash 10 
weakness 4 XQ resistance Dal retreat > 
‘lus, Shimaris Yukichi Anuinderpowered, pathetic Pokémon. It may jump. 
{Cr 048/182 @ high on rare occasions but never more than seven feet. 
—— 62025 Pokémon/ Nintendo / Creatures / GAME FREAK"
363,Misty's Gyarados,"CREP Te ee s0n Qa) 
$= visys Gyarados “1800 
ae IN i SY A 
A ee CN 
KT TE wa 4 
A NES) « PLA Way 
SST Ves. 4 Ze) 
© Splashing Panic 70x 
| Discard the top 7 cards of your deck, and this attack does 
|) 70 damage for each Misty’s Pokémon that you discarded 
| in this way. 
(@@x* Waterfall 120 
weakness 7 XQ. resistance Ddirctreat KKH 
‘lus. GOSSAN ‘Once it appears, it goes on arampage. It remains 
Dorie) (049/182 & enraged until itdemolishes everything around it."
364,Misty's Lapras,"Misty’s Lapras -wlld& 
fk [ne gio 
Mee a lM) 
aC) Swim Together 
|) Search your deck for up to 3 Misty’s Pokémon, reveal them, 
and put them into your hand. Then, shuffle your deck. 
Es | | resistance FZ, retreat OK 
lus. En Morikura itferries people across the sea on its back. {t may 
{Cr 050/182 @ sing an enchanting cry if itis ina good mood. 
""©2025 Pokémon / Nintendo / Creatures / GAME FREAK 4"
365,Cynthia's Feebas,"oF | pererer a —, 
GBASIc eS L 
Cynthia’s Feebas | y w3O © | 
ow Undulate 10 
i Flip a coin. If heads, during your opponent’s next turn, 
©) prevent all damage from and effects of attacks done to this 
| Pokémon. 
‘weakness 4 XQ resistance Dad ‘retreat | 
; “This tough Pokémon is perfectly fine even 
les. kemonabe in dirtywater. However, duc to its ragged, 
i. (1) (GE) 053/782 © ~ shabbyappearance, it isn’tpopular. 
__ 62025 Fokémon Nintendo /reatures/ GAME FREAK >"
366,Cynthia's Milotic,"GEC cynics Milotic Aw 130 © 
/ olve LR PO a ee 
Qs g(a \ cS 
Net XP PX). 
SS Eee 
|@x* Aqua Split 60 
| | This attack also does 30 damage to 2 of your opponent's 
©) Benched Pokémon. (Don’t apply Weakness and Resistance 
|) for Benched Pokémon.) 
weakness 4 XQ resistance s A retreat KK) 
Mus. You tribi Its lovely scales are described as rainbow-colored. 
{7 053/182 They change color depending on the viewing angle. 
FF __eatasrkermen intend eaties/GAME FREAK"
367,Buizel,"BASIC, SR y 
=< Buizel ~ wlI® 
co aa 
Fug i J 
NO..0418, Sea Weasel Pokemon. HT: 2'4""_W1:.65 Ibs. y 
ok Tail Whap 10 
© * x Wave Splash 30 
| weakness 4 XQ | resistance eG retreat OK 
| Illus. Ayako Ozaki Itspins its two tails like a screw to propel itself 
{)() 057/182 @ through water. The tails also slice clinging seaweed."
368,Floatzel,"Gsracel, FI J ) 
| y= “Floatzel 1206) 
\ er oe Nd 
Pe PP” zy ner pl 
a) Whirlpool 30 
Discard an Energy from your opponent's Active Pokémon. 
@©* * Aqua Slash 140 
| During your next turn, this Pokémon can’t attack. 
weakness 4 XQ resistance 2 oA retreat j 
thes, shibuzohe With its flotation sac inflated, it can carrypeople 
{\ (CE) osey7es @ onits back. Itdeflates the sac beforeitdives."
369,Dondozo ex,"AS EO « — oe “ge od 
y @* Avenging Billow 30+ 
This attack does 10 more damage for each damage counter 5 
on this Pokémon. 
7, Youmay do 120 more damage. If you do, this Pokémon 
f also does 50 damage to itself. 
A EN ES OSES 
/, (NERDY 0667182 vy4,| CIEE Out, your opponent takes 2 Prize cards 4"
370,Wellspring Mask Ogerpon,"Wellspring Mask Ogerpon y WP 1 10 6 
le ol eam 
ad Water Kagura 
© Search your deck for a Basic @ Energy card and attach it 
to | of your Pokémon. Then, shuffle your deck. 
@©@* Bubble Drain 100 
Heal 30 damage from this Pokémon. i 
Es | | resistance FZ, retreat OK 
This form excels in both attack and 
ples Oe defense. It ceaselessly unleashes 
(1 (C15 0677782 + moves likea spring gushes water. 
102025 Pokémon Nintendo / Creatures /GAME FREAK"
371,Electabuzz,"EBASIC,/ 
Electabuzz — #904) 
DX Electroslug 50 
Sree FS 
Mus. Amelicart Itsbody: constantly discharges electricity. Getting 
(O|(oRts} 068/182@ ; oe Slosio itl pete your hair stand ons"
372,Electivire ex,"'STAGE/], ee 
Electivire@v 280 4 
Evol from Elect DUZZ a 
Prk é 
Zig 4 f 
H* Dual Bolt ‘ 
_ This attack does 50 damage to 2 of your opponent’s 
Pokémon. (Don’t apply Weakness and Resistance for Benched 
Pokémon.) 
4,4) High-Voltage Press 180+ 
If this Pokémon has at least 2 extra Energy attached 
(in addition to this attack’s cost), this attack does 100 more 
damage. 
Ils. PLANETA Mochizuki ee"
373,Ethan's Pichu,"GBASIC// 2 j 
e Ethan’s Pichu he w 30 ® 
wee A* a 
@ Zapping Draw 30 
Draw a card. 
Ills. Norumi Soto itis unskilled at storing electric power. Any kind of | 
shock causesit to disch: ly. 
IO )(ort 071/182 @ es hockesusesst 0 lischarge energy spontaneous} ty 
162025 Pokemon Nitendo /retures/ GAME FREAK"
374,Electrike,"“25 Electrike w00 4) 
Neen f [Sah ~ ae el 
Ne WS RN vA 
SRR SS 
NO..0309.. Lightning. Pokémon. HiT: 2.WI:.33.5.\bs.. al 
ok) Rear Kick 10 
4 * Tiny Bolt 30 
weakness @3) x2 | resistance A retreat Of 
Ils. Narano Itstores electricity in its fur. It gives off sparks from 
t D yore) 075/182°@ all overits body in seasons when theairisdry."
375,Manectric,"STAGE], . y) 
=“Manectric (1204 
| a) Zap Kick 30 
Dxw Flash Impact 120 
_ This attack also does 40 damage to | of your Benched 
Pokémon. (Don’t apply Weakness and Resistance for Benched 
| Pokémon.) 
weakness @) x2 | resistance aA retreat es ql 
tus. lzvech ~~ Itrarely appears before people. Itis said 
Ot 076/182 tonestwhere lightning has fallen. 
| 02025 Fokémon/ Nintendo /Ceatres/GAME FREAK ,"
376,Rotom,"BASIC > 
ulliaa \ ~ 
ea) (eee == 
| HI PX = WS s 
cot it 4S) 
co Astonish 20 
Choose a random card from your opponent's hand. Your 
Opponent reveals that card and shuffles it into their deck. 
| KK) Gadget Show 30x 
This attack does 30 damage for each Pokémon Tool 
attached to all of your Pokémon. 
IMlus. Yoshimi Miyoshi Its electricity-like body can enter some kinds of 
(GQ) 077/182 @ machines and take control in order to make mischief. 
""©2025 Pokémon Nintendo /Creatues/GAMEFREAK"
377,Zeraora,"GSAsic74my ~~ inna! 
Zeraora 100% 
i Te onl Me J Y a 
| ee > SS aan | WS sh Bhi 
\ NO..0807__ Thunderclap Pokemon HT: 4'11.""_WT. 98. 1 lbs. oy 
ok) Scratch 20 
|@AA Thunder Raid 
Discard all Energy from this Pokémon, and this attack does 
210 damage to | of your opponent's Benched Pokémon @X. 
(Don’t apply Weakness and Resistance for Benched Pokémon.) 
weakness @3) x2 | resistance A retreat Of 
Mus. Ryuta Fuse Electricity sparks from the pads on its limbs. Wherever _ 
(1G) 078/182 * Zeraora runs, lightning flashes and thunder echoes. 
i a ©2025 Pokémon / Nintendo / Creatures / GAME FREAK a"
378,Ethan's Sudowoodo,"BASIC, » aul 
] ya cm 
YY 2 > wri 
SS or 
ps owe Be 
‘a pounc 
O (orla)"
379,Cynthia's Gible,"NO. 0443 Land Shark Pokemon. HT.2'4"" WT. 45.2 Ibs. ‘ 
@ Rock Hurl 20 
| This attack’s damage isn’t affected by Resistance. 
,° 7 (©2025 Pokémon Nintendo /Creatues/GAMEFREAK"
380,Cynthia's Gabite,"@IE®D Champion’s Call 
Once during your turn, you may search your deck for a 
Cynthia’s Pokémon, reveal it, and put it into your hand. 
Then, shuffle your deck. 
co) Dragonslice 40 
EE 105/120 lmakoamea A | 
,° 102025 Pokémon / Nintendo / Creatures / GAME FREAK —"
381,Cynthia's Garchomp ex,"Ee ) il. MP ite = ’ G7 y 
ie 4c Bae J p . 
; aE Yi) so a es et ~_- 
\eezrea 7 aa Ss “="
382,Mudbray,"BASIC > (ali 
Dts NOW \a Ww 
4 j A KOK"
383,Mudsdale,"STAGE] FREE: ou J Alli 
é “Mudsdale 70150 
te Ww & Y ; 
Hw As Gu x eae al 
| A INO..0750__ Draft Horse Pokemon. HT. 8'2""_WT.2028.3 |bs.. re 
| Netlatoa 2 ») re Oat 
|) This Pokémon takes 30 less damage from attacks (after 
applying Weakness and Resistance). 
2) * Heavy Impact 130 
weakness @ XQ | resistance A vetreat KKK ; 
This Pokémon has been treasured not just for 
ples Vie its physical labor but also because it produces 
(' (CI) 708/722 + high-quality mud used for making pottery. 
©2025 Pokémon / Nintendo / Creatures / GAME FREAK j"
384,Arven's Toedscool,"GBASIC,A Th 
Arven’s Toe dScool oP w/70 or) 
oe : »! ee eee Y ty 
SSS : N 
® Slight Intrusion 30 
i | This Pokémon also does 10 damage to itself. 
Illus. Fujimoto Gold Toedscool lives in muggy forests. The flaps that 
(rn) 109/182 @ fallfrom its body are chewy and very delicious."
385,Arven's Toedscruel,"( Q ) wolves tromacuen sioedscaol gp — 
Se o ff - =< tg 
Ke) , A be 
PN. ff A) 
HH Reckless 
O (orla)"
386,Cornerstone Mask Ogerpon,"~~ Comerstone Mask Ogerpon —w 110 8) 
Pee ""ey 
Ny ha ”< f= sees oe 
er AN e 4 
1k Rock Kagura 
H Search your deck for a Basic ## Energy card and attach it 
i to | of your Pokémon. Then, shuffle your deck. 
_@@®x* Mountain Ramming 100 
| Discard the top card of your opponent's deck. 
ee ey ee ee ee ee 
; (02025 Pokémon Nintendo / Creatures / GAME FREAK ae"
387,Cynthia's Spiritomb,"BASIC, ee Vi 
Cynthia's Spiritomb 70™ 
‘ NS NF 
Dk) Raging Curse 10x 
This attack does 10 damage for each damage counter on 
all of your Benched Cynthia’s Pokémon. This attack’s 
damage isn’t affected by Weakness. 
weakness @) x2 | resistance A retreat 9 
Mlus. satoma Its constant mischief and misdeeds resulted in it being 
D (Ra) 25/182 bound to an Odd Keystone by amysterious spell. 
162025 Pokémon / Nintendo /reatures/ GAME FREAK"
388,Arven's Maschiff,"“BASIC ae A a ] 
oer: Maschiff my 40 oe 
Gi =e ae ey) 
NO..0942.. Rascal. Pokémon...HI:.1'8""_.WI:.35.3.lbs. H COR YI 
& Stampede 10 
weakness (©) x2 | resistance A retreat (969 
ie Italways scowls in an attempt to make opponents 
: Y take it seriously, but even crying children will burst 
0 138/182 @ into laughter when they see Maschiff’s face. 
162025 Pokémon Nintendo / Creatures GAME FREAK"
389,Arven's Mabosstiff ex,"CLEP ‘ 
yr Arven's Mabosstiff @X¥ 270 eo 
Y — Za wo 
iN a E S) ot 
S yep 8 _ Sa 
TeX Ne 
C/ &3 Vigorous Tackle 30+|7 
VE \f this Pokémon has no damage counters on it, this attack 
does 120 more damage. a 
1g GSG968 Boss Headbutt 210 %§ 
, During your next turn, this Pokémon can’t use Boss 
Headbutt. 
/ weakness @) x2 | resistance PD retreat C08 a > 
& Pokémon ex rule gg Ys 
ti ctest — —saneatoes es R 
Dona Lig, | CET"
390,Tauros,"BASIC 4 
Tauros sw 130. 
iS TW —l AY) 
LS 2). oO iF 
rN ‘ I Ya aA 
rd Horn Attack 30 
Medea Clean Hit 50+ 
| If your opponent’s Active Pokémon is an Evolution Pokémon, 
| || this attack does 50 more damage. | 
weakness @ x2 | resistance eA retreat WHR 
Illus. yuu When it targets an enemy, it charges furiously: 
OG 152/182 @ as while whipping its body with its long tails) 
BIRGSGEEFodmon/Ninando creatures GAME FREAG 7"
391,Arven's Skwovet,"GBASIC// J 
Arven's Skwovet y w0 ®) 
Ss Laws = 
| co Sy sea fay 
oe a ay ( , IX) G Wea 
as Re \ 4 ed 
ed Gnaw Through 10 
Before doing damage, discard all Pokémon Tools from your 
| \ opponent’s Active Pokémon. 
{ ieee AA ae RH ee 
weakness @ x2 | resistance eA retreat cy 
Itstores berries nits cheeks. When th 
Hes Cowal KATO, Bares toBe found, iovet wil stuff petbles 
(GID 152/122 @ - into its cheeks to stave off its cravings. 
""162025 Pokémon Nintendo / creatures / GAME FREAK"
392,Arven's Greedent,"STAGE], ) 
GEE arvens Greedent aw 120 oe) | 
/ emer tal 
hg ws 
| OOaN A 
oT 4 Pio. 1 
ye Ne aoe 
NO..0820.. Greedy. Pokémon..HT:,2"".WI.13.2.Ibs. \ UA i) 
) Greedy Order 
When you play this Pokémon from your hand to evolve 
| of your Pokémon during your turn, you may put up to 
2 Arven’s Sandwich cards from your discard pile into 
| your hand. 
ob) Rolling Tackle 50 
weakness GB) x2 | resistance oA retreat WR) 
: Ifit spots a berry tree, it will immediately go | 
jlles, Aldra Komayaneal to gatherberries without asidewaysglance— 
GHD 59/182 « evenifit’sin the middle ofabattle. | 
i an ©2025 Pokémon / Nintendo / Creatures / GAME FREAK i"
393,Pineco,"Pa UG 
: ©2025 Pokémon / Nintendo / Creatures / GAME FREAK."
394,Shroomish,"== Shroomish ~ wh0@ 
Ke SASS Ire WYK 4 B AYAAR 
? FE: Is Y i, A 
KK Rolling Tackle 30 
Illus. IKEDA Saki It prefers damp places. By day it remains still in the 
(Gr) 005/182 @ pee It HOON powder fromits head."
395,Breloom,"STAGE, a Py AA (AN 
¥=* Breloom Zw120@ 
olves from Shroomish = 
Fe wa 
my eae > SS - or | 
kK Damage Rush 30+ 
Flip a coin until you get tails. This attack does 50 more 
damage for each heads. 
| @¥** Mega Drain 90 
|| Heal 30 damage from this Pokémon. 
weakness @ x 2 resistance aA retreat 0K) 
Ils. nisimone Itscatters poisonous spores and throws powerful 
(Gr) 006/182 @ _ punches while its foe is hampered by inhaled spores. 
{©2025 Pokémon/ Nintendo / Creatures / GAME FREAK"
396,Mow Rotom,"LEP Fe PY =~nwa) 
Mow Rotom wI0®@ 
y A AN x | 
\@ Trimming Mower 20 
Discard a Stadium in play. 
|) >) Gadget Show 30x 
|| This attack does 30 damage for each Pokémon Tool 
attached to all of your Pokémon. 
weakness @ x2 | resistance A retreat > 
Ils. Rianti Hidayat The lawn mower is one of the household appliances 
(7) 009/182°@ that led to the development of the Rotom Dex. 
y _ ©2025 Pokémon / Nintendo / Creatures / GAME FREAK -"
397,Fomantis,"(Basics 5 aa 
=5""Fomantis: w00@ 
Ae at FP \ 4) F 
YA VEY i” => aaa 
I~ KA - FA 
SA Vis 
weakness @) x2 | resistance A retreat OK 
Ilus. mashu Fomantis hates having its naps interrupted. It fires off 
(Gr) 013/182 @ beams using energy it gathers by bathing in the sun."
398,Lurantis,"Ustacel, ae . ey) » 
¢2""Lurantis _7w120@ 
0 Zee Gt ap 
ae Pye Bea An 
Sages 9) Meer ol”: 
Wo UP Ks 
NO. 0754. Bloom Sickle Pokemon_HT: 2'11""_WT: 40.8 Ibs. 
*) Razor Leaf 30 
1@ Petal Blade Dance 130 
Discard 2 Basic @ Energy cards from your hand. If you 
H can’t discard 2 cards in this way, this attack does nothing. 
reaines QRD | resistance A retreat K ‘"
399,Team Rocket's Blipbug,"GBASIC y] » 
ls Team Rocket's Blipbug i “w60 @ 
| Be ae 
NO. ee —— eemerreer 17.6 Ibs. : ‘ | 
x Searching Eyes 
Look at | of your opponent's face-down Prize cards. 
weakness @x2 | resistance A retreat 
thus. buchi Geng etine tae iene irerokémon has haiee ona 
| (\\(01) 075/162 © its body that it uses to assess its surroundings. |"
400,Team Rocket's Tarountula,"BASIC, ie ey —« KAN 
a Team Rocket's Farountula ~ w50@ 
NY LJ} NS VE oh : 
ms) BBC ae 
L\ \ ALN LY 7 
) Wrens a a & Eee 
NA 9 Ory 3 
NO..0917..String Ball: Pokémon. HiT:.1..W-8.8 bs. =) 
@ Take Down 30 
| This Pokémon also does 10 damage to itself. 
weakness @ x 2 resistance aA retreat > 
z ‘The ball of threads wrapped around its body 
pers saboted iselastic enough to deflect the scythes of 
(\GID o1o/1e2@ Scythe, this Pokémon’s natural enemy. 
(©2025 Pokémon / Nintendo / Creatures /GAME FREAK"
401,Team Rocket's Spidops,"STAGE, Dl) (A 
Soa y (ee"
402,Smoliv,"BASIC A op aN 
Smoliv ~ w60@ 
Zt Pg re 
pe OR at Be “i 
SO se ae <a N %. 
NO..0928. Olive Pokemon HT..1_ WT. 14.3 Ibs. o 
bd Ram 10 
weakness @)x2Q | resistance A retreat OK 
x Itprotects itself from enemies by emitting oil 
pie: eke Mor from the fruiton its head. This oil is bitter and 
(05) 021/182 @ astringent enough to make someone flinch. 
Z ©2025 Pokémon / Nintendo / Creatures / GAME FREAK r"
403,Dolliv,"Ustace], < a y % 
+= Dolliv 4 w9D® 
/ se olves from moll 73 f 
te “+ ef ase ew \ 
re S) BS S 
é NO..0929. Olive Pokemon. HT: 2° WT: 26.2 Ibs. “sf 
@ Nutrients 
| Heal 40 damage from | of your Pokémon. 
>) ob) Tackle 40 
weakness @x2 | resistance A retreat > 
& Dolliv sharesits tasty, fresh-scented oil 
puteeitelicte Cet with others. This species has coexisted 
(\)(@E) 022/182 @ with humans since times long gone. _ 
i —— ©2025 Pokémon / Nintendo / Creatures / GAME FREAK 7"
404,Arboliva ex,"(srace =~ ex a1n A) 
é ee: HP EW SE 
( ¥ } fuolves ay boll ae ae PERE Ae 
= Ae hE 
* + AromaShot ‘160. 
ess @ XQ | resistan : OK Ff 
“lls, PLANETA Tsuji er = S jen your okémon CX y) 
~ Dioxin) (a > is Knocked Out, your opponent takes 2 Prize cards. 4"
405,Growlithe,"=<=<Growlithe 80 
@ Live Coal 10 
OK Dig Claws 20 
Re a oe OC 
(IEEE arisen py"
406,Arcanine,"“Arcanine ., ~l40@ 
ok) >) Flare 50 
@** Punishing Fang 100+ 
If your opponent’s Active Pokémon is a @ Pokémon, this 
|) attack does 100 more damage. 
a (CF) rough"
407,Team Rocket's Moltres ex,"BASIC fp/ 
Team Rockets Moltres@,¢ 7 »220 CY 
fo / The it = 
P ®* * Flame Screen 110 | 
During your opponent's next turn, this Pokémon takes 
50 less damage from attacks (after applying Weakness and 
My Resistance). ‘i 
/ & * * * Evil Incineration j 
Discard a Team Rocket's Energy from this Pokémon. If you ‘4 
do, discard your opponent’s Active Pokémon and all 
attached cards. 
Y weakness 4 XQ resistance (8) -3Q7 retreat OK 
etc. — Roe Meio ate ress cononens tates 2 bee sar, y 
— 1©2025 Pokémon / Nintendo / Creatures / GAME FREAKS ————"
408,Team Rocket's Houndour,"Team Rocket's Houndour. w70 & 
LISS, o% = 
rH =) Abe | 
ma, eh) Ped 
Ne ee | 
& Steady Firebreathing 20 
weakness @ XQ resistance A retreat OK 
Ils. Krge Itis smart enough to hunt in packs. It usesa 
Doria} 037/182 @ variety of cries for communicating with others."
409,Team Rocket's Houndoom,"STAGE], ae FECT 
Team Rocke’s Houndoom “w 130 & 
Q fe BS 
Vay tl wa 
Aaa ay, “) 
& Cruel Coal 
Your opponent's Active Pokémon is now Burned and 
Confused. 
@ * Scorching Fire 120 
Discard an Energy from this Pokémon. 
weakness @ XQ ___ resistance Z iA retreat OK OK 
Illus, Anesaki Dynamic Ifyou are burned by the flames it shoots from 
| (CED 028/182 @ its mouth, the pain will never go away. 
_ ©2025 Pokémon / Nintendo / Creatures / GAME FREAK _"
410,Torchic,"Torchic ~ wIW® 
x) Collect 
Draw a card. 
g Combustion 10 
waned eae oA retreat OK ; 
Torchic feel: if hugit. Ith; 
Hs, Tike Matsuno frre eet eb ancltne temas bith 
{)(G0) 040/182 @ continuously as long as Torchic has life in it. 
""©2025 Pokémon / Nintendo / Creatures / GAME FREAK."
411,Combusken,"y Combusken 4, 100 8 
F/T hg Bae 
x) Combustion 20 
Ox Double Kick 40x 
| Flip 2 coins. This attack does 40 damage for each heads. 
CEE ee aS ee CL 
lus. you It boosts its concentration by emitting harsh cries. 
(:)(Cr3) 041/182 @ Its kicks have outstanding destructive power. 
025 Pokémon / Nintendo / Creatures /GAME FREAK"
412,Blaziken,"Y “Blaziken ~ I7OW 
im | N= waar PA WS 
| Ny yy y | ae Vs », 
7, VA yee Vw iA 
ay Sif 
wr. Pa — 
KK) Heat Blast 70 
@Q@®* Inferno Kick Flurry 120 
|) Discard 2 Energy from this Pokémon. This attack also does 
f 120 damage to | of your opponent’s Benched Pokémon. 
(Don’t apply Weakness and Resistance for Benched Pokémon.) 
weakness © XQ resistance A retreat KK 
Illus. Kazumasa Yasukuni Whenfacingatough foe, itlooses flames fromits wrists. 
(Cr) 042/182 * Its powerful legs let itjump clear over buildings. 
{©2025 Pokémon / Nintendo /Creatures/ GAME FREAK,"
413,Heat Rotom,"Heat Rotom - B08 
ay wr 
a 1 |nad as 
ip ~ tS 
ZC fo See 
& Singe 
|} Your opponent's Active Pokémon is now Burned. 
Kk) Gadget Show 30x 
| This attack does 30 damage for each Pokémon Tool 
attached to all of your Pokémon. 
weakness @ XQ resistance oA retreat KOK 
Jee Cane misovasonl is 
oe notworking properly, then the Rot 
(ICE 4371226 cial becomelethaiie 
“©2025 Pokémon Nintendo / Creatures / GAME FREAK"
414,Team Rocket's Articuno,"BASICy< Z . 5 
Team Rocket’s Articuno HP 120 C§ 
ae! | ZB 
ZCITTSaD Repelling Veil 
Prevent all effects of attacks used by your opponent's 
Pokémon done to your Basic Team Rocket's Pokémon. 
(Existing effects are not removed. Damage is not an effect.) 
@©* x Dark Frost 60+ 
If this Pokémon has any Team Rocket’s Energy attached, 
this attack does 60 more damage. 
“weakness 4 x2 resistance (3-30) ex retreat > 
| los. Mitsuhiro Arta This Pokémon can controlice at will. Articuno is said 
L (1) (Co) 051/182 * to live insnowy mountains riddled with permafrost 
2025 Pokémon / Nintendo / Creatures / GAME FREAK"
415,Clamperl,"BASIC, ‘a ae, 
r Clamperl w60® 
Barer A\ ‘ J S bi 
ye Ed ‘ f West 
""| een NY ig, 
IY sic,’ eA \M ae \ | 
VOWS JW se 
NO. 0366. Bivalve Pokemon HT:1'4""WT..115.7.lbs.. va 
Cy Shell Press 10 
| During your opponent's next turn, this Pokémon takes 
10 less damage from attacks (after applying Weakness and 
\) Resistance). 
Weakness 7 KD |, veskstance TAretreat KK 
Mus. Miki Tanaka Clamperl’s pearls are exceedingly precious. They can 
{)() 054/182 @ be more than 10 times as costly as Shellder’s pearls. 
{2025 Pokémon / Nintendo / Creatures / GAME FREAK"
416,Huntail,"STAGE], fates . Rak DEL 
Huntail oe 7wlld@ 
kame e: - . 
mS WV ery RY 
SES > 7 OR} Race 
SN Ve SES j Vax jit 
LOZ SRA I Ay 
NO..0367_Deep Sea Pokemon_HI..5'7""_WT:.59.5 lbs. va 
| @XITED Diver’s Catch 
When | of your @ Pokémon is Knocked Out by damage 
from an attack from your opponent’s Pokémon, you may 
| put all Basic @ Energy attached to that Pokémon into your 
| hand instead of the discard pile. 
|@* x Wave Splash 80 
weakness 4 x resistance ed retreat * 
Deep seas are their habitat. According to 
files Seax. tradition, when Huntail wash up onshore, 
{')(CXT) 955/182 + something unfortunate will happen. 
’ ©2025 Pokémon / Nintendo / Creatures / GAME FREAK"
417,Gorebyss,"yy Gorebyss A w90® 
© Crescendo Wave 30x 
| This attack does 30 damage for each @ Energy attached 
| to this Pokémon. Before doing damage, you may attach any 
| number of Basic @ Energy cards from your hand to this 
| Pokémon. , 
: Itsucks bodily fluids out of its prey. Th 
Hs crs a Teltover feats the seatioor hrs 
(1) (CIE 9567182 itbecomes food for other Pokémon. 
""©2025 Pokémon / Nintendo /reatures/GAME FREAK"
418,Snover,"tk ion f> es rs x boo? V y 4s Rb 
heap ae [> if Fe cr 
aes & L< Me ae 
ok ob) Light Punch 20 
ieee one 
WICH os9/192@ snow-covered summitinthespring."
419,Abomasnow,"22K) ~~ Lunge Out 90 
|| If this Pokémon has 2 or more @ Energy attached, this 
| attack does 120 more damage. 
Weakness @ XQ resltance LT 
Agee Itlivesa quiet life on ppurtainy thatare 
(CI 060/122 aise clea"
420,Wash Rotom,"Wash Rotom ~~ ,80@ 
NO..0479_ Plasma Pokemon HT:.1""WT- 0.7. Ibs. va 
© Manual Wash 20 
_ Heal 10 damage from each of your Pokémon. 
| ok >) Gadget Show 30x 
| This attack does 30 damage for each Pokémon Tool 
| attached to all of your Pokémon. 
weakness 4 XQ resistance s oA retreat OK OK 
lus, miki kudo This Rotom has entered a washing machine: Ithods 
{)(r) 061/182 @ with satisfaction after it floods the surrounding area. 
©2025 Pokémon / Nintendo / Creatures /GAME FREAK"
421,Arrokuda,"BAS Guta | Tp * 
=== Brrokuda w10 
Re oN 
a! a ee 
RY se) Dm 
IN LEIS 
Re NX GQ) S I ~ 
RaGig aX ‘° = \ 
_ a Aaa’ 
NO..0846. Rush Pokemon. HT:.1'8"" WT. 2.2 Ibs. yo 
6 Reckless Charge 30 
This Pokémon also does |0 damage to itself. 
weakness 4 XQ resistance 3 oA retreat : 
(1) (C15 0637782 © are the firstto be targeted by flocks of Wattrel."
422,Barraskewda,"STAGE |], ea Ze a 
=~ Barraskewda 4 130 © 
aC) Sharp Fin 40 
| Flip a coin. If heads, during your opponent’s next turn, 
) prevent all damage from and effects of attacks done to this 
| Pokémon. 
weakness 4 XQ resistance A ictveat OK | 
itspins its tail fins to leap from the water, 
Hs, Keke Umma Beets coun onysrnal 
Diora) (063/182 @ flying close to the water's surface. 
©2025 Pokémon / Nintendo / Creatures / GAME FREAK. J"
423,Cetoddle,"@* Gentle Slap 30 
© @©© * Frost Smash 80 
Weslnes OD Feastane FEE 
Mee & Gis y Gellfthe ocean accaosan 
(©2025 Pokémon / Nintendo / Creatures / GAME FREAK. e"
424,Cetitan ex,"STAGE), ° ay x y 
= CetitaneX 4300 6 
E ss 7 io $ 
SS i) | Ee 
ep NG ; 
GED Snow Camouflage q 
___ Whenever your opponent plays an Item or Supporter cardp 
from their hand, prevent all effects of that card done to” 
this Pokémon. 
© © © * Crushing Press 140+ 
You may discard a Stadium in play. If you do, this attack _ 
does 140 more damage. as 
""Weakness Y) XQ | resistance Me + ee N 
oe, AS When your Pokémon ex) 
| es je, (Us Knocked Out, your opponent takes 2 Prize cards. 44 
"" [62025 Pokémon Nintendo / Creatures /GAME FREAK \"
425,Team Rocket's Zapdos,"GBASIG,/~ aN Dd 
Team Rocket’s Zapdos HP 120 4) 
~ J y amy | 
AX iz , 
NO..0145 Electric Pokémon HT: 5:3."" Wi1.16.lbs. { aw 
) ok) Jamming Wing 30 
You may move an Energy from your opponent's Active 
Pokémon to | of their Benched Pokémon. 
| 4x Wicked Thunder 60+ 
If this Pokémon has any Team Rocket’s Energy attached, 
this attack does 60 more damage. 
weakness 4) x2 | resistance @-3Q _ aw“ retreat >) 
: Zapdos is a legendary bird Pokémon. It’s said 
Mus. Nurikabe that when Zapdos rubs its feathers together, 
i) 070/182 * lightning will fall immediately after. 
_ ©2025 Pokémon / Nintendo / Creatures / GAME FREAK"
426,Team Rocket's Mareep,"BASIcg/ i : 
Team Rocket’s Mareep AX 0} 0) 4 
« YO Son, ee 
ow Procurement 
| Search your deck for an Item card, reveal it, and put it into 
your hand. Then, shuffle your deck. 
/ Tiny Bolt 10 
weakness @3) x2 | resistance eG vetreat OK) 
Mus. Teeziro If static electricity builds in its body, its fleece 
(1) 072/182 @ doubles in volume. Touching itwill shock you. 
a ©2025 Pokémon / Nintendo / Creatures / GAME FREAK"
427,Team Rocket's Flaaffy,"lA Team Rocket's Flaaffy i HP 
Net g i. (CA se fee 
en I g 
2) *) Thunder Shock 50 
Flip a coin. If heads, your opponent's Active Pokémon is 
now Paralyzed. 
weakness @) x 2 resistance RE retreat KK 
Ils. Jerky Asa result of storing too much electricity, it developed 
(19 073/182 @ patches where even downy wool won't grow. 
£62025 Pokémon / Nintendo /reatures/ GAME FREAK"
428,Team Rocket's Ampharos,"STAGE, y 
PEE Team Rocket’s Ampharos Aw 140 4 J 
- ae aes 
@IE®D Darkest Impulse 
Whenever your opponent plays a Pokémon from their hand 
to evolve | of their Pokémon, put 4 damage counters on 
that Pokémon. The effect of Darkest Impulse doesn’t stack. 
4%) Head Bolt 140 
weakness @) x2 | resistance oe retreat KK) 
Ilus. Shiburingaru The bright light on its tail can be seen far away. Ithas 
{1} CE) 074/182 been treasured since ancient times as a beacon. 
2025 Pokémon / Nintendo / Creatures /GAME FREAK"
429,Team Rocket's Drowzee,"Basle’ 3 
Team Rocket’s DrOwZee A330) © 
Wi WN RS \ 
f i SS i p \ 
fo Ze al 
{ <S hi ay 
sal \\ied V4 
kK) Hypnotic Ray 10 
| Your opponent’s Active Pokémon is now Asleep. 
[Weakness XQ | resistance H=GQ. eet vetreat Ok OK 
| lus. motozo Itremembers every dream it eats. It rarely eats the 
| ()GHED 070/182 @ _S*amsofadults because children’s are much tastier ; 
{©2025 Pokémon / Nintendo / Creatures / GAME FREAK"
430,Team Rocket's Hypno,"STAGE], . eee Wanna 
(a ie Rocket’s Hypno Aw 130 © 
card {i i ¥ 
es jaa ©) At 
cs f S Fa = 
|© Psyshot 40 
'©©© Bench Manipulation 80x 
| Your opponent flips a coin for each of their Benched 
) Pokémon. This attack does 80 damage to your opponent’s 
} Active Pokémon for each tails. This attack’s damage isn’t 
affected by Weakness or Resistance. 
“weakness @) x 2 resistance (¢4)-3Q A retreat Kk | 
Illus. Yuya Oka Whenit locks eyes with an enemy, itwill useamix 
('\\(@0) 00/182 @ Of psi moves, such as Hypnosis and Confusion 
102025 Pokémon /Nntendo/ Creatures /GAME FREAK F"
431,Team Rocket's Mewtwo ex,"GBASIC~ ap r 
Team Rocket's Mewtwo(2,< YI “280 © 
En g r 
This Pokémon can’t attack unless you have 40r more Team 
Rocket’s Pokémon in play. PA 
© ©x* Erasure Ball 160+7! 
You may discard up to 2 Energy from your Benched 
Pokémon. This attack does 60 more damage for each card 
you discarded in this way. j, 
weakness Q x 2aab “a. WZ, 
DO) brta) 081,182) 8 aS nocked Out, your opponent takes 2 Prize cards. y"
432,Team Rocket's Wobbuffet,"BASIC, & Bae Funan 
ae Rocket's Wobbuffet ~ np ] 10 © 
= AG (a) Nes 
ee ee) 
NO.0202. Patient, Pokémon. Hi4'3*_.Wi:.62.8.bs. ‘s 
pO eee ee 
© *®) Rocket Mirror 
|| Move all damage counters from | of your Benched Team 
|) Rocket's Pokémon to your opponent's Active Pokémon. 
|®*% Headbutt Bounce 70 
Weakness @)xQ | resistance BGO eM retreat Ok Ok 
Illus. Kazumasa Yasukuni Tokeep its pitch-black tail hidden, it lives quietly 
(Cr) 082/182 + in the darkness. Itis never first to attack. | 
) ©2025 Pokémon / Nintendo / Creatures / GAME FREAK ni"
433,Team Rocket's Chingling,"BASIC, ° . y mar, 
* a Rocket’s Chingling woO © 
Fn gs LD 
S pie 
| F . ry Sees ay a 
te Fawr i OT te {| 
{ el Pokemon, 1 3Ibs. a OS 
ee ad 
Chiming Commotion 
Discard a random card from your opponent’s hand. 
| Weakness XQ | resistance GO eee retreat i 
Mlus. Mina Nakai There is an orb inside its mouth. When it hops, the | 
(' (C09) oes/122 © orb bounces all over and makes aringingsound. | 
(©2025 Pokémon / Nintendo / Creatures /GAME FREAK _—"
434,Team Rocket's Mimikyu,"BASIC, . ° y 
Basic“ 5 
Team Rocket’s Mimikyu wO0O © 
S wee, 
NO..0778 Disguise. Pokemon. Hf: 82. h,5ibs | 
a Eee 
© x Gemstone Mimicry 
| Choose | of your opponent’s Active Tera Pokémon’s attacks 
| and use it as this attack. 
[Weines x2 | resitance-GO etree 
| fh This Pokémon lives in dark places untouched by 
em sunlight. When it appears before humans, ithides 
(1) (Cr) 087/182 @ itself under a cloth that resembles Pikachu, 
£62025 Pokémon / Nintendo / Creatures GAME FREAK"
435,Team Rocket's Dottler,"STAGE], Tee yy lp—\ 
orn Rocket’s Dottler fe 90 © 
Bek. \ Pa 
ok Disruptive Radar 
| Look at the top 5 cards of your opponent's deck and put 
|) them back in any order. 
TOR Super Psy Bolt 30 
weakness @) x 2 resistance (9) -3Q sec retreat > Ok 
Ilys. Seav Asitgrows inside its shell, it uses its psychicabilitiesto 
{i} 088/182 @ monitor the outside world and prepare for evolution, 
{2025 Pokdmon/ Nintendo /reatures/GAME FREAK ="
436,Team Rocket's Orbeetle,"‘Sracea A We anne 
Ean Rocket's Orbeetle ue 130 © 
p 1NO..0826 .Seven, Spot Pokémon, HTis1:43s\WZ.89.9 IDSs Al 
\@ ability »)} 
\] As often as you like during your turn, you may move 
|) | damage counter from | of your Team Rocket's Pokémon 
| | to another of your Pokémon. 
'©*x* Psychic A0+ 
This attack does 40 more damage for each Energy attached 
to your opponent’s Active Pokémon. 
Weakness @Q) x2 resistance (49)-30Q)_ ext retreat > > F 
= : Itemits psychic energy to observe and study 
nt Bia ae What's around it—and what's arounditean_ 
(er) 089/182 @ include things over six miles awe 
£62025 Pokémon / Nintendo / Creatures /GAME FREAK"
437,Mankey,"BASIC, »¥ 
NS hy. B19 Sas 
SAA C ~ \My 
1NO..0056 Pig Monkey. Pokémon iis18i.WiTs614Zlbs. 
Cys gra Sey a 
Orin"
438,Primeape,"STAGE), . Be: Ene J (Alli) 
=“ Primeape rw lO® 
4 NO..0057_.Pig. Monkey Pokemon HE 3'3_W70.5 lbs.__g“ 
(a) Drag Off 
|) Switch in | of your opponent's Benched Pokémon to the 
| Active Spot. This attack does 30 damage to the new Active 
Pokémon. 
weakness ©) XQ |, resistance A vetreat KK ; 
lus. GOTO minori Itbecomes wildly furious if it even senses someone 
(Cr) 091/182 © looking at it. It chases anyone that meets its glare. 
F ©2025 Pokémon / Nintendo / Creatures / GAME FREAK i"
439,Annihilape,"aS ase Bun 
Fe Nea f \S ) a eN QA 
iS SS iN ba iA 
= eso k da V 5% ATE 
Ss ae — SE 4 
@X7ED Lose Cool 
If this Pokémon has 2 or more damage counters on it, 
) attacks used by this Pokémon do 120 more damage to your 
F opponent’s Active Pokémon (before applying Weakness and 
| Resistance). 
Ce) Impact Blow 160 
During your next turn, this Pokémon can’t use Impact Blow. 
’ 102025 Pokémon Nintendo / Creatures / GAME FREAK —"
440,Team Rocket's Larvitar,"BASIC, »¥ aul 
o biorF weg it . ms m4 
2M es Set Se 
all | 4d) CNN 
va ye May ee S gM 
O (orIa)"
441,Team Rocket's Pupitar,"“~ Team Rocket's Pupitar : oe 100 rr) 
olves from Team Rocket's Larvit e 
A NO...0247.. Hard Shell, Pokémon wHT.3214.2.WI:.335..1bs. Apo | 
SATE ETRE 
i ok Explosive Ascension 30 
| Search your deck for a card that evolves from this Pokémon 
Hf and put it onto this Pokémon to evolve it. Then, shuffle 
_ your deck. 
“weakness @) XQ | resistance A retreat > Sa 
a spa ies around wildly ventingwith 
162025 Pokémon / Nintendo /reatures/ GAME FREAK"
442,Team Rocket's Tyranitar,"(STAGE, 4 ) 
| SPAT | 
O (ria)"
443,Nosepass,"BASIC, = 
NO..0299. Compass Pokemon. HT: 3'3""WT:213.8 ibs. 
(aia adbut! 
@ j ‘ft KOK 
©2025 okdmon/ Nintendo Creatures / GAME FREAK"
444,Probopass,"NO. 0476. Compass Pokemon. HT: 4'7.""WT:749.6 lbs. 
) Power Gem 40 
~%) 2% Mountain Drop 70+ 
If a Stadium is in play, this attack does 70 more damage. 
Eira ae Fao ani led Mint Nano"
445,Meditite,"BASIC, FIP ce y A 
Meditite w70 
1@ Steady Punch 10+ 
Flip a coin. If heads, this attack does 20 more damage. 
weakness ©) x2 | resistance od retreat 
lus. MINAMINAMI Take itnever skips its daily yoga training, Itheightens 
(Cr) 099/182 @ its inner strength through meditation. 
~ ©2025 Pokémon / Nintendo / Creatures / GAME FREAK yi"
446,Medicham,"STAGE], ) (al 
WS Ps emiss 
dt Te : 
NO..0308. Meditate Pokemon. HT. 4'3""_WT..69.4 Ibs. 
S oppone 
Ox weet 
Doin 
{2025 Pokémon / Nintendo / Creatures / GAME FREAK"
447,Regirock ex,"Ae SH 
Ly caine ] 5 COL. 
. fe When your Pokémon @X ))"
448,Team Rocket's Ekans,"BASIC en - re | 
Team Rocket’s Ekans 700) 
3 eee f 
! Z in al gE Ze 
‘eo jy ~s 
Dk) Drag Down 
Flip a coin. If heads, your opponent's Active Pokémon is 
now Paralyzed. . 
e Gnaw 2 10 
weakness () x2 | resistance A” retreat a 
Illus. KENCHIRO ITO Itcan freely detach its jaw to swallow large prey 
fi] i173 © whole, Itcan become too heavy to move, however. 
102025 Pokémon Nintendo / Creatures / GAME FREAK"
449,Team Rocket's Arbok,"STAGE], pe 19K /o. | 
la, Team Rocket’s Arbok HP 30 ) 
eZ fe as a 
gs Ni 
Ang Re 
1NO.0024. Cobra Pokémon 1:62. Wini4a.albs \ | 
As long as this Pokémon is in the Active Spot, your 
opponent can’t play any Pokémon that has an Ability from 
their hand, except for Team Rocket’s Pokémon. 
©OO©O© Spinning Tail ‘ 
This attack does 30 damage to each of your opponent's 
Pokémon. (Don’t apply Weakness and Resistance for Benched 
Pokémon.) % 
weakness (©) x2 | resistance A” retreat Cree 
Illus. Teeziro The pattern on its belly appears to be a frightening 
OD le) 543/722 @ _ '2¢e: Weak foeswill flee just atthe sight ofthe pattern. 
{©2025 Pokémon / Nintendo / Creatures / GAME FREAK"
450,Team Rocket's Nidoran♀,"BASIC en . aT Pe 
Team Rocket’s Nidoran 2 ay A 0) eo 
NO..0029.. Poison. Pin, Pokemon. Hi.14"". WI:.15.4 Ibs. if /| 
© Surprise Attack 30 
Flip a coin. If tails, this attack does nothing. i 
weakness () x2 | resistance A retreat (9 : 
ii It uses its hard incisor teeth to crush and eat 
MAREN. berries. The tip of a female Nidoran’s hornisa bit 
['] 114/182 @ more rounded than the tip ofa male’s horn. 
{82025 Pokémon Nintendo /Cretures/ GAME FREAK"
451,Team Rocket's Nidorina,"STAGE], e . ° YA eo 
Ou ‘ On eo 
CO Team Rocket’s Nidorina w4V } 
© Dark Awakening 
Choose up to 2 of your @ Pokémon. For each of those 
Pokémon, search your deck for a card that evolves from 
that Pokémon and put it onto that Pokémon to evolve it. 
Then, shuffle your deck. 
O® Scratch 50 
weakness (3) x2 | resistance A” retreat eee 
ee If the group is threatened, these Pokémon 
Eee Ne will band together to assault enemies 
['] 115/182 @ with achorus of ultrasonic waves. 
162025 Pokémon / Nintendo /reatures/ GAME FREAK"
452,Team Rocket's Nidoqueen,"STAGE, 4 . TI 
A Team Rocket’s Nidoqueen HP 170 © 
fi a S : Wy \ 
© Love Impact 60+ 
If a Pokémon that has “Nidoking” in its name is on your 
Bench, this attack does 120 more damage. 
OO Mega Kick 130 
weakness (2) x2 | resistance A retreat 909 E3 
Itpacifies offspring by placing them in the gaps 
Megobne! between the spines on its back. The spines will 
['] 116/182 @ never secrete poison while young are present. 
162025 Pokémon / Nintendo /reatures/ GAME FREAK"
453,Team Rocket's Nidoran♂,"BASIC 4 5 Th 
Team Rocket’s Nidoran o# Py 40 iC ) 
Po Ml Ni 
- Sha j hn ae i] 
— Ns oa 
= we eq Yea aN k 
© Pierce 10 
Ox) Hammer In 30 
weakness (2) x2 | resistance A retreat (9 
ieee Small but brave, this Pokémon will hold 
Epa: its ground and even risk its life in battle to 
0 117/182 @ protect the female it’s friendly with. 
©2025 okdmon Nintendo /Creatues/ GAME FREAK"
454,Team Rocket's Nidorino,"STAGE |], age ° ° a. 
| a Team Rocket's Nidorino “mp 1UU ) 
‘ee “ ZA 
OE Hammer In 30 
©C®€s Horn Rend ~ 60+ 
If your opponent's Active Pokémon already has any damage 
counters on it, this attack does 60 more damage. 
weakness (©) x2 | resistance A” retreat Cree 
It’s nervous and quick toactaggressively. The 
Illus. KEIICHIRO ITO 
potency of its poison increases along with the 
['] 118/182 @ level of adrenaline present in its body. 
162025 Pokémon / Nintendo /reatures/ GAME FREAK"
455,Team Rocket's Nidoking ex,"(sracc af eats y 
y <> Team Rockets Nidoking 2X’ 4 an 10) oe 
eS Fee = - ee 
id, an SS 
4 ©O©€3 Tainted Horn 100 
| | / Your opponent's Active Pokémon is now Poisoned. During 
Pokémon Checkup, put 8 damage counters on that _ ‘~ 
| «Pokémon instead of |. ) e 
y OO OG Kingly Impact 240 NS 
/ dyeakness (5) x Q| \| resistance WP rciveat Coe SS \ 
}) (Pokémon eX rule 4 Ty.) 
tpt ont \ “corer ernee O a ye 
rh or Se TO"
456,Team Rocket's Zubat,"BASIC es e re | 
aa Sus | 
Team Rocket’s Zubat 7500) 
© Poison Spray 
Your opponent's Active Pokémon is now Poisoned. 
weakness @9 x2 | resistance © -30 _-~ retreat (9 
3 Zubat live in caves, down where the sun’s light 
Ilys. toi8 : 
won't reach. In the morning, they gather together 
['] 120/182 @ to keep each other warmas they sleep. 
162025 Pokémon / Nintendo /reatures/ GAME FREAK"
457,Team Rocket's Golbat,"STAGE) gure On ~*~ 
Team Rocket’s Golbat Ol oe > 
~. > PN AAW SON 
hide ae Ae 
V/ fi ch \ a V/A 
When you play this Pokémon from your hand to evolve 
| of your Pokémon during your turn, you may put 2 damage 
counters on | of your opponent’s Pokémon. 
© Confuse Ray 30 
Your opponent's Active Pokémon is now Confused. 
weakness @9x‘Q | resistance ©} -30 _-~ retreat €9 
Its feet are tiny, but this Pokémon walks. 
MIeSAARIEA EGAWA skillfully. It sneaks up on sleeping prey before 
['] 121/182 @ sinking in its fangs and slurping up blood. 
{2025 Pokémon / Nintendo / Creatures / GAME FREAK"
458,Team Rocket's Crobat ex,"ZA» Team Rocket's Crobat CX 4 a wol0 & 
(if ° - eam Rocket as 
A. Ability — a8 
, When you play this Pokémon from your hand to evolve * 4 
| of your Pokémon during your turn, you may choose 2 of \|_ 
*~“your opponent's Pokémon and put 2 damage counters onc 
each of them. 
BOO Assassin’s Return 120 * 
“You may put this Pokémon into your hand. (Discard all cards. 
BE.;, attached to this Pokémon.) a 
Eivesiness (9 x2 / [irestance ©) -30 A renee 9 
PN ner a i fokémoneXrule Pre nena et 
<i es ie (Cs knocked Out, your opponent takes 2 Prize cards. (4. 
Srey > MNeno2s rosvon Nitendo Creature: GAMERREAKE™” § <a. aes %"
459,Team Rocket's Grimer,"BASIC ane . On * | 
Team Rocket’s Grimer wO OC > 
a) Soe & 
OO Corrosive Sludge 
At the end of your opponent’s next turn, discard the 
Defending Pokémon and all attached cards. 
weakness (3) x2 | resistance A” retreat Caen es 
Born from sludge, these Pokémon now 
Mugadlousho gather in polluted places and increase 
0 123/182 @ the bacteria in their bodies. 
162025 Pokémon / Nintendo /reatures/ GAME FREAK"
460,Team Rocket's Muk,"STAGE] “- / 
= Team Rocket’s Muk HP 150 © > 
OE Gooped Up 40 
Your opponent’s Active Pokémon is now Confused. During 
your opponent's next turn, that Pokémon can’t retreat. 
©©€s Hazardous Venom 100x 
This attack does 100 damage for each Special Condition 
affecting your opponent’s Active Pokémon. 
weakness (2) x2 | resistance A” retreat 96969 69 
Mlus. Uta It's thickly covered with a filthy, vile sludge. Itis 
O Rl) 24/182 so toxic, even its footprints contain poison. 
162025 Pokémon / Nintendo /reatures/ GAME FREAK"
461,Team Rocket's Koffing,"BASI Ce ay ¢ i 
_ Team Rocket’s Koffing laa ry 
reser Poison Gas Pokemon. HI:.2' WI: 2.2. ibs ~ : 
If this Pokémon is in the Active Spot and is damaged by an 
attack from your opponent's Pokémon (even if this Pokémon 
is Knocked Out), search your deck for up to 2 Pokémon that 
have “Koffing” in their name and put them onto yout Bench. 
BS ’ ne pen 
Then, shuffle your deck. ee 
age Os i, San oe fon e Bs 
O©O@ tLeakingGas = =—-30 
weakness } x2 | resistance A retreat 9 
Illus. kodama Toxic gas is held within its thin, balloon-shaped 
o Oia e body, so it can cause massive explosions. 
102025 Pokémon Nintendo / Creatures / GAME FREAK"
462,Team Rocket's Weezing,"a Team Rocket’s Weezing 130 @ 
a "" ¢ Tt i ce a ie 
a) Cates v — » 
OL Explode Together Now 40x 
This attack does 40 damage for each Pokémon in play that 
has “Koffing” or “Weezing” in its name (both yours and your 
opponent’). : e aif’ 
weakness () x2 | resistance A” retreat eee 
Illus. matazo Top-grade perfume is made using its internal 
O OR) 126/182 poison gases by diluting them to the highest level. 
162025 Pokémon / Nintendo /reatures/ GAME FREAK"
463,Team Rocket's Murkrow,"BASIC, 
Team Rocket’s Murkrow 30 eo 
an el SUL : 
Sa S t 4 
i Pape | PrN . Sep fe 
Pr | hi mall | EAS) 
Ok) Deceit 
Search your deck for a Supporter card, reveal it, and put 
it into your hand. Then, shuffle your deck. 
OE Torment Ki?) 
Choose | of your opponent’s Active Pokémon’s attacks. 
During your opponent's next turn, that Pokémon can’t use 
that attack. 
weakness @9x2 | resistance (5) -30, A retreat (9 
Illus. Mugi Hamada Feared and loathed by many, itis believed to bring 
O Ole) 37/102 misfortune toall those who see itat night."
464,Team Rocket's Sneasel,"sic ie On .) 
Team Rocket’s Sneasel : ane { oC) 
NO..0215. Sharp Claw.Rokémon .HT2'11.5..WT.61.7.lbs. me ‘| 
© Scratch 20 
OO Strike the Sleeper 
This attack does 20 damage to | of your opponent’s 
Benched Pokémon for each damage counter on that 
Pokémon. (Don’t apply Weakness and Resistance for Benched 
Pokémon.) : 
weakness x2 | resistance A retreat 9 : 
Hlus. GIDORA This cunning Pokémon hides under the cover 
DOR) 25/102 of darkness, waiting to attack its prey. 
102025 Pokémon Nintendo / Creatures / GAME FREAK"
465,Forretress,"crm ee 5) 
vy Forretress __ 7w 130 
LEvo so ere ee ae 
im 2 Ree, Sea 
Ss as Mf Se Prac 
° g's Wet. 
ea Os Dy a / 
NO..0205..Bagworm. Pokémon. HT: 311.2 Win227.3.lbs. 
1 Iron Shake-Up 20 
|) You may move any amount of © Energy from your 
|) Pokémon to your other Pokémon in any way you like. 
© & %& Hurricane of Needles 80x 
i Flip 4 coins. This attack does 80 damage for each heads. 
‘weakness @ x Q_| resistance 290 cae retreat ORK a 
illus. Winte Wonder woustally found hehbipggntBe fat tree trunk. It 
(N(GTD 120/182 « é Ce ent seasaction. 
£62025 Pokémon / Nintendo /reatures/ GAME FREAK"
466,Skarmory,"2 Skarmory HP ] 10 
s aS a 
a - wos eran Bird Pokemon. HT: 5’ creer 411.3 Ibs. 
|W Roost 
F Heal 50 damage from this Pokémon. During your next turn, 
| this Pokémon can’t retreat. 
(Ox Metal Claw 60 
“wales x2 | rsience@ 30 ater Ho 
a. Oe ee | 
ea GhiniNagasenval - lsstardy heavy-lookingironb ody isactually thin 
OGM aivi20 EERE sO) Co at deovet 80 mph."
467,Zamazenta,"= Zamazenta ~,130 
KE RR ss, 
eS oe RAH 
[ENS VaR WS aS =) ahs 
2s LAN NAS \ = 
Ra NO..0889.. Warrior, Pokemon sHT:.9'6""..W1730.6 Ibs. 
/@Qx Strong Bash 70 
| During your opponent’s next turn, if this Pokémon is 
f { damaged by an attack (even if this Pokémon is Knocked Out), 
|| put damage counters on the Attacking Pokémon equal to 
4 the damage done to this Pokémon. 
Weakness @ XQ | resistance 30 et retreat ZS 
ee ""Its ability to deflectany attack led toit being 
Pe eee known asthe Fighting Master's Shield. 
GHD 146/182 * 5 Itwasfearedand respected by all. 
(©2025 Pokémon / Nintendo /Creatures/GAMEFREAK"
468,Team Rocket's Rattata,"GBASIC d 
Team Rocket's Rattata w50 oe) 
NNO..0019.. Mouse Pokémon..HT:.1.WI:.7.7.Ibs. H 
ob Dangerous Incisors 10 
Your opponent's Active Pokémon is now Poisoned. 
weakness @) x2 | resistance aA retreat OB) 7 
Illus. Dsuke This Pokémon is common but hazardous. Its sharp 
OGD 147/18026 incisors can easily cut right through hard wood. 
i {2025 Pokémon Nintendo / Creatures / GAME FREAK “|"
469,Team Rocket's Raticate,"y ST [= aaa, 
STAGE], e » 
SEE Team Rocket’s Raticate, a w9O an 
wy, SS We S 4 
*) Reckless Abandon 90 
| Flip 2 coins. If both of them are tails, this Pokémon also 
does 90 damage to itself. 
weakness @) x2 | resistance AG werent 
ae Itswhiskers are essential for maintaining its 
hss Uninc balance. No matter how friendly youare, it will 
(GD 148/122 @ get angryand bite you if you touch its whiskers. 
y , ©2025 Pokémon / Nintendo / Creatures / GAME FREAK"
470,Team Rocket's Meowth,"GBASIC d 
Team Rocket's Meowth w70 a) 
i er Ma 
NO. 0052 Scratch Cat Pokemon HT: 14"" _WT: 9.3 Ibs. a Yi 
Pd Paw-cket Pilfer 
Choose a random card from your opponent's hand. Your 
opponent reveals that card and shuffles it into their deck. 
oH Fury Swipes 20x 
Flip 3 coins. This attack does 20 damage for each heads. 
weakness @) x2 | resistance aA retreat OB) 7 
Illus. Megumi Mizutani Allitdoesis sleep during the daytime. Atnight, 
Dori} 149/182 @ it patrols its territory with its eyes aglow. :"
471,Team Rocket's Persian ex,"Csrace)// : py : 
2. Team Rocket’s Persian@xx , 260 ) 
Ps aii oiiies = aN 
| kK Haughty Order ls 
Reveal the top 10 cards of your opponent’s deck. You may 
choose an attack from a Pokémon you find there and use 
it as this attack. Shuffle the revealed cards into your 
1) opponent’s deck. 
>>) Cruel Slash 140 
Your opponent's Active Pokémon is now Confused. aa 
luSSban Graphics s = Pokémon OX rule agg HaisheaLie) | 
x, By es. {Cis Knocked Out, your opponent takes 2 Prize cards. J"
472,Kangaskhan,"== Kangaskhan 120% 
SS ey | 
les 1NO.0115 searent Pokémon Hi 7'32.W.176.4 Ibs ~ 
| B®) Gentle Slap 50 
XW Dizzy Punch 90x 
_ Flip 2 coins. This attack does 90 damage for each heads. 
weakness GB) x2 | resistance oA retreat RK) 1 
Illus. Sanosuke Sakuma There are records of alost human child 
() GD 151/182 @ beingraised by achildless Kangaskhan,_"
473,Team Rocket's Porygon,"BASIC a 
Team Rocket’s Porygon Ve AX 0) 0) 
an CR C Deg | 
iS a \ Se res 
Fa) / “S ess f 
| Fae Ls ; | yz fea ee 
seit y, a, S \ ‘ he 
® Hacking 
Discard a card from your hand. If you do, your opponent 
\ discards a card from their hand. 
wales @X2Q [rasan] geet Ql 
Itis an artificial Pokémon. Since it doesn’t 
La she ae NEL breathe, people are excited by its potential 
OGD 153/182 @ to be useful in any environment. 
19162025 Pokemon / Nintendo / Creatures / GAME FREAK a"
474,Team Rocket's Porygon2,"STAGE], | Fi 
. Team Rocket’s P orygon2 yA 90 ok) 
R SS ~ Aimy, 
| aoa) «=—-« R Command 20x 
| This attack does 20 damage for each Supporter card that 
| has “Team Rocket” in its name in your discard pile. 
aoe @x2 | resistance a retreat kK) 
mene This artificial Pokémon evolved thanks to 
giles: Jakeshy Nokorvrg. cutting-edge science. It sometimes displays 
(GHD 154/182 behavior thatis notin its programming. 
12025 Pokémon / Nintendo /Creatures/ GAME FREAK."
475,Team Rocket's Porygon-Z,"STace=/ SLE TaN 
TAS® Team Rocket's Porygon-Z Ave 140 x 
NO..0474.. Vietual.Pokémon ifs. 2:1.2..Wf.75 lbs. a A 
You must discard 2 cards from your hand in order to use 
this Ability. Once during your turn, you may draw a card. 
) R Command 20x 
| This attack does 20 damage for each Supporter card that 
| has “Team Rocket” in its name in your discard pile. 
weakness @) x 2 resistance a retreat OK) 
: Anadditional program was installed to create a 
gig: Aneoaes Daas more advanced Pokémon, but it was apparently 
Dori) 155/182 @ flawed. Porygon-Z moves oddly asa result. 
62625 Pokémon / Nintendo /reatures/ GAME FREAK"
476,Taillow,"WBASIC, e 
Taillow w0 
NO..0276. Tiny Swallow Pokemon. HT: 1 WT: 5.1 lbs. y 
*) Wing Attack 20 
weakness 4) x2 | resistance @)-30Q ee retreat OK) 
Illus. Ayako Ozaki It dislikes cold seasons. They migrate to other lands 
(1) GED 156/182 @ insearch of warmth, flying over 180 miles aday. | 
’ ©2025 Pokémon / Nintendo / Creatures / GAME FREAK. ’"
477,Swellow,"¥=~ Swellow ow 100% 
: es ee 
= P| WEA fp beg 
| Ee SZ (f= 
f SE FA EEE 
NO..0277. Swallow Pokemon. HT:.2'4"" WT: 43.7. lbs. A 
ow) Add On 
Draw 3 cards. 
o W) Speed Wing 70 
weakness) x2 | resistance @-3Q _ ee retreat 7 
Illus. Sovichirou Gunjima Itdivesata steep angle as soon asit spotsits | 
iO(0RI} 157/182 @ prey. It catches its prey with sharp claws. :"
478,Squawkabilly,"BASIC ° 7 é 
Squawkabilly ~— 70% 
WN Waa \' 
| ow) Push Down 20 
| You may switch out your opponent’s Active Pokémon to 
| the Bench. (Your opponent chooses the new Active Pokémon.) 
weakness x2 | resistance @=30 gee retreat, GB) 
a These Pokémon prefer to live in cities. They 
apt form flocks based on the color of their 
OGD 160/182 @ 3 ‘feathers, and they fight over territory. 
©2025 Pokémon / Nintendo / Creatures / GAME FREAK"
479,Snivy,"CLEIS &) 
Ps Vs < 
ee oye em \ ‘ae 
RB: | ea 
a. (1) anes 
ke ~ N ye oP ae 
f NO..0495. Grass Snake Pokemon. HT; 2’ WT: 17.9 Ibs. 
Hennes @ X20 | reece lett 2»"
480,Servine,"Fr ABT 
/ VERS TS Vile 
bs EE SEES Bea ‘“ 
wow ng bee ; 
ii Oe [ ee 
i Py ie 3 £ BE, Fes) 
""| Flip a coin. If heads, your opponent’s Active Pokémon is 
| now Paralyzed. tae 
(@*»X Vine Whip 60 
weakness @) x2 resistance at retreat >) 
__ Itmovesalong th \dasifsliding. 
Ws Sie Moores Te eyli meyementsbetuddlelts foes, 
(GED cozv0ss@ = anditthenattacks with avinewhip,"
481,Serperior ex,"SOP Apitity »): > ) 
ep wreakness @ J Z ok OK 
5 Pe cin 9 Ainen your Pokémon @X. ) 
Y. is Knocked Out, your opponent takes 2 Prize cards. q 
< .o26y6fPokémon Nintendo/ Creatures / GAME EREAK"
482,Pansage,"GBASICy/ ay =a A! 
Pansage w70@ 
i@ PW se 4 
NO. S11 Grass. ree Pokémon. HT;2' WT. 23.1 ibs. - “ 
*) Collect 
Draw a card. 
2k) 2k) Scratch 30 
weakness @) x2 resistance z ec retreat) 
Ilus. kurumitsu This Pokémon dwells deep in the forest. Eating aleaf 
(1) 004/086 @ from its head whisks weariness away as if by magic."
483,Simisage,"== Simisage ~100@ 
in ah a | 
| Ga BO 
Nee in 
kK) Gentle Slap 70 
weakness @)x2 resistance al retreat >) 
te arora UUltempered, it fights by swinging its barbed tail around 
(CED o0ssoas @ =——_ Wildly. The leaf growing onits head is very bitter."
484,Petilil,"BASIC 2 (a 
| rPOU & 
EE EE gE 7 ger 
(©2025 Pokémon / Nintendo Creatures / GAME FREAK"
485,Lilligant,"STAGEI~(y oats i y 
Ve Lilligant ~w 100 
g mt x z NAT 
NO..0549._ Flowering Pokemon. HT. 3'7.""_WT. 35.9 Ibs. a 
iC) Bemusing Aroma 30 
Flip a coin. If heads, your opponent's Active Pokémon is 
now Paralyzed and Poisoned. If tails, your opponent's Active 
Pokémon is now Confused. 
@xx Cut 70 
weakness @ x 2 resistance A“ retreat OK 
Pe, _ Even veteran Trainers face a challenge in 
ae getting its beautiful flower to bloom. This 
(ELE) 007/086 + Dipeer top Pokémon is popularwith celebrities. 
£62025 Pokémon / Nintendo / Creatures / GAME FREAK"
486,Maractus,"CBASICy/ag a 7 ] 
=< Maractus w100@ 
Ls BLOT -O oo a 
Po eA SX >, MS 
Ile z, 4 V fie sa re 
i eer ad eee 
ne) Lively Needles 20+ 
|) If this Pokémon was healed during this turn, this attack 
| does 100 more damage. 
@* Pierce 50 
“weakness @ x2 resistance Zz Fs retreat >) j 
lus. mingo ae: Mee dancevo diene j 
GE coe/oc6 Gear is oko ipreyonitsflower seeds."
487,Karrablast,"BASIC, J aN 
Karrablast ~~ ,60@ 
é rs ‘ab ) 
a ee 4) ww N 
@IE®D Stimulated Evolution 
|| If you have Shelmet in play, this Pokémon can evolve during 
|) your first turn or the turn you play it. 
*) Horn Attack 10 
weakness @) x2 resistance 7 retreat >) i 
These mysterious Poké Ive wh 
se ea stilton 
(1)(EED 009/086 @ theyarein the same place as Shelmet. 
y ©2025 Pokémon / Nintendo / Creatures / GAME FREAK J"
488,Foongus,"Foongus wr»IS 
WA aR” Cn 
o Toxic Spore 
Your opponent’s Active Pokémon is now Poisoned. nay 
weakness @)x2 resistance a retreat >K) 
Itlures people in with its Poké Ball pattern, 
pis: Kurota So then releases poison spores. Why it 
() (ECE 010/086 @ resembles a Poké Ball is unknown."
489,Amoonguss,"ae | XK 
TTT TTT"
490,Victini,"BASiCuduge ysis We 
Victini wo0® 
ey hy = £ fs 
Owe V-Force 120 
If you have 4 or fewer Benched Pokémon, this attack does 
nothing. 
weakness @ x2 resistance cc retreat 
Nr hae ivi’ aya 
) 012/086 * regardless of the type of encounter. 
if ©2025 Pokémon / Nintendo / Creatures / GAME FREAK"
491,Darumaka,— Fe reper errands creeures cane rac ES J
492,Darmanitan,"STAGE], a ao J 
@x* Searing Flame 50 
Your opponent's Active Pokémon is now Burned. 
@ * * * Smashing Headbutt 180 
Discard 2 Energy from this Pokémon. 
Dima) ithone"
493,Litwick,"BASICgdg s,s 
r Litwick w008 , 
csepecee n serene y 
gy Brighten and Burn 
Look at the top card of your deck. You may discard 
that card. 
weakness © x2 resistance cA retreat K 
Litwick shinesa light that absorbs the life 
pies eatoreg energy of people and Pokémon, which 
) 016/086 @ becomes the fuel thatit burns. 
62025 Pokemon Nintendo Creatures / GAME FREAK"
494,Lampent,"( “Lampent a wo0® 
iii , aes 
8 Fire Blast 50 
Discard an Energy from this Pokémon. 
Wane resistance ca retreat OK 
lus. satoma This ominous Pokémonis feared. Through citiesit 
Ook wanders, searching for the spirits of the fallen. 
{©2025 Pokémon Nintendo / Creatures / GAME FREAK"
495,Chandelure,"V, “Chandelure ~~ 50 
& Incendiary Pillar 50+ 
If you have 10 or more Basic # Energy cards in your discard 
pile, this attack does 100 more damage. 
—1@O@ Burn It All Up 180 
Discard all Energy from this Pokémon. 
Panna 2 resistance ec retreat KOK ' 
Itabsorbs a spirit, which it then burns. 
gies saoreg) By waving the flames on its arms, it puts 
() 018/086 * its foes into a hypnotic trance. 
""©2025 Pokemon Nintendo / Creatures / GAME FREAK."
496,Larvesta,"Larvesta w008 
*) Peck Off 10 
Before doing damage, discard all Pokémon Tools from your 
opponent's Active Pokémon. 
Wane | resistance ca retreat OK 
This Pokémon was believed to have been 
pee asl born fromthe sun. When it evolves, its 
() 015/086 @ entire body is engulfed in flames. 
{©2025 Pokémon Nintendo / Creatures / GAME FREAK"
497,Volcarona,"STAGE fa pL y 
»— “Volcarona 7wl20@ 
ai air =a} 
an. oS 
You must discard a Basic @ Energy card from your hand 
in order to use this Ability. Once during your turn, you 
may make your opponent's Active Pokémon Burned. 
®** Fire Wing 70 
weakness © x 2 resistance cA retreat K 
When volcanic ash darkened the 
ges wash atmosphere, itis said that Volcarona’s fire 
) 016/086 * provideda replacement for the sun. 
{©2025 Pokémon Nintendo / Creatures GAME FREAK."
498,Panpour,"FO, Seer 1 
has ( Os 
” ee ome 
* Collect 
4 Draw a card. 
i 1 Scratch 30"
499,Simipour,"Va Sec. 
* Gentle Slap 70 
i. lus. Makuret Tame Sines. PRE ag ec enishasiesaeeal 
Te ae cee"
500,Tympole,"BASIC,“- 
| Tympole 006 
ones , JEANS 
os REN Jee 
NO..0535_ Tadpole Pokémon. HT.1'8""_WT..9.9 Ibs. va 
This attack does 20 damage for each of your Pokémon in 
play that has the Round attack. 
weakness 4 x2 resistance é Sd retreat 
lus. Yukihiro Tada ‘They warn others of danger by vibrating their 
fi) oiieee cheeks to createa high-pitched sound, 
£62025 Pokémon / Nintendo / Creatures / GAME FREAK"
501,Palpitoad,"STAGE], ° = 
<= Palpitoad A wIDE 
Mg 5 ia My 
Perley VSS 7» <5 
Opiate She UAT \ eee 
= @/ fei res 
NO. 0536. Vibration Pokémon. HT. 2'7.""_ WT. 37.5 Ibs. ra 
x Round 40x 
This attack does 40 damage for each of your Pokémon in 
play that has the Round attack. 
@©** Wave Splash 60 
| weakness 4 x2 resistance ae retreat ok OK 
L) 020/086 @ earthquake-like vibrations on land. 
162025 Pokémon / Nintendo Creatures GAME FREAK."
502,Seismitoad,"“Hy Seismitoad /wlI0G 
EL WO) MoS 
* > Round 70x 
This attack does 70 damage for each of your Pokémon in 
play that has the Round attack. 
weakness 4 x2 resistance 2 F, retreat KK Ok 
| Ils. Yukihiro Tada ‘Théy shoot paralyzing liquid from their head bumps. 
| 1) (ey) 021/086 They use vibration to hurt their opponents."
503,Tirtouga,"I, ° ae ee 
= Tirtouga 4 100 
wz N er 
SS eM SE 
| NO..0564. Prototurtle Pokémon. HI:2'4""_.WI:.36.4 lbs. 
Cy Ancient Seaweed 30x 
| This attack does 30 damage for each Item card in your 
+) opponent's discard pile. 
(O*x* Surf 80 
Mice ey ee il. retreat > KK ? \ 
lus.Gomi Restored froma fossil, this Pokémon can 
CD ae ciel Sea er"
504,Carracosta,"CLES DEP 
ay Carracosta “4/w 1800 
olves from. Tirtoug — 72 
Uy Sa j 
my) \ we Zp 
sd AY % ff 
Wraitr. “a ? 
Gor j ee 2 
NO. 0565, miata Pokémon _HT:.3°1.1"" WT. ae a 
| GXTED Mighty Shell 
| Prevent all damage from and effects of attacks done to this 
| Pokémon by your opponent's Pokémon that have any 
| Special Energy attached. 
| ] During your opponent's next turn, the Defending Pokémon 
| can’t retreat. 
weakness 4 x2 _ resistance va retreat > OK kK 
hes They can live both in the ocean andon 
Sey land. A slap from one of them is enough to 
Dua) 023/086 & openaholein the bottom ofatanker, 
i 162025 Pokémon / Nintendo Creatures / GAME FREAK ’"
505,Alomomola,"GBASIC D > 
Alomomola” 11I0@_ 
| 2D Gentle Fin 
| Once during your turn, if this Pokémon is in the Active 
| Spot, you may put a Basic Pokémon with 70 HP or less 
| from your discard pile onto your Bench. 
| @©@*x Waterfall 70 
weakness 4 x2 _ resistance a retreat 
«Illus. Tika Matsuno The special membrane enveloping Alomomola 
SeOus has the ability to healwounds. 
| * BI c2t2s roster Nivendo/Cemures/ GAME FREAK “|"
506,Cubchoo,"yn Bab | 
MR My 
oe ¥ an 
© Snotted Up 10 
During your Opponent’s next turn, the Defending Pokémon 
. can’t use attacks. Bod"
507,Beartic,"Esracely/ ay ° ee sen tal 
/ olves from Cubchoo — “ ""y 
Orv aoc 
y las : A : KS 
WA Yeo 
Vs et/ Var 
NO..0614.. Freezing, Pokémon. HT:8'6... WI:-573.2.1DS.sssssmneaeee 
1 Continuous Headbutt 50x 
| Flip a coin until you get tails. This attack does 50 damage 
| for each heads. 
| During your opponent's next turn, the Defending Pokémon 
) can’t use attacks. 
Fines XQ resistance va retreat > OK kK 
k Ma) 026/086 g horthern seas and catches prey."
508,Cryogonal,"Cryogonal - w90@® 
iy Drag Off 
1) Switch in | of your opponent’s Benched Pokémon to the 
| Active Spot. This attack does 20 damage to the new Active 
| Pokémon. 
6 Icicle 30 
Fane ORD | resistance a retreat OK 
rns am and vanishes. When i 
Daa) 027/086 : ae lowers, it returns to ice. 
{©2025 Pokemon Nintendo / Creatures / GAME FREAK"
509,Kyurem ex,"BASIC ,,/ 
wi DE SL 
‘we Von | 
ee Slash 50 
| ©@©* — Blizzard Burst 130 
This attack also does 10 damage to each of your opponent’s 
Benched Pokémon for each Prize card your opponent has 
taken. (Don’t apply Weakness and Resistance for Benched 
Pokémon.) 
; weakness Y x2. 7 Ls Ee z * Ok a e / 
(QUE cos, ose iy aN is Knocked Out, your opponent takes 2 Prize card: 7 he"
510,Emolga,"GBASIC,/ » | 
Emolga 70% 
A Aly 
NO. 0S87_ Sky. Sonim tokanon HT.1'4"" WTA Ibs. —ay” 
*) Call for Family 
Search your deck for up to 2 Basic Pokémon and put them 
onto your Bench. Then, shuffle your deck. 
“/) Static Shock 20 
weakness @%) x 2 resistance “A retreat 
Bou The energy made in its cheeks’ electric 
pouches is stored inside its membrane 
g) 029/086 @ and released while itis gliding. 
; ©2025 Pokémon / Nintendo / Creatures / GAME FREAK"
511,Tynamo,"BASIC Z (Z 
“= Tynamo w40F 
Pas — Pm 2 
; INO..0602..Elefish Pokémon, HT 8 WT. 0.7 lbs. oe 
*) Hold Still 
_ Heal 10 damage from this Pokémon. 
weakness @) x2 | resistance a retreat i 
Ilus. Jerky While one alone doesn’t have much power, achain 
f many T b fulas lightning. 
Dy oe) 030/086 @ GUE yD ia can bers powerful as lightalngy 
c {©2025 Pokemon Nintendo / Creatures / GAME FREAK"
512,Eelektrik,"2 Eelektrik 4 9D 
O Vee fo, . 
Ge erm TO 
NO. 0603. EleFish Pokemon. HT. 3°11."" WT. 48.5 Ibs. ra 
@E® Dynamotor 
Once during your turn, you may attach a Basic 7 Energy 
card from your discard pile to | of your Benched Pokémon. 
4,4)% Electric Ball 50 
weakness @) x2 resistance eG retreat) 
They coil around foes and shock them 
pase Heth with electricity-generating organs that 
ig) 031/086 @ seem simply to be circular patterns. 
(©2025 Pokémon Nintendo / Creatures / GAME FREAK"
513,Eelektross,"STAGES, ‘=n yf 
==> Eelektross 4wl60% 
4, Thunder Fang 60 
Flip a coin. If heads, your opponent’s Active Pokémon is 
| now Paralyzed. 
Flip 4 coins. This attack does 100 damage for each heads. 
weakness (@) x 2 resistance uc retreat KK 
Seely RAE EO eck preyon shore an 
ig) 032/086 @ immediately drag it into the ocean. 
{©2025 Pokémon Nintendo / Creatures GAME FREAK."
514,Thundurus,"GBASIC, = » | 
Thundurus w1204 
Me aly, 
a ie” (Sy pe) a 
NO. 0642. Bolt Strike Pokémon. HT..4' 11."" WT. 134.5 lbs. y 
*) Charge 
Search your deck for a Basic 4 Energy card and attach it 
to this Pokémon. Then, shuffle your deck. 
4*%* Disaster Volt 110 
Discard an Energy from this Pokémon. 
weakness @%) x2 resistance Z aA retreat >) 
thus. hnel Countless charred remains mar the landscape of 
(1) (033/086 « places through which Thundurus has passed. 
62025 Pokémon / Nintendo / Creatures / GAME FREAK"
515,Zekrom ex,"| 44% Voltage Burst 130+ 
This attack does 50 more damage for each Prize card your 
igpronent has —- This Pokémon also does 30 damage i 
|) to itself. i : 
\ we a a eat KK we 
REA ‘ When your Pokémon eX ) 
a 4 pci Kid ASR 4 7 
' GH825 Pokdrnon Nintendo Cretures/GAME FREAK ME ,"
516,Munna,"BASIC, o ait 
: & ee Sct 
A No. 017, oe Eater. Pokémon, HT.2'_ WT. 51.4 Ibs. - a 
| This Pokémon is now Asleep. Heal 30 damage from it. 
| © Mumble 10 
weakness @) x 2 resistance (2 -3Q cA retreat > 
hus. Eri Kamei Munnaalways floatin the air. People whose dreamsare 
f (ey) 035/086 © eaten by them forget what the dreams had been abousyy 
162025 Pokémon / Nintendo / Creatures / GAME FREAK a"
517,Musharna,"STAGE It ey i JEP 
jMusharna 120 © 
OK ad a ‘ 4 Rad 
| wh Se Ta * 
A NO. 0518. Drowsing Pokémon HT:.3'7.""_WT..133.4 Ibs. a 
>» Dream Calling 
| You may search your deck for any number of Fennel cards, 
j | reveal them, and put them into your hand. Then, shuffle 
}) your deck. 
i) Sleep Pulse 50 
Your opponent's Active Pokémon is now Asleep. 
“weakness @) x 2 resistance (2 -3Q, ee, retreat KOK j | 
: Mus. Eri Kamei The mist emanating from their foreheads is packed ] 
P(E os6/oss @ with the dreams of people and Pokémon. 
(©2025 Pokémon / Nintendo / Creatures /GAME FREAK a"
518,Solosis,"BASICg~ ° i 
pe Solosis - wl0©® 
|Z SS S/S 
NO. 0577. Cell Pokémon. HT:.1. WT: 2.2 Ibs. ra 
| kK Rollout 10 
weakness @) x2 resistance 8) -30. Fy retreat | 
Mlus. UNNE They drive away attackers by unleashing psychic 
(ey) 037/086 © power. They can use telepathy to talk with others. 
(©2025 Pokémon / Nintendo / Creatures / GAME FREAK — —"
519,Duosion,"USTAGE I, Re uae ee / lm | 
|| Vi. yee ie 
G ‘ NO..0578. Mitosis Pokémon. HT:,2'_.WT.17.6 Ibs. 
*) Cellular Evolution 
|) Search your deck for a card that evolves from | of your 
|) Pokémon and put it onto that Pokémon to evolve it. Then, 
| shuffle your deck. 
o*w Spray Fluid 30 
Wns Ox. resistance (3) - 30 ra retreat OK 
thus. UNNE Since they have two divided brains, at times they 
(ey) 038/086 @ suddenly try to take two different actions at once. | 
(©2025 Pokémon / Nintendo / Creatures /GAME FREAK a a"
520,Reuniclus,"(STAGE, . 7 ww 
$= Reuniclus AE 140© 
| Cy yy ca fe E 
J k Abe 
k NNO..0579.. Multiplying, Pokémon. HT.3'3"".. WWI:.44.3 Ibs. a 
hd Cellular Ascension 
|| For each of your Benched Pokémon, search your deck for 
|) acard that evolves from that Pokémon and put it onto that 
| Pokémon to evolve it. Then, shuffle your deck. 
>” Evo-Lariat 40+ 
This attack does 40 more damage for each of your Evolution 
Pokémon in play. 
weakness @x2 resistance #2) -30 a retreat >) i 
thus. UNNE When Reuniclus shake hands, anetwork forms 
(Ce) 039/086 between their brains, increasing their psychic power. | 
| ""©2025 Pokémon / Nintendo / Creatures / GAME FREAK al a"
521,Elgyem,"eBAsic ‘4 lm | 
y“ Elgyem - 600 
NO. 0605. Cerebral Pokemon. HT..1'8"" WT. 19.8 ibs. 
i) Slight Shift 
!) Move an Energy from | of your opponent’s Pokémon to 
| another of their Pokémon. 
“weakness @ x 2 resistance (2x) -3Q ce retreat K 
Be lidees itestiong psychic power to squeeze 
‘P(E 020/086 @ epponent jonent’s brain, causing unendurable headaches. 
| * 162025 Pokémon /Nintendo/Creatres/ GAME FREAK """
522,Beheeyem,"pe Beheeyem 7 »90® 
Z _tliy 
i (ALA GO) Gil 
: WAN WAV, A GZ 
| NO. 0606. Cerebral Pokemon. HI 3:3"" 6.1 Ibs. — 
2) Calm Mind 
| Heal 40 damage from this Pokémon. 
This attack does 30 more damage for each Energy attached 
to your opponent's Active Pokémon. 
y kness @) x 2 resistance (za) -3Q a retreat > | 
: S “Itcan manipulate an opponent's memory. _ 
“Illus. Apios x 7 - a 
pparently, it communicates by flashin, 
162025 Pokémon / Nintendo Creatures / GAME FREAK ,"
523,Golett,"BASI Cyd mm Ey anw 
NO. 0622. Automaton Pokémon. HT: 3'3"" WT: 202.8 Ibs. va 
*) 4) Best Punch 60 
Flip a coin. If tails, this attack does nothing. 
g Fup 8: 
[Weakness @ x2 resistance (#4 ~3Q), Sab retreat > OK Kk | 
| Mlus. Uta The energy that burns inside it enables it to move, 
t (ey) 042/086 @ butno one has yet been able to identify this energy. 
©2025 Pokémon / Nintendo / Creatures / GAME FREAK, _"
524,Golurk,"GSTAGE I, op, Ral eee lay 
| 4 NO. 0623. Automaton Pokemon HT..9'2"" WT. 727.5 lbs. gf 
|) 2) Double Smash 80x 
} Flip 2 coins. This attack does 80 damage for each heads. 
I © * * * Golurk Hammer 200 
Weakness x2 resstance#)-3Q_ etree KK 
ie Itflies across the sky at Mach speeds. 
Toke ee |"
525,Meloetta ex,"~“Meloettacy _~200© 
MSIEDvebut Performance 
If you go first, this Pokémon can acks during your 
first turn. i Sent 
Le @® ¥* Echoed Voice) 3005 
During your next turn, this Pokémon’s Echoed Voice attack 
4 does 80 more damage (before applying Weakness and 4 
Ai ateaale PL BUEN SZ ren 
Woe exis CIE aa When your Pokémon @X ), 
& X. is Knocked Out, your opponent takes 2 Prize cards. y 
0 os Cees om 
=_ 2025 Pokémon/Nintedo/ Creatures cauetReak 2"
526,Drilbur,"BASIC, of 
ee Ava 
- glam bo 
NO..0529. Mole Pokémon. HT-.1"".WT-.18.7 Ibs. 
(UD) (aut ” cre 
OD (pK 
{62025 Pokémon Nintendo / Creatures / GAME FREAK"
527,Excadrill ex,"aa ex. ay 
R-vy Evolves from Drilbur. » (/ 
gu) ap at \ 
Oita) oe oor Ot your onronent ns? Pate arte."
528,Timburr,"Basic ‘aly 
© l A kk"
529,Gurdurr,"Estacelyd gp Dy iti) 
5 Gurdurr 100 Ld 
{ Se SPO i] 
ed =o) Wg 
a Low Kick 30 
>) Hammer Arm 60 
| Discard the top card of your opponent's deck. 
| weakness © x 2 resistance 5 oc retreat kK KK 
cae This Pokémon is so muscular and strongly 
Hes. Shien Mane built that even a group of wrestlers 
0 048/086 @ could not make it budge an inch, 
| ©2025 Pokémon / Nintendo / Creatures / GAME FREAK"
530,Conkeldurr,"STAGEE, a1 AC) a) 
(@ \ Evolves from Gurdu — 
7 esNO,,0534., Muscular, Pokémon HT 4:7."" WT:1911,8.IDS.ssss 
® * * * Swing Arol 
© j A OKI OK) 
{62025 Pokémon Nintendo / Creatures / GAME FREAK"
531,Throh,"NO i dn 322 Ay 
a+ Ider 
) j AA OK"
532,Dwebble,"Ba Ny Fe \ ee a 
.. —_ NO..0557_ Rock Inn Pokémon. HT: 1. WT-32 Ibs."
533,Crustle,"STAGE], Ja of % 
Se ASeaS = 2 1 
cE] a VF y 
Gs NO..0558..Stone, Home Pokémon. HT:.A°Z."". WT 440.9 IDS. 
Ability 
Bre S 
€ J A KK 
1€2025 Pokémon Nintendo Creatures GAME FREAK"
534,Landorus,"BASIC, . ‘ul % 
OU NF 
Ox ive"
535,Venipede,"BASICgSV Uae 
vet Yenipede 80 
( rte. 1 Nf i 
NO..0543_Centipede Pokemon. HT.1'4"" WT. 11.7 Ibs. 
Ok) Poison Spray 
Your opponent's Active Pokémon is now Poisoned. 
ae Ps = 
weakness (5) x2 _ | resistance A retreat CIEIED 
Illus. okayamatakatoshi Its bite injects a potent poison, enough to paralyze 
D Be) 954/085 @ large bird Pokémon that try to prey on it, 
{62025 Pokémon Nintendo / Creatures / GAME FREAK"
536,Whirlipede,"STAGE I ale one ""4 4 
= Whirlipede ey 100 © 
ae a Tr ta | 
Pjas' % IE, : 
NO..0544. Curlipede Pokémon. HT. 3'11."" WT. 129 Ibs, 
Ok) Venoshock 30+ 
If your opponent’s Active Pokémon is Poisoned, enipatacl, 
does 60 more damage. & ba sihaah RE 
weakness 2} x2 | resistance A retreat CIEIED 
Ils. okayamatakatoshi Protected by a hard shell, it spins its body like a 
D Bh) 955/085 @ wheel and crashes furiously into its enemies. 
{62025 Pokémon Nintendo / Creatures / GAME FREAK"
537,Scolipede,"‘STAGE gf a PI 12h) 
| a Scolipede Ja 0° 
|e “a DY 
= pode 
Bp eye 
NO..0545_Megapede Pokémon. HT. 8'2"" WT. 442 Ibs. “i 
If this Pokémon is in the Active Spot and is damaged by an 
attack from your opponent's Pokémon (even if this Pokémon 
is Knocked Out), the Sragiane Pokémon is now Poisoned. 
If your opponent's Active Pokémon is Poisoned, this attack 
does 90 more damage. 
weakness (5) x2 _ | resistance 7” retreat C2263 
Illus. okayamatakatoshi With quick movements, it chases down its foes, 
D B®) os6/086 @ attacking relentlessly with its horns untilit prevails. 
(02025 Pokémon /Nintendo/ Creatures / GAME FREAK"
538,Sandile,"Sandile , 
NO.0551. Desert Croc Pokémon. HT. 2'4""_ WT, 33.5 Ibs. 
ears 
© Tighten Up 10 
Your opponent discards a card from their hand. fies, 
oe. ant: 
weakness (@)x 2 | resistance A retreat CIES 
few They live buried in the sands of the desert. 
fs Sia The sun-warmed sands prevent their 
O Bk) 057/086 @ body temperature from dropping. 
{62025 Pokémon Nintendo / Creatures / GAME FREAK"
539,Krokorok,"STAGE Ia Va E = 
| a ’Krokorok _/~ ee 
eee ewe 
Ca , ry een * 
fe Qu é pF) 
NO.0552._Desert Croc Pokémon. HT. 3'3""_ WT. 73.6 Ibs. 
Og Tighten Up 0) 
Your opponent discards 2 cards from their hand. 
se et 
eee a ee 
7a. ot a ee Sra x 
i Pi SP , a os 
weakness @)x 2 | resistance 7” retreat C263 
Illus. Gapao They live in groups ofa few individuals. Protective 
D0 Ba) 056/086 @ membranes shield their eyes from sandstorms. 
162025 Pokémon / Nintendo Creatures GAME FREAK."
540,Krookodile,"“—~ Krookodile Zw 170 ™ 
[@ Ge wli 
Se ie BAS a BE 
. al Sw) zs 
SY py ae PO ee 
Z ‘ LE x 
nls Mra 
ore Seewiee 4 
i‘ 4 2 pres re 
= Mii five 
= NO. 0553. Intimidation Pokémon HT-.4'1.1.""_ WT: 212.3 Ibs. “i 
OC Tighten Up 60 
Your opponent discards 2 cards from their hand. 
OO Cursed Slug 120+ 
If your opponent has 3 or fewer cards in their hand, this 
attack does 120 more damage. 
weakness @) x2 | resistance A retreat CIEIED 
Illus. Gapao They neverallow prey to escape. Their jaws are so 
D BO) 059/086 © powertul, they can crush the body of an automobile. 
162025 Pokémon / Nintendo / Creatures / GAME FREAK"
541,Vullaby,"BASIogAVANTE = 
NO..0629. Diapered Pokémon. HT.1'8” WT: 19.8 Ibs. “i 
Ok) Playful Kick 10 
boc x ty 
weakness @9 x ‘2 | resistance -30 ~ retreat C3 
, : Its wings are too tiny to allow itto fly. 
Mugabont keberaint As the time approaches for it to evolve, 
O Witt) 663/086 @ itdiscards the bones it was wearing 
(02025 Pokémon / Nintendo / Creatures / GAME FREAK"
542,Mandibuzz,"STAGE] A... 5e A YS 
OY RN 
NO..0630_ Bone Vulture Pokémon. HT. 3! 11."" WT: 87.1. Ibs. “i 
Once during your turn, you may use this Ability. Your 
opponent reveals their hand, and you put a Basic Pokémon 
with 70 HP or less that you find there onto your 
opponent's Bench. a - ie, 
Ce eses Cutting Wind 90 
weakness @9 x ‘2 | resistance -30 ~ retreat C3 
Ilys. Pani Koboyashi Itmakes anest out of bones it finds. It grabs weakened 
O Wit) 664/086 « prey in its talons and hauls it to its nest of bones. 
162025 Pokémon / Nintendo / Creatures / GAME FREAK"
543,Escavalier,"ee Escavalier 7 130 D 
a) Wild Lances 90 
|| This Pokémon also does 30 damage to itself. 
Weus@x2 | resistance @ =O eet retreat KK ee 
TiGiirtheyty aroundathigh speed string 
Illus. DOM Steere Se The a i 
| Se whih thesrpoitledipears. even when in 
| WEED o60/086@ = trouble, theyface opponents bravely. 
| £2025 Pokemon Nintendo retures/ GAME FREAK."
544,Pawniard,"BASIC, ° ees / 
“25 Pawniard 0 @ 
he Barn oe 
me ae 
Fe one wy 
| e NO..0624. Sharp Blade Pokémon. HT. 18"" WT. 22.5 Ibs.. ‘ 
A) Corner 10 
| During your opponent's next turn, the Defending Pokémon 
| can’t retreat. 
“weakness @x2 | resistance @-30 _ a retreat >K)_ g 
""Blades comprise this Pokémon’s entire 
pie: Oke body. tf battling dus the blades, 
() EI 064/086 @ | itsharpensthem on stones by the river. 
(©2025 Pokémon / Nintendo / Creatures /GAME FREAK"
545,Bisharp,"—— Bisharp sw 120 @ 
= ee TR as pra 
y GE FES im ne | 
A Le CG | | ie Cael 
NO. 0625. Sword Blade Pokémon. fa 5'3"" WT. 154.3 Ibs. 
2* Finishing Blow 60+ 
| | If your opponent's Active Pokémon already has any damage 
| counters on it, this attack does 60 more damage. 
“weakness @ x2 | resistance @ -30, Tat retreat >) K) er 
is. Okw inleade @PbliporPawr valley netics vo bseometh 
662025 Pokémon / Nintendo / Creatures / GAME FREAK"
546,Cobalion,"y~ Cobalion sw 120@) : 
‘a ASS wll | 
as \ Z ae f oa 
i pee ‘ a 
i) Righteous Edge 20 
|| Discard a Special Energy from your opponent's Active 
/) Pokémon. 
(22 * Metal Arms 80+ 
If this Pokémon has a Pokémon Tool attached, this attack 
| does 40 more damage. 
“weakness @ x2 | resistance @=3O fe retreat >) 33 
Ce co eatmereccickenon. | 
| (GE 066/086 * / Mspersonalityiscalmand composed. j 
— {©2025 Pokémon / Nintendo /reatures/ GAME FREAK __"
547,Genesect ex,": Genesect Gy A200 @ 
ea, SS 
IED Metallic Signal 
Once during your turn, you may search your deck for uj 
to 2 Evolution ‘“Y Pokémon, reveal them, and put the 4 
‘into your hand. Then, shuffle your deck. fe y 
oo hs 
@@ x ~ Protect Charge 150 
_ During your opponent’s next turn, this Pokémon takes 
_ 30 less damage from attacks (after applying Weakness and 
' Resistance). = 
rom: — ii 
weakness @ x Qos) resistance @ —30 get retreat KK P 
' Willes""’5ban Grophies ae =i dead ddan"
548,Axew,"“Sa Aw 
sry nee —— ae 
Pdy, Ng ae Z 
Weakness | resistance (get retreat 
{2025 Pokémon / Nintendo Creatures GAME FREAK."
549,Fraxure,"STAGE], ] g 
a Fraxure sw 1OO®@ 
Prin ee Ms 
Rae — R 
ec. = oF 
@® Boundless Power 90 
During your next turn, this Pokémon can’t use attacks. 
weakness resistance 3 J retreat > Ok r 
> Se 4 __ Sincea'broken tusk will not grow back, 
Gps stetes Kasei they diligently sharpen their tusks on | 
069/086 @ rocksafterthey’ve been fighting. 
(©2025 Pokémon / Nintendo / Creatures /GAME FREAK"
550,Haxorus,"(STAGED y) oO 
If your opponent’s Active Pokémon is an Evolution 
Pokémon, this attack does 80 more damage. 
/@2* Axe Blast 
| | If your opponent’s Active Pokémon is a Basic Pokémon, 
it is Knocked Out. 
‘weakness resistance $ a retreat KK Ok 
i 2 They are kind but can be relentless when 
RS lege Kasal defending territory. They challenge 
(ECE) 070/086 & M3 foes with tusks thatcancutsteel. 
662025 Pokémon / Nintendo / Creatures / GAME FREAK ,"
551,Pidove,"Pidove = 60.) 
ia aM 
| ve Oy ia il yy Pl 
, witb Xa NWF TASS 
wade y 
a Ae en 
4 wy w may - 
i] ; Ces 
| SSS yo vil 
0.0519. Tiny Pigeon LWA 7) 
® Scout 
| Your opponent reveals their hand. 
® Stampede 10 
weakness (4 x2 | resistance @ -30 ~, retreat >) 1 
Mlus. Tomomi Ozaki Each follows its Trainer's orders as best it can, but they 
ig} (B1K en) 071/086 @ sometimes fail to understand complicated commands. 
162025 Pokémon / Nintendo / Creatures / GAME FREAK :"
552,Tranquill,"qsracey/ ° y 
Tranquill A 80 
| Hee ZAAS / : ge 
_ Flip a coin. If tails, this attack does nothing. If heads, during 
| your opponent's next turn, prevent all damage from and 
| effects of attacks done to this Pokémon. 
weakness (4) x2 | resistance @) -30) ~, retreat : 
Mlus. Tomomi Ozaki Itcan return to its Trainer's location regardless 
iD tke) 072/086 @ of the distance separating them. 
12025 Pokemon Nintendo / Creatures / GAME FREAK"
553,Unfezant,"(grace 4 
* Unfezant Jo 150 ® 
| eee SS SA ee: a ir . Ls ie 
® Add On 
Draw 4 cards. 
P29 Swift Flight 120 
| Flip a coin. If heads, during your opponent's next turn, 
| prevent all damage from and effects of attacks done to this 
{ Pokémon. 
weakness Gp) XQ | resistance @ —3O ae retreat ee 
aN Males swing their head plumage to _ 
pis: lemon Czaty threat ts. The females’ flying | 
ELD 073/086 Scilive:turpessthoseot me 
(©2025 Pokémon / Nintendo / Creatures / GAME FREAK 7"
554,Audino,"BASIC, ° i 
Audino 100% 
ase ae 
E tan 
he Pee 
OF lips em = 3 4s 
IO an ZiteN : Pie 
& s f ~ J y rs co he 
® Return 30 
_ You may draw cards until you have 6 cards in your hand. 
weakness @ x2 | resistance ~, retreat 2K) 
Illus. Saye Tsuruta Ittouches others with the feelers on its ears, using the 
iD Ken) 074/086 @ sound of their heartbeats to tell how they are feeling. 
a ©2025 Pokémon / Nintendo / Creatures / GAME FREAK"
555,Minccino,"BASIC Mi A y 60 *) 
inccino wO00 &) 
= gs ee OS %e 
‘er me Gi 
NO..0572__ Chinchilla Pokemon. HT..1'4"" WT. 12.8 Ibs. y 
*) Tail Slap 20x 
Flip 2 coins. This attack does 20 damage for each heads. 
weakness @® x 2 resistance AG “treat 
: They greet one another by rubbing each 
pis: Avcke Cra other with their tails, which are always 
(GE 075/086 @ keptwell groomed andclean. 
#625 Pokémon / Nintendo / Creatures / GAME FREAK"
556,Cinccino,"UsTAGE], ° ° 
*) Do the Wave 20+ 
This attack does 20 more damage for each of your Benched 
Pokémon. 
weakness @@) x2 | resistance eG vetreat 
Illus. Ayako Ozaki Their white fur is coated in a special oil that 
iO} oie) 076/086 @ makes it easy for them to deflectattacks. 
, ©2025 Pokémon / Nintendo / Creatures / GAME FREAK ’"
557,Sewaddle,"==<Sewaddle — 50@ 
Le Vou / La 
“A eae 
TRE RTT 
@ Bug Bite 20 
Faves OXD resistance 7 retreat >) i 
He: waldo KATO, forltwhenithatched hidestsbesd 
(nn) 001/086 e in its hood while itis sleeping."
558,Swadloon,"FS eo gs 4} Lg 
a ea a 1 
( So ( y ff 
an \ a F 
NO. 0541. Leaf-Wrapped Pokémon. HT: 1'8"" WT: 16.1 Ibs. 
¥ Ability ) 
« J Va Ex) 
{2025 Pokemon / Nintendo Creatures GAME FREAK."
559,Leavanny,"STAGE, WY) » Vy 
GE ee ES i ""aie Ora"
560,Cottonee,"BASIC 4 j oN 
Cottonee ~ »60@ 
| A ety. <= f fase £ 
| . re eee Ae 
. NO..0546 Cotton Puff Pokémon. HT: 1 WT,.1.3 lbs. “of 
C) Absorb 10 
Heal 10 damage from this Pokémon. 
weakness @) x2 resistance aA retreat i 
2 When attacked, it escapes by shooting 
pesisule cotton from its body. The cotton serves 
(i) 004/086 @ asadecoy to distract the attacker. 
G ©2025 Pokémon / Nintendo / Creatures / GAME FREAK y"
561,Whimsicott ex,"Esrace)/“ ote » 
y~ Whimsicott@x_ 4,230 2 
Sc. SS 
8 Energy Gift , 
Search your deck for up to 3 Basic Energy cards and attach ( 
them to your Pokémon in any way you like. Then, shuffle } 
your deck. 
@ Wondrous Cotton 50x 
Your opponent reveals their hand. This attack does 
50 damage for each Trainer card you find there. / 
weakness @) x2 resistance ae wrest A 
\ tm decreed Pokémon eX rule —— When your Pokémon xX”) 
(ATED 00s, oa6 mx A Siimtmatamalaus nana aise BESS Sits j"
562,Deerling,"BASIC, . aN 
Deerling / wIV@ 
x IIH a 
KK) Rear Kick 30 
weakness @) x2 resistance eG retreat) 
The I \d 1t of their fur chy 
Hes, Narano FR iain grace. When the 
{) 006/086 @ sense hostility, they hide in the grass. 
""©2025 Pokémon / Nintendo / Creatures / GAME FREAK"
563,Sawsbuck,"wd 3 ase ec 
O}vira"
564,Shelmet,"BASIC, 4 i aa m 
_ Shelmet ~ wh0@® 
yy XW \\ 
Su Ww it 
NO.0616 Snail Pokémon HT. 1'4""_WT. 17 Ibs. af 
If you have Karrablast in play, this Pokémon can evolve 
during your first turn or the turn you play it. 
BS Headbutt Bounce 10 
weakness @® x 2 resistance a retreat >) KK 
Iles. Saboteri Whenattacked, it defends itself by closing the lid 
(ae) 0087086 @ : fits shell. Itcan spita sticky, poisonous liquid. 
(62025 Pokémon Nintendo / Creatures /GAME FREAK"
565,Accelgor,"STAGE], p Zz 
~> “ Accelgor wl00@ 
4 c AT TX hr, 
NO. 0617. Shell Out Pokémon. HT. 2'7."" WT. 55.8 Ibs. ra 
~) Acid Spray 50 
Flip a coin. If heads, discard an Energy from your opponent's 
Active Pokémon. 
weakness @ x 2 resistance z iA tetreat >) 
Pe, Whenits body dries out, it weakens. 
7 So, to prevent dehydration, it wre 
(1) 09/086 # Aselfn many layers of thin membrane 
{62025 Pokémon / Nintendo / Creatures / GAME FREAK"
566,Virizion,"(BASIC 1) a 
Ss ee —S- fa 
a 7 ae S yy MSE POs 
fz La 
f NO. 0640. Grassland Pokémon. HT:.6'7.""_WT-.440.9 Ibs. 
weanness(@xQ | resistance gat? et) 
Dita) 
£62025 Pokémon Nintendo / Creatures GAME FREAK"
567,Tepig,"BASICud=e= 8 ye 
wales JP .700 
ee eo ~ 
® Tackle 10 
@® Rollout 30"
568,Pignite,"nr ignite .110@ 
® Combustion 30 
@@®x* Heat Crash 80"
569,Emboar,"aad ee Dh 
As often as you like during your turn, you may attach a 
Basic # Energy card from your hand to | of your Pokémon. 
weakness © XQ resistance cA retreat KK KOK 
thus. Teeziro Itcan throwa fire punch by setting its fists on fire 
Dita) 013/086 * with its fiery chin. It cares deeply about its friends. 
{©2025 Pokémon Nintendo / Creatures GAME FREAK."
570,Pansear,"BASIC, ah 
7 Pansear wI 0G 
NO. 0513. High Temp Pokémon. HT: 2’ WT:.24.3 Ibs. yi 
ak Collect 
Draw a card. 
2) ok Scratch 30 
weakness @ XQ resistance CG retreat OK 
Mus. Julie Hang When itis angered, the temperature of its head 
Dita) 014/086. @ tuft reaches 600°F. It uses its tuft to roast berries. 
{©2025 Pokémon intendo/ Creatures GAME FREAK"
571,Simisear,"STAGE], Ree oe yy 
ye Sieieat.1008 
A EN Yt j f } 
2 \e Wii oO c / 
OO ‘Ss 
Kk Gentle Slap 70"
572,Heatmor,"Heatmor ~l20@ 
tte 62 OV 
Ze ER PURE 
& Licking Catch 
Search your deck for up to 3 in any combination of 
Pokémon and Basic # Energy cards, reveal them, and 
put them into your hand. Then, shuffle your deck. 
| Oe Fire Claws 60 
weakness © XQ resistance A retreat KK 
lus. Minahomu Itbreathes through a hole in its tail while it 
Dita) 019/086 © burns with an internal fire. Durantis its prey. 
{©2025 Pokémon / Nintendo /Creatures/ GAME FREAK"
573,Reshiram ex,">2 Reshiram@xy 4,230 & 
= , Pe Ate ZA > 
Ve Slash 50 
- @®* Blazing Burst 130+ 
This attack does 50 more damage for each Prize card your 
opponent has taken. Discard an Energy from this Pokémon. 
veaknes @) XD reste — 
Vi COLE 020/056 Me, SSI ae SPRITE SES SESS / 
.: (92025 Pokainen Ninkcide Creatures GAMESREAK. es see"
574,Oshawott,"BAsic,/ Ey 
Oshawott sw /0E 
says J 7 Q~ OF 2 
aS Tackle 10 
@6 Water Gun 30 
EPO | resistance a retreat 
Mus. rika Itfights using the scalchop 6n its stomach. In response 
D)wita) ‘eqns © toanattack, it retaliates immediately by slashing. 
""©2025 Pokémon / Nintendo / Creatures / GAME FREAK"
575,Dewott,"“Dewott 4 100 
ine i. FP Oy 
est ES F< ERY 
ON o iP Wey 8 Die mt 
ten te Rae OG 
Ret en TA 
Fe NO..0502..Discipline Pokémon .HI.2°7.""..WE.54 Ibs. 
© Energized Shell 30x 
"" This attack does 30 damage for each Energy attached to 
P this Pokémon. 
Het Sitigtis “ines 
ae cee eee"
576,Samurott,"(sTace2, } a 
Bs Samurott “wv 160 © 
a fe OX a <— 
= NO. 0503. Formidable Pokémon. HT. 4’ 11"" WT. 208.6 Ibs. va 
| @IED Torrential Whirlpool 
| Once during your turn, you may switch your Active 
| Pokémon with | of your Benched Pokémon. If you do, 
| switch out your opponent’s Active Pokémon to the 
| Bench. (Your opponent chooses the new Active Pokémon.) 
Cy) Energized Slash 30+ 
This attack does 50 more damage for each Energy attached 
to this Pokémon. 
weakness 4 x2 _ resistance a retreat > 
| ; One swing of the sword incorporated inits 
ieee ike: armorcan fell an opponent. A simple glare 
(0) 925/086 & from one of them quiets everybody. 
| ; ©2025 Pokémon / Nintendo / Creatures / GAME FREAK |"
577,Basculin,"GBASIC,/p . Te YT anwz) 
Basculin > 90O 
On~ WH » o 
&6 A oo AY ' Os Pf 
oa | Ge sam. .<.o 
NO. 0550. Hostile Pokémon. HT..3'3"" WT. 39.7 lbs. a 
nC Bared Fangs 50 
| | If your opponent’s Active Pokémon has no damage counters 
: | on it before this attack does damage, this attack does 
nothing. 
weakness 4 x2 _ resistance va retreat > 
Mus. KENICHIRO ITO Red and blue Basculin get along so poorly, they'llstart 
Owe) 4/086 @ fighting instantly. These Pokémon are very hostile. 
(©2025 Pokémon / Nintendo / Creatures / GAME FREAK"
578,Ducklett,"(Basic ee: 
Ducklett = 0 
yy % fe 
bad o) ) 
_ Si (aww. 
00580 Water Bu es wa J 
i Firefighting 
Discard a ¢ Energy from your opponent's Active Pokémon. 
ok 2k) Wing Attack 20 
EPO | resistance (3) - 30, >, retreat OK 
: These bird Pokémon are excellent divers. 
pes Many, They swim around in the water eating 
{1} (IES) 0357086 © their favorite food—peat moss. 
{©2025 Pokemon / Nintendo / Creatures / GAME FREAK"
579,Swanna,"am Swanna 4 120 
Ducklett , aa” aa 
Bis eae Ws y 
2%) Air Slash 120 
| Discard an Energy from this Pokémon. i 
EPO 7 resistance (30. a retreat 
Mus. Mizve Swanna start to dance at dusk. The one dancing 
{\)(UIE) paevose + in the middle is the leader of the flock. 
""©2025 Pokemon Nintendo / Creatures / GAME FREAK."
580,Vanillite,"Vanillite - »b606 
tT we) Wr \ 
riAWA we ang r\ AS i 
‘ P “a i aa if 
0.0582 fresh Snow 4 Wii J 
@* Ice Edge 20+ 
| Flip a coin. If heads, this attack does 20 more damage. 
ory) f resistance a retreat OK 
The fe of their breath is-58°F, 
(\)(GiES) o277086 © snow fallin the areas around them. 
""©2025 Pokémon / Nintendo /restures/ GAME FREAK"
581,Vanillish,"P= Vanillish “90 © 
Bald — oe N/a 
x Ram 30 
_ || Flip a coin. If heads, your opponent’s Active Pokémon is 
""| now Paralyzed. 
ps cecil aa oe . sare thisPokemo habitat. Daring"
582,Vanilluxe,"STAGES, an eae yj 
= Nanilluxe vi. 1506 
Oy amet 
Pin j r in / 
Z LP t 
| bs alin . a) é Da 0! 
“@x* Double Freeze 90x 
Flip 2 coins. This attack does 90 damage for each heads. 
If either of them is heads, your opponent's Active Pokémon 
| is now Paralyzed. 
weakness x2 resistance ct retreat KK 
a Swallowinglatge amounts of water, they 
gph, make snow clouds inside their bodies and 
(\)(CiiES) 028/086 + attack their foes with violent blizzards. 
{©2025 Pokémon / Nintendo /Creatures/ GAME FREAK"
583,Keldeo ex,"BASIC y” 
eum Ra a. = ay 
- @x* Gale Thrust 30+ 
If this Pokémon moved from your Bench to the Active Spot x 
a this turn, this attack does 90 more damage. 
@©** Sonic Edge 120 
This attack’s damage isn’t affected by any effects on your 
4 opponent’s Active Pokémon. \ 
Ps weakiness 4% | resistance ra retreat > Kk f 
y illus. PLANETA)Yamashita) = Pokémon 6X rule aja yourPokémon ex) le 
ff DN witw cpayocs eh \\ is Knocked Out, your opponent takes 2 Prize cards."
584,Blitzle,"BASIC, e iy, 
Ni ont S 8, Sy rf) 
A EEA BIN St 
, NO. 0522. Electrified Pokémon. HT. 2'7""WT:65.7 Ibs. a 
x) Smash Kick 10 
D* Zap Kick 30 
weakness @@) x2 | resistance “A retreat * ( 
Its hit ‘hen it disch: 
Ms, Mgt Homeda Bey These heir ashing mane 
(1) (a) 031/086 @ to communicate with one another, — 
a ©2025 Pokémon / Nintendo / Creatures / GAME FREAK a 7"
585,Zebstrika,"WSTAGE], . \ 
= Tebstrika wl200D 
» % ony aN Ba 
Seige f: 
*) Smash Kick 30 
4% — Electrobullet 100 
This attack also does 30 damage to | of your opponent's 
Benched Pokémon. (Don’t apply Weakness and Resistance 
for Benched Pokémon.) 
weakness @%) x2 resistance <A retreat) 
Illus. Mugi Hamada They have lightning-like movements. When Zebstrika 
(1) (00D 022/086 @ runat full speed, the sound of thunder reverberates. 
i _ ©2025 Pokémon / Nintendo / Creatures / GAME FREAK _ |"
586,Joltik,"BASIC, ° ae Z 
Joltik w40 4 
in ie i 
’ NO. 0595. Attaching Pokémon. HT:.4"" WT. 1.3 Ibs. 
4 Surprise Attack 30 
_ Flip a coin. If tails, this attack does nothing. 
weakness @) x2 | resistance a retreat 2K) i 
Mlus. Shimaris Yukichi Joltik that live in cities have learned a technique for 
{v) 033/086 @ sucking electricity from the outlets in houses. 
a ©2025 Pokémon / Nintendo / Creatures / GAME FREAK an"
587,Galvantula,"esTace], 
NO. 0596. EleSpider Pokémon. HT. 27."" WT. 31.5 Ibs. ra 
4 Discharge 50x 
Discard all 4 Energy from this Pokémon. This attack does 
50 damage for each card you discarded in this way. 
| weakness @ x2 | resistance ce retreat) 
Mlus. Shimaris Yukichi When attacked, they create an electric barrier by 
| () CD 024/086 @ spitting out many electrically charged threads."
588,Stunfisk,"yBASIC, \ 
Stunfisk wllO. 
VAN 2 ‘ fs 
Mi A = NY, 
Ve ae 
| VES 3. Jem /ammee.. of = 
*) Muddy Bolt 20+ 
If this Pokémon has any ## Energy attached, this attack 
does 20 more damage. 
weakness @%) x 2 resistance aA retreat) K 
ig) 035/086 when transmittingelectricity, 
| = {©2025 Pokemon Nintendo / restores / GAME FREAK rl"
589,Woobat,"J Woobat a w0 © 
af : Bats ey ( 
1x Heart Stamp 10 
weakness 4 x2 resistance ()-3Q ee retreat > F 
“Illes. Wintr Wandr itshligiagedatk forestsand caves. t emits ultradonial 
(ae) 036/086 © waves from its nose to learn about its surroundings."
590,Swoobat,"STAGE Il gx Lo AAT 
ay Swoobat 7 90 ® 
|) Happy Return 
Put | of your Benched Pokémon and all attached cards 
into your hand. 
Wiican 5 x2 resistance (3) - 30, ae retreat > | 
0 037/086 enough to destroy rocks. 
i ©2025 Pokémon / Nintendo / Creatures / GAME FREAK '"
591,Sigilyph,"BASIC“4éqe _* War . 
N er Ss = 
=o ume 
NO..0561. Avianoid potas HT. 4'7""_WT. 30.9 Ibs. a 
*) Reflect 
| During your opponent’s next turn, this Pokémon takes 
| 40 less damage from attacks (after applying Weakness and 
| Resistance). 
© ** _ Telekinesis 
| This attack does 70 damage to | of your opponent’s 
Pokémon. This attack’s damage isn’t affected by Weakness 
| or Resistance. 
weakness 4 x2 resistance (28 - 30) ae retreat > | 
| hus. Krge They never vary the route they fly, because their 
() (ae) 038/086 @ memories of guarding an ancient city remain steadfast. 
£62025 Pokémon / Nintendo / Creatures / GAME FREAK"
592,Yamask,"BASIC, y - ~ 
2Yamask ~ wI0® 
Evie = JSC ye = > % 
) Ny i ss : 
aP- | ee 
Wy » YY 
‘F i 2 tne 
are ~ =~ SS 
NO..0562._ Spirit Pokémon. HT. 1'8"" WT. 3.3 Ibs. a 
|® * Focused Wish 20+ 
| Flip a coin. If heads, this attack does 20 more damage. 
weakness @ x2 resistance )-30 a retreat KK j 
lus. Bun Toujo Each of them carriesa mask that used to be its face: 
()) (ae) 039/086 @ when it was human. Sometimes they look at itand cry. 
£62025 Pokémon / Nintendo / Creatures / GAME FREAK"
593,Cofagrigus,"STAGE J, . TE SJ ~ (> 
ye Cofagrigus “120 © 
4) CO or + by 
Py \ Ny ""hp 
was . 8 alte 
ag Sy G $ 
: =— SF aes 
© * Extended Damagriiigus 
Move all damage counters from | of your Benched 
| Pokémon to | of your opponent's Pokémon. 
) Your opponent's Active Pokémon is now Confused. 
“weakness @) x 2 resistance (2-30 a retreat > kK | 
s 3 lee Beenentd (rat they swallow nae 
pple ce who get too close and turn them into 
() 040/086 * mummies. They like to eat gold pe | 
162025 Pokémon / Nintendo / Creatures / GAME FREAK re"
594,Gothita,"GBASIC Rp ue ee y la | 
hen AN 5 en oa 
| eyorr 
: we. Won ‘ 
Ko) Super Psy Bolt 20 
weakness @) x2 _ resistance (#4) - 30), Pa retreat K 4 
Mlus. Mousho Their ribbonlike feelers increase their psychic 
Dita) os1/0s6@ ears says staring asomehoey"
595,Gothorita,"STAGE], o > ~ 
=“ Gothorita 7 w90® 
\ m2 par = oS gh We ye 
BE SET es Re 
NO. 0575. Manipulate Pokémon. HT. 2'4"" WT. 39.7 Ibs. a 
| © Fortunate Eye 
Look at the top 5 cards of your opponent's deck and put 
| them back in any order. 
|\©® x Psyshot 40 
weakness @) x 2 resistance (28 - 30) 4 retreat > j 
They use hy to control people and 
eae ""Pokémon. Tales of Gothorta leading 
(1) 042/086 @ people astray are told in every corner. 
£62025 Pokémon / Nintendo / Creatures / GAME FREAK"
596,Gothitelle,"STAGE, ° y r 
= Gothitelle “A150 ©O 
- - NO..0576 Astral Body Pokémon HT. 4°11."" WT: — a 
@I® Distorted Future 
Once during your turn, if this Pokémon is in the Active 
| Spot, you may have your opponent shuffle their hand into 
) their deck and draw 3 cards. 
|® * Synchro Shot 90+ 
| If you have the same number of cards in your hand as your 
opponent, this attack does 90 more damage. 
weakness @) x 2 resistance (2 -3Q, FZ, retreat kK j 
lus. Mousho Starry skies thousands of light-years away are visible 
a 043/086 in the space distorted by their intense psychic power. 
£62025 Pokémon / Nintendo / Creatures / GAME FREAK"
597,Frillish,"BASIC, one y ~ 
SEAS CA ° 
Frillish ~~ 80 © 
‘ Saag tS | 
es pra N ) 
© Oceanic Gloom 20 
| During your opponent's next turn, they can’t play any Item 
cards from their hand. 
weakness @ x2 resistance )-30 a retreat kK KOK 
Illus. MARINA Chikazawa With its thin, veil-like arms wrapped around the 
()) (ae) 044/086 © body of its opponent, itsinks to the ocean floor. 
£62025 Pokémon / Nintendo / Creatures / GAME FREAK"
598,Jellicent ex,"CLEP ey — 
y ‘Jellicent@X _Ar270© 
QED Oceanic Curse eC 
As long as this Pokémon is in the Active Spot, your ~S 
opponent can’t play any Item cards or Pokémon Tool cards 
from their hand. 
Ox Power Press 80+ 
\ If this Pokémon has at least 2 extra Energy attached (in 
“ addition to this attack’s cost), this attack does 80 more 
ty damage. , 
Pin @ x2 i resistance (a) -O. Clint KKK 
(ors oases (GC sknocked Out, your opponent takes 2 Prize cards. S 
Fc 92025 Pokemon Nintendo /Crestures/GAME FREAK. a"
599,Roggenrola,"<Roggenrola 80.) 
; Gi ot ae 
sens NO.,0524., Mantle Pokémon HTL."" WIT: 397,15. 
(3) Harden 
_ During your opponent's next turn, prevent all damage done 
) to this Pokémon by attacks if that damage is 40 or less. 
ae Rolling Rocks 30 
_ 162025 Pokemon Nintendo /Cretures/ GAME FREAK"
600,Boldore,"“on fw OB 
s =P SM L/ 
'® Smack Down 30+ 
_ If your opponent's Active Pokémon has ## Resistance, this 
| attack does 50 more damage. 
ed Power Gem 90 
te mttonane__Whenitnonsmhpowetneoangecysn 
(IEE) oaz,0gs.@ _ P2dvslowsItlooksforunderground waterin caves. 
662025 Pokémon / Nintendo / Creatures / GAME FREAK ee"
601,Gigalith,"STAGED, 3 LL a a= Km 
be Gigalit . fw 170 @ 
la NO..0526. Compressed Pokémon. HT:.5'7.""_WT.573.2 lbs.. 4 
®@ Vengeful Cannon 20x 
| This attack does 20 damage for each damage counter on 
_ all of your Benched #8 Pokémon. 
))& —_ Heavy Impact 160 
| 162025 Pokémon Nintendo / Creatures GAME FREAK"
602,Sawk,"BASIC ie Re ‘ily 
oe yp a a = 
=) Elbow Strike 30 
» Rising Chop 90 
If your opponent’s Active Pokémon isn’t a Pokémon @X, 
this attack does nothing. This attack’s damage isn’t affected 
by Weakness or Resistance. 
weakness ©) x2 _ resistance a retreat OK 
The sound of Sawk punching boulders 
hibeeh and trees can be heard all the way from 
(CE) 048/086 + the mountains where they train. 
if ©2025 Pokémon / Nintendo / Creatures / GAME FREAK"
603,Archen,"STAGE, 14 A ee ee ON Ail 
la -Archen a a 808 
| vole rom atiqued me Fossil SES 
—= i Age SUS 
A NO. 0566. First Bird Pokémon HT; 1'8""_ WT: 20.9 Ibs. a 
4 x) Acrobatics 30+ 
| Flip 2 coins. This attack does 30 more damage for 
| each heads. 
weakness @ x2 resistance a retreae >) Gh oN a 
pee oo Co eee 
wo they were unable to flyand moved about by 
IEEE osovaas organ 
162025 Pokémon / Nintendo /Creatures/GAMEFREAK"
604,Archeops,"(STAGED 7 B. iT} 
(om Archeops 7140 
ORIEL >We —» fs vod 
N a Wy, JS IG 
LAA ~ Zi 4) 
TAY 7, al { 
fo Ey A a 
a e, yr V= 
Are) eee Za BSI 
NO. 0567. First Bird Pokémon. HT; 4'7.""_ WT: 70.5 Ibs. va 
i Ability ) 
Once during your turn, if this Pokémon is in the Active 
Spot, you may devolve | of your opponent’s evolved 
Pokémon by putting the highest Stage Evolution card on 
it into your opponent's hand. 
| x Rock Throw 100 
weakness @ x2 _ resistance 3 a retreat > 
Iles. Haru Akasaka They are intelligent and will cooperate to catch prey. 
Dita) 051/086 «From the ground, they usea running start to take flight. 
: ©2025 Pokémon / Nintendo / Creatures / GAME FREAK"
605,Mienfoo,"“—“Mienfoo 60 
‘i x ivy Fe rc a 
| gu | at iL"
606,Mienshao,"STAGE], e aap 41iD) 
==“ Mienshao wl00& 
NO. 0620. Martial Arts Pokémon. HT. 4'7""_WT.78.3 Ibs.. - aif 
=) Low Sweep 40 
VE) Smash Uppercut 80 
This attack’s damage isn’t affected by Resistance. 
weakness ©) x2 _ resistance a retreat OK i 
lus. Keisin Itwields the furon its armstikeawhip. Its arm attacks 
Dita) 053/086 come with such rapidity that they cannot even be seen. 
, {62025 Pokemon Nintendo / restores / GAME FREAK"
607,Terrakion,"| Jim 43 ew 
ok Retaliate Q 
weakness @ XQ reastance Se atest OK OR 
DO) wita)"
608,Purrloin,"Purrloin 00 
a. \ \ ley Wie I 
ty A) “e 
ae (' K es 
NO..0509. Devious Pokémon. HI:.1/4"". WI..22.3 bs 
© Invite Evil 
Search your deck for up to 3 @ Pokémon, reveal them, 
and put them into your hand. Then, shuffle your deck. 
weakness @) x2 | resistance A retreat (39 
Pea ah on They steal from people for fun, buttheir 
victims can’t help but forgive them. Their 
o 055/086 @ deceptively cuteactis perfect"
609,Liepard,"STAGE], Lie d 1 0o® 
~~ Liepar 10 
Cea -'N 
© Knock Off 50 
Discard a random card from your opponent's hand. 
weakness @) x2 | resistance 7” retreat C3 
Pea ah on These Pokémon vanish and appear 
unexpectedly, Many Trainers are drawn. 
O Wit) 056/086 to their beautiful form and fur 
{62025 Pokémon Nintendo / Creatures / GAME FREAK"
610,Scraggy,"Yo mn Pe 
STI AA = ‘ 
NO..05S9. Shedding Pokémon. HT: 2"". WT: 26 Ibs. “i 
© Headbutt 10 
weakness () x2 __| resistance A rere 3 
Illus. esare ls skin has a rubbery elasticity, soit can reduce 
D Wit 057/086 @ damage by defensively pulling its skin up to its neck. 
162025 Pokémon / Nintendo Creatures GAME FREAK."
611,Scrafty,"“STAGE, Scra rreye Cc) 
a Scrafty nl 20©O 
. aoe Q fi 
A 4 Va et eT | Meg 
iy et MAAN oh Aa 
NO..0560._Hoodium Pokémon HT.3'7""_WT..66.1 lbs. “i 
OO© Ruffians Attack 60x 
Flip a coin for each @ Pokémon you have in play. This attack 
does 60 damage for eacgsheadss F oar at 
weakness @) x2 | resistance A retreat CIES 
Ilus. asare Groups of them beat up anything that enters their 
DO ital o58/086 @ territory. Each can spit acidic liquid from its mouth. 
162025 Pokémon / Nintendo / Creatures / GAME FREAK"
612,Trubbish,"BASIC, . 
Trubbish 70 © 
> is bY 
WIR Rr 
@ Drool 10 
O@ Sludge Bomb 20 
weakness (5) x2 | resistance ee CKD 
Illus. OKUBO Inhaling the gas they belch will make you sleep 
fi] 59 bee © foraweek. They prefer unsanitary places."
613,Garbodor,"STAGE) maj. 7 AK? 
ie ‘Garbodor lO) 
{> > ayy) iia 
PETS | ee | 
y| YO Nar Ye 5 ~ 
Bey % z | OO 
wa We BT) 6 <4 Bee. 
i: a 7 x »\ eal vate A 
a ee Ga BSR 
FART ZO Aas” i 
ay UF LA 
NO. 0569. Trash Heap Pokémon. HT. 6'3"" WT: 236.6 Ibs. “i 
© Suffocating Gas 40 
©OG& GunkShot 120 
Your opponent's Active Pokémon is now Poisoned. 
weakness (5) x2 _ | resistance 7” retreat C2263 
Wa StS Itclenches opponents with its left arm 
and finishes them off with foul-smelling, 
O Wit) 060/086 @ poison gas belched from fe acihe 
{©2025 Pokémon Nintendo Creatures GAME FREAK"
614,Zorua,"BASIC : — ye 
=~ x won J 
“ 3 SS ae ee 
meets fot 
NO..0S70_ Tricky Fox Pokémon. HT:.2'4""WT:.27.6 Ibs. 
© Take Down K{0) 
This Pokémon also does 10 damage to itself. fies, 
Se oe Mas si ; i 
weakness (@)x 2 | resistance A rere 3 
Illus. akagi ltchanges into the forms of others to surprise them. 
D We) 061/086 @ Apparently, it often transforms intoasilent child. 
162025 Fokemnon/ Nintendo /Cretures/ GAME FREAK"
615,Zoroark,"“STAGE, : ah 7 
Yeo Zoroark 120 © 
N Sy \ a 
A BE 7 y y 
y aa ""| Li fie 
AY A A Zo 
NO..0571. Illusion Fox Pokémon. HT. $'3""_ WT. 178.8 Ibs. 
© Mind Jack 30x 
This attack does 30 damage for each of your opponent's 
Benched Pokémon. 
C333 Foul Play 
Choose | of your opponent's Active Pokémon’s attacks 
and use it as this attack. 
weakness @)x 2 | resistance A rere 3 
ee Bonds between these Pokémon are 
very strong. It protects the safety of its 
O Wite) 662/086 pack by tricking its opponents 
162025 Pokémon / Nintendo / Creatures / GAME FREAK"
616,Deino,"BASiogs wn Re, 
-Deino - 8 
Ok OK) Body Slam 20 
Flip a coin. If heads, your opponent's Active Pokémon is 
now Paralyzed. Sh . 
ie @ a OO ae, 
© DarknessFang S50 
/ al eh 
Fe hs & wy 
weakness @)x2 | resistance A retreat CIES 
Illus. kedama It tends to bite everything, and itis nota picky 
D Wit) 965/085 @ eater. Approaching it carelessly is dangerous. 
(02025 Pokémon /Nintendo/ Creatures / GAME FREAK"
617,Zweilous,"STAG Ig a5 lara 
a ‘Zweilous (aan C) 
Evolve kom Peon a 
wi it = = WwW atte 
NO. 0634. Hostile Pokémon. HT-.4°7"" WT:.110.2 Ibs. “i 
Gs Gs Double Hit 40x 
Flip 2 coins. This Ab IES 40 damage for each heads. 
Bi SS: 
weakness () x2 __| resistance A retreat CIEIED 
Illus. kedama Afterit has eaten upall the food in its territory, it 
DD We) 066/086 @ Moves toanotherarea. ts two heads donot get along. 
(02025 Pokémon /Nintendo/ Creatures / GAME FREAK"
618,Hydreigon ex,"OLE Wnt y , 
“ex, Hydreigon@X 4330 © 
S =-- Sal Je 
(Ability . 
( If your opponent’s Basic Pokémon is Knocked Out by: 
vy] damage from an attack used by this Pokémon, take | more © 
| Prize card. i 
af (OOO &s €8 Dark Bite \ 200 . 
During your opponent's next turn, the Defending Pokémo WN 
can’t retreat. \ iN . 
weakness ©) x 2 W resistance Uf retreat OK DK DK) AN 
/ O Wit) coos oxy | {is Knocked Out, your re aid es cards. é 
t aah pele S)GAMEFREAK ."
619,Ferroseed,"Ferroseed rd w70® 
~~ a riee~ 
NO..0597._ Thorn Seed Pokémon. HT. 2’ WT..41.4 Ibs. 
i@ Zzzt 10 
~*~ Metal Claw 40 
ine @ x2 | resistance @ -30. Tat retreat > k a 
Illus. Hasuno _ Po When threatened itatfacks by shooting 
| abarrageoi spikes, which givesi"
620,Ferrothorn,"a ‘Ferrothorn 7» 140 
& olves from ferroseed SPL. 
NO..0598. Thorn Pod Pokémon. HT. 3'3""_WT.242.5 Ibs. 
1@ Power Whip 
| This attack does 20 damage to | of your opponent's Pokémon 
| for each Energy attached to this Pokémon. (Don’t apply 
| Weakness and Resistance for Benched Pokémon.) 
| * ® Metal Claw 130 
weakness @x2 | resistance @-30 _ a retreat KKK ee 
lus. Hasuno Itfights by swinging around Tethiesoiky feelers. Ahit 
(GE) oso 086 re ee ge apuiceriorubhle. 
£62025 Pokémon / Nintendo / Creatures / GAME FREAK."
621,Klink,"— ae ) a L ke Xe. 
als 4 X ye st 
ie = nr a 
Ee ee 
bel * f 
® Hard Gears 10 
| During your opponent's next turn, this Pokémon takes 
| | 10 less damage from attacks (after applying Weakness and 
4 Resistance). 
“weakness @ x 2 resistance @ -3Q, et retreat >) er 
J ""The two minigears that mesh together are f 
oot predetermined. ot rebound from 
OGD ostoss@ 5 otherminigearswithout meshing. 
£62025 Pokémon / Nintendo /Creatures/GAME FREAK"
622,Klang,"29» Hard Gears 50 
|| During your opponent’s next turn, this Pokémon takes 
|| 20 less damage from attacks (after applying Weakness and 
| Resistance). 
weakness @ x2 | resistance @-3Q cee retreat >) > a 
GE oczsoss@ = others. Whenangry itrotates faster. 
| va {92025 Pokemon / Nintendo /Crestures/GAMEFREAK"
623,Klinklang,"(sTAGER, ne as ee ee a ] 
(es, Klinklang 150 @ 
| GED Gear Coating 
1) All of your Pokémon that have any Y Energy attached take 
20 less damage from attacks from your opponent’s 
Pokémon (after applying Weakness and Resistance). 
&%% Hammer In 120 
Games @x2 | rsbianc@es0 igen AA ae 
Illus. Amelicart S lredereluncionssanene ray tank. Itfires the 
Oye sosteee Jenergy thi spikes intoan area."
624,Durant,"BASIC Boren 
Durant 10@ 
eye zea WS 
NO. 0632. Iron Ant Pokemon. HT. 1 WT:.72.8 Ibs. 
*) Bite Together 20+ 
| If Durant is on your Bench, this attack does 20 more 
| damage. 
(| Ox* Vise Grip 50 
weakness @ x 2 resistance @-30 _ cA retreat ee 
Ilus. Yuka Morii Theyattack in groups, covering themselves insteel 
(i) 070/086 # . Sus poy yhammeelves from Heatmor. 
£62025 Pokémon / Nintendo / Creatures / GAME FREAK."
625,Druddigon,"BASICy4 me . Ass y 
<< Druddigon (i120 6 
This attack’s damage isn’t affected by any effects on your 
| opponent's Active Pokémon. 
@@x* Ambush 90+ 
Flip a coin. If heads, this attack does 60 more damage. 
“weakness ""resistance i retreat kK 4 
5 [a See /byabsorbing sunlight 
aceite! Pe “with its wings. When its body t tu 
“J(UGEN 0777086 © a 7 fal oo aera 
(©2025 Pokemon /Nintendo/Creatures/GAME FREAK"
626,Patrat,"BASIC y 
Patrat w60 &) 
*) Procurement 
Search your deck for an Item card, reveal it, and put it into 
your hand. Then, shuffle your deck. 
weakness @ x2 | resistance Ge retreat OK) 
- Using food stored in cheek pouches, they 
Pits: Quail can keep watch for days. They use their 
ig) 072/086 @ tails to communicate with others, 
#625 Pokemon / Nintendo / Creatures / GAME FREAK"
627,Watchog,"STAGEI pS pp 4 ig ee y g 
les SA oA 
*) Focus Energy 
During your next turn, this Pokémon’s Hyper Fang attack’s 
base damage is 240. 
*) Hyper Fang 80 
Flip a coin. If tails, this attack does nothing. 
weakness @ x2 | resistance ee retreat 2K) | 
- When they see an enemy, their tails stand 
Bite: Quniah high, and they spit the seeds of berries 
ig) 073/086 ® stored in their cheek pouches, 
oa ©2025 Pokémon / Nintendo / Creatures / GAME FREAK u"
628,Lillipup,"eas illi 7 608) 
Hipup HP 
i t ds be 2 ) one | 
ues 7 f Gat f 
re ey \ ° BA 
dS Vat NS as Lie on FH 1 EE 
err GZ WA= = 
ob Play Rough 10+ 
_ Flip a coin. If heads, this attack does 20 more damage. 
weakness @@) x2 | resistance eA retreat : 
} It faces strong opponents with great 
Bis: sowsey courage. But, when at a disadvantage ina 
io) 074/086 @ fight, this intelligent Pokémon flees. 
©2025 Pokemon / Nintendo / Creatures / GAME FREAK."
629,Herdier,"STAGE], . y LE 
C “ , ip a gS 
, we af ag 
® Roar 
Switch out your opponent’s Active Pokémon to the Bench. 
| (Your opponent chooses the new Active Pokémon.) 
— WK Lunge Out 70 
weakness @@) x2 | resistance ~, retreat >) _ 
Mlus. sowsow Ithas black, cape-like fur that is very hard and 
0 075/086 @ pecreise: te amount of damage Ittaca aa 
{208 Pokemon Nintendo retures/GAME FREAK J"
630,Stoutland,"STAGE, / Wy Z 
“= Stoutland ww 160 ® 
i \ % OX Ce Be = PE 
is se Ss 
| Or. gt 
NZ. 2 ” ga of 
“a AS go 
0.0508. 7 Todi1AcelWVlud34.5ibs, J 
Bw Odor Sleuth 
Flip 3 coins. Put a number of cards up to the number of 
heads from your discard pile into your hand. 
21 2) ob) Special Fang 100+ 
| | If this Pokémon has any Special Energy attached, this attack 
does 100 more damage. 
weakness @ x2 | resistance ~, retreat 2K) 4) OK) 
Illus. sowsow Itrescues people stranded by blizzards in the 
Oj vite) 076/086 mountains, Its shaggy fur shields it from the cold. 
e ©2025 Pokémon / Nintendo / Creatures / GAME FREAK J"
631,Bouffalant ex,"BASIC y/ . 
Bouffalant@y 7220 *) 
ee Oe! 
] ie a be. 
aif: ey f eg 
<7 a wersss 
| 2D Bouffer ~ . 
= This Pokémon takes 30 less damage from attacks (after ) 
applying Weakness and Resistance). »| 
4 If your opponent's Active Pokémon is a Pokémon @X, this 4 
Ney attack does 100 more damage. 
weakness @) x 2 resistance gf retreat 2K) OK ¥ ot 
Tien PLANET te : Pokémon 6X rule aja yourPokimonex )) 
0} _ = xy & is Knocked Out, your opponent takes 2 Prize cards. J"
632,Rufflet,"GBASIC, 
Rufflet ~70 | 
es eS 2 — Sex Vo 
ee ye hee os 2 LOS 
ae Sy — a ot oy 
(je P4 pao eo 
i «x tf SS s+ & ae 
. NO. 0627. Eagiet Pokémon. HT: 18"" WT: 23.1 Ibs. A 
weakness 4) x2 | resistance @ -30, ae retreat * : 
Illus. Kedamahadaitai Yawarakai_ ‘They crush berries with theirtalons, They bravely _| 
DY oxen) WEEERC stand up to any opponent, no matter howstrongitis. |"
633,Braviary,"esTace], . ‘ 
= Braviary ew l40 
*) Aerial Ace 40+ 
|| Flip a coin. If heads, this attack does 40 more damage. 
weakness (4) x2 | resistance @) -30 a retreat 
ay 5 They fight for their friends without 
| (EE o7e/086 « One can carry acarwhile flying."
634,Tornadus,"cat _ a 
GBASIC, | 
Tornadus w 120%) 
Zi. ee ) 
( ln aa A 
Y V4 aN O i 
*) Wrapped in Wind 
| Attach a Basic Energy card from your hand to this Pokémon. 
*) 4%) Hurricane 100 
Move a Basic Energy from this Pokémon to | of your 
Benched Pokémon. 
weakness) x2 | resistance @-30 oe retreat >) 
Illus. Nisota Niso ‘The lower half of its body is wrapped ina cloud of 
| Ot 078/086 * poe iat oor through the sky 
#625 Pokemon / Nintendo / Creatures / GAME FREAK"
635,Steven's Baltoy,"7 BASIC, % a 
Steven’s Baltoy > A 0\ 0) © 
f * < NS ze 
x Summoning Sign 
| Search your deck for up to 2 Basic Steven’s Pokémon and 
|) put them onto your Bench. Then, shuffle your deck. 
I Psychic Sphere 20 
weakness @) x2 resistance (¢) -30) Td retreat > 
2 ikwas detovered ih ancient ruins, Walaa 
gl Ee moving, it constantly spins. Itstands 
4 (')(GE) 083/182 © ‘onone foot even whenasleep. | 
(©2025 Pokémon / Nintendo / Creatures / GAME FREAK _"
636,Steven's Claydol,"STAGE], : Py san aA 
EC covers Claydol Aw 120 © 
| A No..0344 casio Pokémon. 41.1..WE.238,Llbs. aye) 
© Eerie Light 20 
| Your opponent's Active Pokémon is now Confused. 
|) Discard all Energy from this Pokémon. 
Weakness @) XQ resistance GO ee retveat KK 
lus. nagimiso Itappears to have been born from clay dolls made by 
{\)(r) 084/182 # ancient people. It uses telekinesis to floatand move. | 
; (©2025 Pokémon / Nintendo / Creatures /GAME FREAK _~"
637,Steven's Carbink,"See en's Carbink ‘S A=} 0) © 
ame A f 
y Py Ws. Z 
=. ss A ni) 
NO..0703..Jewel, Pokémon. HT:.1..WI:.12.6.1bs. es A 
@XITE®D Stone Palace 
As long as this Pokémon is on your Bench, all of your 
| Steven’s Pokémon take 30 less damage from attacks from 
) your opponent's Pokémon (after applying Weakness and 
| Resistance). The effect of Stone Palace doesn’t stack. 
|®* * Magical Shot 80 
| weakness Y) x 2 resistance Z att retreat ok kK 
| Be is Ithas slept underground for hundreds of 
fee tsten millions of years since its birth. It’s occasionally 
(E15 086/182 @ found during the excavation of caves. 
£62025 Pokémon / Nintendo / Creatures /GAME FREAK"
638,Steven's Skarmory,"GBASIc, I 
i Steven’s Skarmor) L uP 120 ® 
> Ta AS y 
J q AV £ 
‘ K he Y 
ie YG 
Ln aN oa 
NO.0227.. Armor Bird Pokémon HT 5:7... MVE AA1.3.IDSs, NY | 
1) & ® Razor Wing 30 
| @@xX __ Sonic Double 
| This attack does 50 damage to 2 of your opponent's 
| Pokémon. (Don’t apply Weakness and Resistance for Benched 
Pokémon.) 
weakness HXQ_| resistance BBO pares Zz 
“Illus. Nisota Niso © Mest irdy, heavy -lookingiron bodys actually thin 
(GHD pazsrez0@ igus angie eds oveti60 el 
1€2025 Pokemon Nintendo /Creatues/GAMEFREAK"
639,Steven's Beldum,"BASIC, ee 5 
are Kn) 
r Steven’s Beldum a? w70 & 
NO..0374. Iron Ball, Pokemon. HT;.2"".Wi: 209.9 Ibs. eas | 
Dx Ram 30 
weakness @) x2 | resistance @—3Q se retreat és 
Illus. Takeshi Nakemura ‘The magnetic force generated by its body repels 
(Doria) 143/182 @ : pound natu amen: letting it float. 
(©2025 Pokémon / intend / Creatures / GAME FREAK"
640,Steven's Metang,"== Steven’s Metan 2 a re 100 
ej \WMGig 
aa 4 Co a 
ee y ye A OG be 
ee a) diese - 4 
: mw ae 
E 1NO.0375siron Claw. Pokemon. HT: 3:11"" WT.446.4 Ibs. eas /| 
(@* Metal Slash 70 
| | During your next turn, this Pokémon can’t attack. 
“weakness @x2 | resistance @)-30 Ted retreat OK a 
“Illus. Anesaki Dynamic _ Itisformed by two Beldum joining together: Its two 
(GD taste2e@ pear linked anlar fingitspsychicpower. 
62025 Pokemen Nintendo /Ceaturs/ GAME FREAK"
641,Steven's Metagross ex,"STAGE = m~ 
cu Steven's Metagross@,¢ 7 340 ® 
j \ eo CNG: |: Ji 
SES 9/ SSA AW) = 
= Once during your turn, you may search your deck fora ™ 
Basic © Energy card, a Basic ‘Y Energy card, or | of each er 
and attach them to your © Pokémonvand ‘Y Pokémon in 
any way you like. Then, shuffle your deck. 
4‘ @x*%* Metal Stomp 200 
Gann @x2 | ese @ 30 gra ke) aes 
Illus. PLANETA Mochizuki _¢ ia ct sis rorrsenonex 
; _is Knocked Out, your opponent rrize cards. 4 
5 Pokémon / Nintendo / Creatures / GAME FREAI it Pe te"
642,Marnie's Purrloin,"BASIC aee ° ge > 
Marnie’s Purrloin 60 
NO..0509. Devious Pokemon. HT:.1'4"" WT: 22.3 Ibs. ¢ Cy 
© Pointy Nails 20+ 
If your opponent’s Active Pokémon is a Pokémon @X, this 
attack does 40 more damage. 
weakness x2 | resistance A retreat (9 
Opponents that get drawn in by its adorable 
Mllus. REND 
behavior come away with stinging scratches from 
['] 130/182 @ its claws and stinging pride from its laughter. 
162025 Pokémon / Nintendo /reatures/ GAME FREAK"
643,Marnie's Liepard,">» Marnie’s Liepard up I 00 y 
yg ) i. Evolves trom Marnie’s Purcloin ) 
AQ ae 
9 met tADOOS Sy er’ 
OO Pointy Claws 70+ 
If your opponent’s Active Pokémon is a Pokémon @X, this 
attack does 70 more damage. 
weakness @) x2 | resistance A” retreat (9 
ieee This stealthy Pokémon sneaks up behind 
a Aiea prey without making any sound atall. It 
['] 131/182 @ competes with Thievul for territory. 
162025 Pokémon / Nintendo /reatures/ GAME FREAK"
644,Marnie's Scraggy,"“MarniesSCraggsy = oe 
3 : We Ww BEY 
4 er: ae oe 
PSS Be"" Dey, ee & 
y @ Web - 6 Mi Ss 
; Va Ar a 5 ay q yi 
NO..0559_ Shedding Pokemon. HT: 2’ WT: 26 lbs. G Cy iS 
©OEs Crunch 2 50 
Discard an Energy from your opponent's Active Pokémon, 
ape = c= ats 
cae * ua 
weakness (©) x2 | resistance A” retreat C9 
It stretches its saggy skin up tots neck to protect 
ilggaaleezte itself. Among Scraggy, individuals with saggier 
['] 132/182 @ skin apparently garnermore respect. 
162025 Pokémon Nintendo / Creatures GAME FREAK"
645,Marnie's Scrafty,"STAGE] ze a 
) A74® Marnie’s Scrafty HP 120” 
- Alin» iB > my 
Sy — = J yf 
ar _ SEY /) 
INO..0560. Hoodlum Pokemon. HT: 3'7""_ WT: 66.1 lbs. G Cy iS 
© Rear Kick 40 
©O©€3 Wild Tackle 160 
This Pokémon also does 30 damage to itself. 
weakness @) x2 | resistance A retreat (969 
Illus. Kazumasa Yosukuni Groups of them beat up anything that enters their 
fi] Ta3/iao ®. territory. Each can spit acidic liquid from its mouth. 
162025 Pokémon Nintendo / Creatures / GAME FREAK"
646,Marnie's Impidimp,"BASICg@ae Jase eye 9 } 
‘Mamie’sImpidimp — /J/Q©) 
la al 
a 7 i fe 
py at ne alla 
NO..0859.. Wily. Pokémon sHT: 14° WTA2elilbs. Moc 
Ck) Filch 
Draw a card. 55 a: : 
© Corkscrew Punch —s‘10 
weakness (©) x2 | resistance A” retreat (9 
The reason this Pokémon causes trouble for those 
Illus. KEICHIRO ITO. 
it feels close tois because Impidimp itself gets 
0 134/182 @ irritable if it can’t absorb negative emotions. 
162025 Pokémon Nintendo / Creatures GAME FREAK"
647,Marnie's Morgrem,"STAGE], iret AY 7 
Marie's Morgrem 100 © 
‘4 abit, 
i 2 ay ay); 
T em Re 
oi NJ 
O©® Corkscrew Punch 60 
weakness @) x2 | resistance A” retreat (9 
Illus. NC Empire Morgrem prefers dirty tactics, like ambushing, 
1] 135/182 because it doesn’t have confidence in its brawn."
648,Marnie's Grimmsnarl ex,"(grace > 
=<. Narnie's Grimmsnatl GX A w320 () 
Aj olves from Marnie’s Morgrem ¥ \ 
= 4 Bis Ap NS _if 
4 Ability > ~ oS 
7 When you play this Pokémon from your hand to evolve | of 
| your Pokémon during your turn, you may search your deck 
1) for up to 5 Basic @ Energy cards and attach them to your 
Marnie’s Pokémon in any way you like. Then, shuffle your deck 7 
ee Shadow Bullet 180 
| This attack also does 30 damage to | of your opponent's. £ 
! Benched Pokémon. (Don’t apply Weakness and Resistance @y| 
|) for Benched Pokémon.) j 7 SS 
weakest ©) x _| resistance P creat Cie 
its Bian, (Pokémon ex rule ge ra) 
O onia) jet te {Cis Knocked Out, your opponent takes 2 Prize cards. y,"
649,Marnie's Morpeko,"BASIC, Re: = ~ 
Marnie’s Morpeko ZO >» 
= eee ae f 
NO..0877._Two-Sided Pokemon. HT. WT-.6.6 lbs. G Cy iS 
E2368 — Spiky Wheel 20+ 
This attack does 40 more damage for each @ Energy 
attached to this Pokémon. 
weakness @) x2 | resistance A” retreat 
Morpeko eats seeds constantly to keep 
Mugalting Nake its hunger at bay. Ifit’s hungry for too 
['] 137/182 @ long, it grows wild and brutish. 
102025 Pokémon Nintendo / Creatures / GAME FREAK"
650,Bulbasaur,"Bulbasaur w80@ 
‘nl 5 1 iol 
iC) Bind Down 10 
During your opponent's next turn, the Defending Pokémon 
can’t retreat. 
weakness @) x2 resistance 7 retreat >) 
Illus. HYOGONOSUKE Forsome time afterits birth, it uses the nutrients that 
()) a) 001/132 @ are packed into the seed on its back in order to grow. 
(©2025 Pokémon / Nintendo / Creatures / GAME FREAK 7"
651,Ivysaur,"al Ivysaur 10¢é 
“ivy Aw 
Evlvestvom ulbasau 
YS iL = A) Za i Lie] 
we fates if aN Sag Ml Ae A 
res ee SS Mee a 
ae Razor Leaf 60 
weakness @ x 2 resistance z Aira KK) 
; ‘The more sunlight Ivysaur bathes in, the 
pee Tokont Weg more strength wells up within it, allowing 
(\) G3 002/132 @ the bud on its back to grow larger. 
£2025 Pokémon Nintendo Creatures GAME FREAK"
652,Mega Venusaur ex,"‘Se \ |Evolves from lyysaur irae Y d formar] 
VB Y as X 
| “4 _ Ability ») r Transfe! wl 
Ee f ne eee etre = 
lass ance for ge 7 
u MS GOERTAD \"
653,Exeggcute,"GBASIGC i I 
>= Exeggcute . 608 
iat 1 Bahn | 
ts 9 Ye 
apa | \ il |) EY rs 
wall ~ 
*) Jam-Packed 
Search your deck for a Basic @ Energy card and attach it 
to this Pokémon. Then, shuffle your deck. 
Pees inest @x2 — resistance eG retreat) | 
GE 0047132 @ quickly gather and attack you ina swarm. 
) — {©2025 Pokemon Nintendo / Creatures / GAME FREAK -"
654,Exeggutor,"STAGE], = JET 
lea Exeggutor wl40@ 
PQ olves fromExeggcute Ty , 
Ah Peii74 
Ty. X B Fi / Su 2g 
Pa Hie’ 
GR ZA \ | ia 
Tf STEN << | Ads eh ae 4 
NO..0103_ Coconut Pokémon. HT: 67."" WT;.264.6 Ibs. ra 
@ Guard Press 30 
During your opponent's next turn, this Pokémon takes 
30 less damage from attacks (after applying Weakness and 
Resistance). 
*) *) * Stomping Wood 60+ 
This attack does 30 more damage for each @ Energy 
attached to this Pokémon. 
weakness @ x 2 resistance z ic retreat > 
Ilys. Kazumasa Yasukuni Itis called the Walking Jungle. Each of the 
(1) (EE) 005/132 nutshasa face and awill ofits own. 
| {62025 Pokémon / Nintendo Creatures / GAME FREAK"
655,Celebi,"BASIC, e aa 
== Celebi 80 
a “of EE GLE ge = 
« NO..0251..Time Travel, Pokémon..HT:.2:.WT:.1.1.Ibs, _ 
iC) Traverse Time 
Search your deck for up to 3 in any combination of 
@ Pokémon and Stadium cards, reveal them, and put them 
into your hand. Then, shuffle your deck. 
©) Solar Cutter 30 
weakness @ x 2 resistance a retreat > 
| am This Pokémon traveled through time tocome 
| poe<Noold Sol from the future. It bolsters grass and trees with 
) 012/132 its own strength, andit can heal wounds, too. 
£62025 Pokémon / Nintendo / Creatures / GAME FREAK"
656,Seedot,"AN SS 
- ZAZA f CY Fs. 
a ey ie 
Divs"
657,Nuzleaf,"STAGE], y) a 
““ Nuzleaf 4w100@ 
Cpa 28 a ane uta sa 
od Weare q as Ap eae 
ASE Notes : Sa 
RAINS en ecm ity RE 
ern meee 
1@ Pound 30 
@* Low Kick 50 
weakness @) x2 resistance 7 retreat >) i 
as. Itleadsa quiet life deep in the forest. If anything 
pieriokashl shia wanders intoits territory, Nuzleaf will warn 
(ED) 014/152 @ the intruder by sounding its grass flute. 
4 ©2025 Pokémon / Nintendo / Creatures / GAME FREAK"
658,Shiftry,"STAGE, . a aa . 
= Shiftry w160@ 
am) N2aa/Z 9 A iS 1X4 7 xy 
i NO..0275. Wicked Pokemon. HT. 4:3 aa 131.4 Ibs. 
nC) Reversing Gust 
Flip a coin. If heads, choose | of your opponent's Pokémon. 
| Shuffle that Pokémon and all attached cards into their deck. 
1O* Perplex 100 
| Your opponent’s Active Pokémon is now Confused. 
| Weakness ®x2 resistance i A retreat >) 
a ae ae ee sepia 8 TE ti Ee 4 
ors oN eee AL >ancient trees, chilly winds blow 
PO) nec cise rollin winter. 
£62025 Pokémon / Nintendo / Creatures / GAME FREAK"
659,Vulpix,"*) Stampede 10 
@ *) Combustion 20 
ae te as"
660,Ninetales,"UsTAGe], ° y i 
lee | Ninetales wl20@ 
*) Supernatural Shapeshifter 
Discard the top card of your deck, and if that card is a 
Supporter card, use the effect of that card as the effect of 
this attack. 
& * Combustion 60 
weakness © x 2 resistance retreat Ok 
Mus. satoma Some legends claim that each of its nine tails has 
Once) its own unique type of special mystical power."
661,Numel,"GBASIC, y 
ons Numel w80 YO 
HONS ° 
j X vated 4 
& Call for Family 
Search your deck for up to 2 Basic Pokémon and put them 
onto your Bench. Then, shuffle your deck. 
weakness © x 2 resistance retreat Ok OK 
| aE ak. ee 
| | (EE) 031/132 @ cold, the magma hardens and slowsit, 
b , ©2025 Pokémon / Nintendo / Creatures / GAME FREAK |"
662,Mega Camerupt ex,"STAGE/I, 
“Mega Comentitex Ar 340 & 
cn) | Evolves from Numel, qe Mega-Evolved formoh 
KR ae ower’ 
D- Nic y/ 
& Roasting Heat 80+ 
If your opponent's Active Pokémon is Burned, this attack 
does 160 more damage. 
® * * *& Volcanic Meteor 280 | 
Discard 2 Energy from this Pokémon. ¥ 
Weakness © x2 _ resistance aA retreat 2 KK 
O ic) 022,132 pa Cite lelinetaed obs aiaibenedbdeniy”"
663,Volcanion,"Volcanion wlZo@e 
Mw) Or*\ 
4 ZEN. Siw 
eg) si Lf 
[aa ee 
& Singe 
Your opponent's Active Pokémon is now Burned. 
1@@* Backfire 130 
’ Put 2 # Energy attached to this Pokémon into your hand. 
Wane © resistance A retreat KK 
Mus. GIDORA Itexpels its internal steam from the arms on its back. 
{1 ) (Cece) 025/132 @ Ithas enough power to blow away a mountain. 
{©2025 Pokémon Nintendo / Creatures / GAME FREAK"
664,Scorbunny,"BASICyd @& a 
/ 3 oe diy 
OS ey 
NO..0813. Rabbit Pokémon .HT:.1""..WI:.9.9 Ibs. fi 
x) Wild Kick 30 
Flip a coin. If tails, this attack does nothing. 
(ca ue 
| {62025 Pokémon / Nintendo / Creatures / GAME FREAK"
665,Raboot,"a Raboot 71008 
7 ™ f Ores 
“2 ee ke ‘eae SS 
0.0814. Rabbit okémon.HT.2. Wf 19.8 bs y 
i>) Jumping Kick 
This attack does 40 damage to | of your opponent’s 
\ Pokémon. (Don’t apply Weakness and Resistance for Benched 
Pokémon.) 
aud resistance ca retreat OK , 
3 Thanks toits softand fluffy fur, Raboot 
give: Nenay sale can easily heat up its fire energy and 
(')(E) 037/132 @ produce flames with more power. 
“©2025 Pokémon Nintendo / Creatures / GAME FREAK"
666,Cinderace,"“Cinderace > 160 &@ 
{ \\ jae d Faia 
If this Pokémon is in your hand when you are setting up 
to play, you may put it face down in the Active Spot. 
* Turbo Flare 50 
Search your deck for up to 3 Basic Energy cards and attach 
them to your Benched Pokémon in any way you like. Then, 
shuffle your deck. 
Wane © resistance LA retreat 
Mus. REND Although Cinderace loses its cool easily, it 
O)iica 028/132 * will battle flawlessly fora Trainer ittrusts. 
{©2025 Pokémon Nintendo / Creatures GAME FREAK."
667,Corphish,"BASIC, Bis Tae > 
Corphish ~ ~80@ 
*) Vise Grip 10 
OH Take Down 30 
| This Pokémon also does 10 damage to itself. 
weakness 4 x2. resistance ag retreat KK 
ills. Sanosuke Sakuma Itcame from overseas. Itis avery hardy creature that 
Cus ‘will quickly proliferate, even in polluted streams, 
if ©2025 Pokémon / Nintendo / Creatures / GAME FREAK"
668,Gimmighoul,"BASIC, “ . . Ree y wa (A 
y= Gimmighoul ~ wl0® 
Pi ' fed 
NO..0999. Coin Chest Pokemon. HT:.1"".WT-.1.1 lbs. ra 
| weakness @x2 resistance (3) - 30, ae retreat > Kk | 
| A This Pokémon was born inside a treasure chest 
| Mes, Tokeshi Nokemora abOut1,500 years ago. It sucks the life-force out 
q 0 067/132 @ of scoundrels who try to steal the treasure. 
©2025 Pokémon / Nintendo/ Creatures / GAME FREAK -"
669,Sandshrew,"1 aah Sandshrew - 08 
ME — aes 
BS 2 See 
as Yee es 
ies Ne Ee, 
* Dig Claws 10 
(Bx Mud-Slap 20 
| weakness @ x2 resistance a retreat ok | 
Mlus. Shinji Kanda 2 “haigs ae in danger, — 
Le i) ftanae ek Be m3 EO taeiseistandatecie"
670,Sandslash,"STAGE], Wry 
( \ Evolves fromSandshrew = NOW 44 
peeps eT 
ae On a eee"
671,Onix,"BASIC, % 
y GR SEF EE 
** Bind 
@ J ia OKO"
672,Tyrogue,"BASIGyé— PRN ee ae: ia 
| PE yt 
A) gee 
7 ee see es 
a 5 rte 
Tio Le 
NO..0236. Scuffle Pokemon. HI. 2'4"" WT. 46.3 Ibs. 
1 Pow-Pow Punching 10+ 
i Flip a coin until you get tails. This attack does 30 more 
|) damage for each heads. 
weakness © x2 resistance Mee, Re ad 
Fe ois aoe y Re : eC ee fe ae ES Bee 
[GER oriisz0 Soe Semen 
DI 6235 rottnon nirnendo/Crenrs/ GAME EAC we"
673,Makuhita,"ie Makuhita — ,8O0@ 
me ee ‘-~ oO a OL 
@ Corkscrew Punch 10 
ae Confront 30 
Co a a 
(CE oreyraz@ —_ssuyPokémontatcan withstand anyatack"
674,Hariyama,"STAGE J, my Bae = ees ’ Th 
“Hariyama wv 150 @ 
ees 5° saa) 
is ~ Af 
NOu0293. Amn ,Thnust Pokémon skifs7:2.20)04.559,5 ibs 4 
Once during your turn, when you play this Pokémon from 
your hand to evolve | of your Pokémon, you may use this 
|) Ability. Switch in | of your opponent’s Benched Pokémon 
to the Active Spot. 
3) Wild Press 210 
This Pokémon also does 70 damage to itself. | 
weakness © x2 _ resistance eG retreat OK KOK 
Mlus. GOSSAN. It loves challenging others to tests of strength. 
OD ica 073/132 & Ithas the power to stop a train witha slap. 
(©2025 Pokémon / Nintendo / Creatures / GAME FREAK"
675,Lunatone,"GBASIGC 
BASIC ut) 
) Lunatone w 110 Ge 
aaa . = a a 
NO..0337_ Meteorite Pokemon. HI; 3'3"" WT. 370.4 Ibs. a 
{ Ability ) 
Once during your turn, if you have Solrock in play, you may 
discard a Basic ## Energy card from your hand in order to 
use this Ability. Draw 3 cards. You can’t use more than 
| Lunar Cycle Ability each turn. 
eae Power Gem 50 
| weakness @ x2 resistance 5 a retreat > 
lus. Whisker Itwas discovered at the site of ameteor strike 
fi) ING) 40 years ago, Its stare can lull its foes to sleep. 
, ©2025 Pokémon / Nintendo / Creatures / GAME FREAK"
676,Solrock,", eee Ste 
yBASIC, Rens rat Wate aye | 
ae Solro oe _ 110 
lea ia E 
iy * es as 
“Sees, ents ; 7 
ie Boe 
“Y eee gees 
NO. 0338. Meteorite Pokemon. HT; 3'11.""_WT: 339.5 Ibs. 
a) Cosmic Beam 70 
| If you don’t have Lunatone on your Bench, this attack does 
nothing. This attack’s damage isn’t affected by Weakness 
or Resistance. 
waines @XQ | vaktand eRe 
: {62025 Pokémon / Nintendo / Creatures / GAME FREAK |"
677,Riolu,"BASIC . Re ee 
NO..0447_Emanation Pokemon. HI..2'4” WT. 44.5 Ibs. 
@ Accelerating Stab 30 
| During your next turn, this Pokémon can’t use Accelerating Stab. 
lus. bel __ Theycommunicate with oneanother using their 
162025 Pokemon Nintendo /Cretures/ GAME FREAK a"
678,Mega Lucario ex,"[' ) piplues ose Rial fi ; orm of] 
\ y, ay f ao A. ae 
Ge oA x 
om A, ae 4 Fs 
ae fillus¥sbaniGraphics ib See — 
7 TEU pr igggz2s Pokemon nintendo Creaues/GAMEFREAK NN. NT"
679,Croagunk,"BASIC, a ees r Th 
Croagunk eA) 
Za gr 
es ys le 
ie na are 
|*A SN Ss 
sas aa y 
e Smack 20 
weakness © x2 _ resistance ae retreat > 
Illus. matazo Inflating its poison sacs, it fills the area with an odd 
(1) (EE o7e/132 @ — Soundandhits flinching opponents with a poison jab. 
{©2025 Pokémon / Nintendo / Creatures / GAME FREAK y"
680,Toxicroak,"STAGE], 
5 oy ae y 
NO..0454._ Toxic Mouth Pokémon. HI:.4'3"" WT: 97.9 Ibs. “ 
Oiwccw"
681,Marshadow,"BASIC, 1 
ee Marshadow w9O 
eI a V 
ec — y TS ide Te My 
X An WN Oe} ew ph 
1NO..0802.,Gloomdweller. Pokémon. HT.2'4""..Wit. 48.9. Ibs. A 
oe Shadowy Side Kick 60 
If your opponent’s Pokémon is Knocked Out by damage 
from this attack, during your opponent's next turn, prevent 
all damage from and effects of attacks done to this 
Pokémon. 
weakness ©) x 2 resistance ¢ od retreat ok 
thus. Tomomi Ozaki This Pokémon can conceal itself in any shadow, 
{1 (CER) 080/132 So itwent undiscovered for along time. 
162025 Pokémon / Nintendo / Creatures / GAME FREAK"
682,Stonjourner,"he, SS pa Ow 
Cy oe Mat & 
Ce) Stony Kick 20 
_ This attack also does 20 damage to | of your opponent's 
_ Benched Pokémon. (Don’t apply Weakness and Resistance 
| for Benched Pokémon.) 
€)@* Boundless Power 140 
During your next turn, this Pokémon can’t use attacks. 
Waines @XQ rebum genuea AK 
Leola “Theelemental composition oftherocksthat_ 
“Oncor ae Pokemon'shabiat. 
162025 Pokémon Nintendo / Creatures / GAME FREAK ""ae"
683,Nacli,"""Nadi ma) 
Ve ee Ge 
ee a Oe 
hee twas born ina layer of rock salt deep under the : 
(ET) 052/732 @ Se Ae ite nena dbs aL"
684,Naclstack,"Naclstack NO 
1: al se a 
A aad 
Bx Rock Hurl 50 
_ This attack’s damage isn’t affected by Resistance. 
weakness @ x2 _ resistance Sel retreat PEL) 
This Pokémon di its by i 
a Ge epee tae 
Daw 083/132 ois away the water in the prey’s body."
685,Garganacl,"STAGES, y ‘li 
Sd: DS LS 
Ky 7 a wa FZ 
ee se y ah 
“> ante eS 
@ J ia OK 
Once"
686,Crawdaunt,"STAGE], ~ ie} 
<. Crawdaunt £1300 
ws SS 
ee So 
Ok) Vise Grip 30 
OO’ Cutting Riposte 130 
If this Pokémon has any damage counters on it, this attack 
can be used for @. 
weakness @)x 2 | resistance 7” retreat OKDKDK) 
ie: Loving to battle, this Pokemon pinches 
ps ctiieed all Pokémon that enter its territory with 
0 085/132 its pincers and throws them out. 
162025 Pokémon / Nintendo Creatures GAME FREAK."
687,Mega Absol ex,"1 OS Terminal Period 
*- If your opponent's Active Pokémon has exactly 6 damage J 
| counters on it, that Pokémon is Knocked Out. < 
~ ®©©€ Claw of Darkness 200 | 
- Your opponent reveals their hand, and you discard a card 
“9 Gyou find there. “ae 
weakness () x2... | resistance retreat DK :"
688,Spiritomb,"BASIC, ‘ee On | 
Spiritomb 800 
hig O° > q 
od’ on 7 
a ce © eg + 
NO..0442_ Forbidden Pokemon. HI: 3'3"" Wi: 238.1 Ibs. 
If your Active @ Pokémon is damaged by an attack from 
your opponent's Pokémon (even if your Active @ Pokémon 
is Knocked Out), place | damage counter on the Attacking 
Pokémon. 
© Mountain Breaker 10 
Discard the top card of your opponent's deck. 
weakness @)x 2 | resistance A rere 3 
Ils. mingo tS constant mischief and misdeeds resulted in it being 
O M68 997/132 6 bound to an Odd Keystone by a mysterious spell. 
162025 Pokémon / Nintendo / Creatures / GAME FREAK"
689,Yveltal,"BASIC TH fe | 
—— Yveltal wll0® 
Vz P y 
= be xv if S \ 
ed » gal teats ZZ 
hi rl ~~ 
NO..0717. Destruction Pokemon. HI._19°_WT..447.5.ibs.. 
© Clutch 20 
During your opponent's next turn, the Defending Pokémon 
can’t retreat. 
©©«s Dark Feather 110 
weakness @9 x2 | resistance (3-30 _— retreat 
cee When its life comes toan end, itabsorbs 
SSR the life energy of every living thing and 
O Wise) 658/132 turns into acocoon once more 
162025 Pokémon / Nintendo / Creatures / GAME FREAK"
690,Nickit,"BASIC gi TT BY 
= RANA» 4 é i 
SS y Mee | 
ES —— i 7 oF? See 
© __ Darkness Fang 20 
ee é ae [a 
weakness @)x2 | resistance A rere 3 
ce Cunning and cautious, this Pokémon survives by 
Saab ceria ite stealing food from others. Iterasesits tracks with 
O M68) 059/132 @ swipes ofits tail as it makes off with its plunder. 
(02025 Pokémon / Nintendo / Creatures / GAME FREAK"
691,Thievul,"|, Evolves from Nickit __ a re 
bes —w 
Ok) Greedy Hunt 20 
You may draw cards until you have 6 cards in your hand. 
OL) Pitch-Black Fangs 60 
weakness @)x 2 | resistance A rere 3 
Illus. ryoma uratsuka With a lithe body and sharp claws, it goes around 
D WEGH 950/132 0 stealing food and eggs. Boltund isits natural enemy. 
162025 Pokémon / Nintendo / Creatures / GAME FREAK"
692,Shroodle,"Shroodle 60 © 
NO..0944. Toxic Mouse Pokemon HT: 8"" WT..1.5 lbs. 
OO Poison Jab 20 
Your opponent's Active Pokémon is now Poisoned. 
ag see £ 
ete 34 Pa 
weakness (5) x2 _ | resistance A rere 3 
i Though usually a mellow Pokémon, itwill sink 
a Sag its sharp, poison-soaked front teeth into any that 
D WG 057/132 @ anger it, causing paralysis in the object of its ire. 
162025 Pokémon / Nintendo / Creatures / GAME FREAK"
693,Grafaiai,"STAGE], ee va, 
A Grafaiai 7100 © 
‘oy Ve Me 
ZO wees ef) ) 
NO..0945 . Toxic Monkey. Pokémon. HT:.2:4""..WI:.60.Ibs. <4 
Ow Miraculous Paint 90 
ip a coin. eads, choose a Special Condition. Your 
Flip If heads, ch Special Condi x 
opponent's Active Pokémon is now affected by that Special 
Condition. 
weakness (5) x2 | resistance A” retreat 3 
Gey es The color of the poisonous saliva depends on what 
ada the Pokémon eats. Grafaiai covers its fingers in its 
O Wi68) 992/132 saliva and draws patterns on trees in forests. 
162025 Pokémon / Nintendo / Creatures / GAME FREAK"
694,Steelix,"Ustacely“q, — aw, i) 
ye Steclix a. 200 
i Ty y re 
cc hageor S ~ N | 
eae a Ris” a PRN 
aS ey Se iN aes 
NO..0208. iron Snake Pokemon. HT;.30'2"" WT. 881.8 Ibs. 
*) >) Welcoming Tail 40+ 
If you have exactly 6 Prize cards remaining, this attack does 
200 more damage. 
DD ® ® Skull Bash 140 
Gaus @x2 resistance @ -30, Fe werent KKKK 
lus. Anesaki Dynamic “tig thot hicuodyran ae sdasaresult ofiron 
() CED 093/132 % «atlurmlating inte Be walignngsol. 
62025 okémon Nintendo /Cretures/GAMEFREAK"
695,Mega Mawile ex,"BASIC eS pe CD 
Mega Mawilo@X, Ar270 2 1 
ae ee Oe 
RP Gobble Down 80x~ 
- This attack does 80 damage for eachPrize card you \ 
have taken. 
2 * Huge Bite 260 
4 If your opponent's Active Pokémon already has any damage 
\\ counters on it, this attack’s base damage is 30. 
J Yen x2 Fesistatice'® -30 ZoeZ retreat Kk i 
wie aky CG Works 
> (©2025 Pokemon Nintendo / Creatures / GAME FREAK"
696,Dialga,"> Wika hectes ph 25 
“22x Chrono Burst 80+ 
| You may shuffle all Energy attached to this Pokémon into 
+) your deck and have this attack do 80 more damage. 
Mice @ x2 | resistance @ -30, sat retreat >) K a 
ils. Toeziro -tatnepowerte nttoltime. It appearsin 
(GER 095/132 % oom of reala aie esr ancient deity j 
| > €2025 Pokémon Wintendo Creatures GAMEFREAK"
697,Tinkatink,"- 1NO..0957..Metalsmth, Pokémon stis:4-. Wis 19.6 1b 
a) Beat 20 
weakness @ x2 | resistance @ -30, a retreat >) or 
bi ~ 7 SAtswings itshandmade hammer around — 
pa tou rib | toprotectitself, butthe hammer is often 
(GBB os6/132@ © stolen byPokémon that eat metal. 
€2025 Pokemon Nintendo / Creatures GAME FREAK"
698,Tinkatuff,"STAGE], fs = ae “One > 
@TE®D Haphazard Hammer 
|) Once during your turn, when you play this Pokémon from 
| your hand to evolve | of your Pokémon, you may use this 
| Ability. Flip a coin. If heads, discard an Energy from your 
| opponent’s Active Pokémon. 
1@® Light Punch 30 
‘Weakness @ x2 | resistance GQ pee retreat 4) 2k g 
~ ‘ThisPokémonwillattack groups of Pawniard 
Par RECHRO 170) : Seton ath steal from them in 
0) 097/132@ ele eo reagent pisurdy amine 
162025 Pokémon Nintendo /Crestures/ GAME FREAK —"
699,Tinkaton,"istace2, ° acon ( ] 
(he wee of % 
P - ne mA Hammer, Pokémon. HT:.2'4"" .Wii::248,7. Ibs. = 
@ Windup Swing 240- 
|| This attack does 60 less damage for each Energy attached 
|| to your opponent's Active Pokémon. 
Pcie @x2 | resistance B=30 at retreat OK OK a 
p - | FhisintelligentPokémonhas avery daring 
ie a toriyetu © -Aisposition. it knocks rocks into the sky with 
| (1) 098/132 | itshammer, aiming for flying Corviknight. 
| {©2025 Pokémon / Nintendo /Creatures/ GAME FREAK 7"
700,Gholdengo,"STAGE Ty“ A 130 @ 
ly, . Gholdengo 2 7 1306 
WAN AA SA A 
YS SRS 
NO..1000...Coin Entity, Pokémon .HT:.3:1...\W,66.1Ibs., 
1 *® All-You-Can-Grab 
| Flip a coin until you get tails. Search your deck for a number 
| of cards up to the number of heads and put them into your 
| hand. Then, shuffle your deck. 
(-@*# Speed Attack 100 
weakness @ x 2 resistance @-30 _ aM retreat >) K er 
Bee atid Itsbody seems to be made up of 1,000 coins. 
ela a ~ This Pokémon gets along well with others and 
() GE 099/132 ee isquick eee ends with anybody. 
| £62025 Pokémon / Nintendo /Creatures/GAMEFREAK"
701,Spearow,"BASIC a 
Spearow 60 Ob) 
A: i—“O By A] 
| TSS, la HP | 
Ji Gms Sse a | 
ates EDN) |; SO gl! = 
10.0021 ‘Tiny,Bird, Pokémon. HTi:1.WT:-4.4 bs. 4 
6 Pluck 10 
_ Before doing damage, discard all Pokémon Tools from your 
_ opponent’s Active Pokémon. 
weakness) x2 | resistance @ -30 ~, retreat 2K) 
Ils. Seav Due toits short wings, it can’t fly long distances. It 
DY MEG «i 102/132 @ wanders about restlessly and pecks at bug Pokémon. 
TEGHESFokdmen/Ninendo/retures/ GAME FREAE"
702,Fearow,"STAGE], y 4 
Gs Fearow wl00® 
a \ AB pS 
Bcc, ae ri 
miss CAL 3. i: ny crrerryy 4) 
| CES Reae SS sd Bai S I Perr 
PWC WPOOATY Fa J 
® Repeating Drill 30x 
_ Flip 5 coins. This attack does 30 damage for each heads. 
weakness XQ | resistance @)—30 retreat 
Mlus. Saboteri Carrying food through Fearow’s territory is dangerous. 
() (B33 103/132 © Itwill snatch the food away from you ina flash! 
a ©2025 Pokémon / Nintendo / Creatures / GAME FREAK J"
703,Miltank,"nex PRR — cy 
; Miltank 120%] 
pete / Sa 
g ey o) 4 Bs 
*®) Bellyful of Milk 
Flip 2 coins. If both of them are heads, heal all damage from 
| of your Pokémon. 
#2) Tackle 60 
| weakness @® x2 | resistance ot retreat 2K) OK) 7 
This Poké eds to be milked day, 
[ites Kouki Saitou » reise twill fall: The lavorof Mitenk i 
| () GBB 106/132 @ milk changes with theseasons."
704,Yungoos,"GBASIC Y ( ok) | 
ungoos w70 | 
Ze yy a 
oesNO..0734.-Loitering PokéMON sHTs1/4 \T::13.2:1DS. // 
*) Collect 
|| Draw a card. 
weakness @@) x2 | resistance ae retreat * 
Mus. Mékayw Its stomach fills most ofits torso. Itwanders the 
same path every day, searching for fresh food. | 
{2025 Pokémon / Nintendo Creatures GAME FREAK"
705,Gumshoos,"STAGE pt gn ge y g 
<="" Gumshoos _w 100% 
ame SO 4 CG A Fy 
eel tl <6 Dy DB /} 
| ‘Gigs ash S| 
\P Se. MDL = ha 
Oo, Be wNS V7 
ane ey 
gf; ae r 
a Nee ee ee Bee Ae ae 
‘ NO..0735. Stakeout Pokémon. Hii.2°4"".WT.31.3.bs. ¢ 
|| Once during your turn, you may use this Ability. Switch a 
card from your hand with the top card of your deck. 
RK Bite 50 
weakness @) x2 | resistance oe retreat 2K) 
Ils. Shigenori Negishi Once itfinds signs of prey, itwill patiently stake out 
DY MEG «i 110/132 @ the location, waiting until the sun goes down. 
12025 Pokemon Nintendo / Creatures / GAME FREAK"
706,Tangela,"BASIGy/= J 
Tangela w80@ 
Pr BEZt))) NS ey 
Ce SEZ : 
NO..0114, ine PokémonsiiT,3'32.WIsZ7.2.Ibs A 
@ Poison Powder 
Your opponent's Active Pokémon is now Poisoned. 
weakness @ x 2 resistance z ic retreat > 
; Hidden beneath a tangle of vines that grows 
niece nonstop even if the vines are torn off, this 
(1) 006/132 @ Pokémon’s true appearance remains a mystery. 
(©2025 Pokémon Nintendo / Creatures / GAME FREAK"
707,Tangrowth,"STAGE], Mies: i 
5=""Tangrowth = 150@ 
i et 4 ra 
1a» Absorb 30 
Heal 30 damage from this Pokémon. 
@@ * * Pumped-Up Whip 120+ 
If this Pokémon has at least 2 extra Energy attached (in 
addition to this attack’s cost), this attack does 140 more 
damage. 
weakness @x2 resistance Fs retreat >) > 2k) >k) j | 
Rati ne growl is accelerated for Tangrowth livingin 
Marc. _ warm climates. Ifthe long, Tangrowth — 
Pict nee naa ers 
i {©2025 Pokemon / Nintendo / Creatures / GAME FREAK"
708,Chikorita,"BASIC, ° ° aa J 
Chikorita ~ wI0@ 
we"" Fm a) 
B NW i W10) \p Se 
- og YP % AND 
sf Tiny 
ne) Razor Leaf 20 
weakness @ x 2 resistance z A retreat Kk 
Illus. kamonabe Pitioieobeinthe sunlight. Ituses the 
(DEE oce/132@ ———_——_=‘eafonitsheadtoseekoutwarm places, 
162025 Pokémon Nintendo restues GAME FREAK"
709,Bayleef,"eSTAGE | yd i 
Pa Bayleef wll0@ 
\ Evolves fromChikorita a Y 
Oy) A m? 
Nas VS \g > 
oe Ee 4 
@x Push Down 50 
Switch out your opponent’s Active Pokémon to the Bench. 
(Your opponent chooses the new Active Pokémon.) 
| weakness @® x 2 resistance a retreat >) >K 
Nesiee nistrono The spicy scent that wafts from around Bayleef’s neck 
Otten somehow makes those who smell itwant to fight. 
{©2025 Pokémon / Nintendo / Creatures /GAME FREAK"
710,Meganium,"Usrace> . y } 
== Meganium _4w160@ 
| ay — Vi =e [ree i) Be 
(Sy Pe RMA fe 
Io gk ie ol ey i] 
Nhe ME 
—— NO..0154.. Herb, Pokémon HT:.5:1.1.7WT:221.6,1DS:sssssnmnegaget 
GED Wild Growth 
| Each Basic @ Energy attached to all of your Pokémon provides 
| @@ Energy. The effect of Wild Growth doesn’t stack. 
weakness @ x 2 resistance a retreat 0K) ok 
a Anyone who stands beside it becomes 
give: Yerbuti Heopeaet refreshed, justas ifthey were soakingin 
| (JE 010/132 * the soothing atmosphere ofa forest. 
| ©2025 Pokémon / Nintendo / Creatures / GAME FREAK |"
711,Shuckle,"BASIC - aN 
Ws ged Ae 
KOI: Ee GAT] 
vps OU 
Pe oN Sen SF 
ee AA. P @* A sSShaces 
Pires. eG. iN ce 
| rsertessersen ROY CT 
@ITED Fermented Juice 
|) Once during your turn, if this Pokémon has any @ Energy 
attached, you may use this Ability. Heal 30 damage from 
| of your Pokémon. 
a* Rollout 30 
weakness @) x2 resistance 7 retreat >) ’ 
Illus. Shinye Komatsu The berries stored in its vaselike shell 
Dims eventually becomea thick, pulpy juice. 
ui ©2025 Pokémon / Nintendo / Creatures / GAME FREAK J"
712,Nincada,"BASIC Na i 
Li Lb 
EE Ee EE gE ""ger 
(©2025 Pokemon Nintendo / Creatures / GAME FREAK"
713,Ninjask,"STAGE], On & 
bo4 Oh 
x y VS / 
GAT ie S$ 
OD) ec 
{2025 Pokemon / Nintendo Creatures GAME FREAK."
714,Dhelmise,"UY Gena 7 
» oN Ca Hy 
OO a OY 
A oe oe 
Geno 
@ I e A Ed 
Dinca"
715,Litleo,"Litleo wI0@ 
| Léa. Stews 
as ye 
Y * Flare 30 
weakness © XQ resistance cA retreat KK 
; When Litleo are young, female Pyroar will teach 
pees. Kurata 22 them how to hunt. Once the Litleo mature, they 
(!)() 023/132 @ will leave the pride and set out on their own. 
{62025 Pokemon Nintendo retures/ GAME FREAK"
716,Pyroar,"STAGE tee y 
Ee Y WEN y; 
mae a Ge 
TARA FETT TERT REET) y 
As long as this Pokémon is in the Active Spot, attacks used 
by your opponent’s Active Pokémon do 30 less damage 
(before applying Weakness and Resistance). 
@®** Searing Flame 70 
Your opponent's Active Pokémon is now Burned. 
weakness @ x2 resistance oA retreat kK OK 
The mane of amale Pyroar heats up to over 
ee OTS 3,600 degrees Fahrenheit during battle. Merely 
) 024/132 @ approaching itwill cause severe burns. 
{©2025 Pokémon Nintendo / Creatures / GAME FREAK"
717,Sizzlipede,"Sizzlipede wo0® 
Vi = ""FZ 
MT) a J 
ences y 
@®@®* Combustion 50 
Wane resistance A retreat KK 
oe eee Boy i heated ae Son"
718,Centiskorch,"‘Centiskorch =» 140 
we Q a 
See bo ian ; 
>) ok) Coiling Crush 50 
Flip 2 coins. For each heads, discard an Energy from your 
opponent's Active Pokémon. 
Panna 2 resistance et retreat OK KOK 
mas While its burning body is already dangerous 
{62025 Pokémon Nintendo /Ceatures/ GAME FREAK"
719,Chi-Yu,"N illo , 
| oem ie ro 
aoe 3 “ AS 
nn: Re! ee 2 
einicbenianmeovenates 
|@ Scorching Earth 40 
If your opponent has a Stadium in play, discard it. If you do, 
|) your opponent can’t play any Stadium cards from their hand 
during their next turn. 
aud resistance ZF retreat OK , 
; It controls flames burning at over 5,400 degrees 
gis: Com Fahrenheit. It casually swims through the sea 
(GEE) 031/132 © oflavait creates by melting rock and sand. 
""©2025 Pokémon / Nintendo / Creatures / GAME FREAK"
720,Mantine,"GeAsicy/pe ° eee? sa a) 
Mantine — .d LIO@® 
ba fl 
° j) é (ihe 
“ He S Cm 
RY 0 Ay VY (Navy 
ay = Ne ae 
WAR RS SS aa om oe 
Se SS wl 2) 
> Call for Family 
| Search your deck for up to 2 Basic Pokémon and put them 
| onto your Bench. Then, shuffle your deck. 
(@O* Waterfall 50 
weakness 4 x2 _ resistance va retreat 
Mus. Shimaris Yukichi Asit majestically swims, itdoesn’t care ifRemoraid 
Dinca attach to it to scavenge for its leftovers. 
: © ©2025 Pokemon Nintendo returs/ GAME FREAK """
721,Kyogre,"BASIC,“ E 
VRS, a ew) 
NO..0382_Sea Basin Pokemon. HI-.14'9""_WT:.776 Ibs. a 
rs Riptide 20x 
This attack does 20 damage for each Basic @ Energy card 
in your discard pile. Then, shuffle those cards into your deck. 
@©@©* — Swirling Waves 130 
Discard 2 Energy from this Pokémon. 
Sa ann 
weakness 4 xD resistance é ae retreat kK OK Ok 
Illus. Nisota Niso itis said to have widened the seas by causing 
Dus downpours. Ithad been asleep in a marine trench. 
162025 Pokémon / Nintendo / Creatures / GAME FREAK"
722,Snover,"BASIC, i a A aa 4 
Snover 9 @ 
Cy Beat 10 
‘ Icy Snow 30 
lines @xQ resistance Sal retreat OK KOK re"
723,Mega Abomasnow ex,"“< Meg Abomeston@N «An 350 
vb | Evolves from Snover. The d formoFl 
66 Hammer-lanchem,. Ox 
Discard the top 6 cards of your deck, and this attack does 
100 damage for each Basic @ Energy card that you 
discarded in this way. \ 
©66 Frost Barrier 200 
During your opponent's next turn, this Pokémon takes 
30 less damage from attacks (after applying Weakness and 
Resistance). a 4 
Weakness x2 resistance Fetreat > DK OK >k } 
q ite Shan Crophicdy eB 
(1) CEBNED “i"
724,Clauncher,"eBASIC, ‘y ri ee 
| Clauncher A 310) © | 
ENS = “<P PIAL fas | 
Teste ae Adie 
bey SAG SS NA ee 
DJaga XV Reais 
__= i as be eR 
| oe Wave Splash 50 
j RUPE ISE | resistance a retreat > Ok 
| illus. Tomokazu Komiya ‘This Pokémon launches water by detonating gas 
| ™ ©2025 Pokemon / Nintendo / Creatures / GAME FREAK ’"
725,Clawitzer,"STAGE], PX . “ 
rs Clawitzer 130 © 
Be SE ASRS PAS SARA 
= yi S ee RA . 
NO..0693. Howitzer Pokémon. HT:.4'3""_W1:.77.8 lbs. ye 
@XIE®D Fall Back to Reload 
Once during your turn, when this Pokémon moves from 
the Active Spot to your Bench, you may use this Ability. 
Attach up to 2 Basic @ Energy cards from your hand to 
| this Pokémon. 
'@@@ AquaLauncher 210 
j | Discard all Energy from this Pokémon. 
weakness 4 x2 _ resistance a retreat >K) K 
E . Glawitzer can move through the waterata 
los. Anes eae ‘Speed of60 knots by using gas inside its body 
(ES) 0387732 to expel water from the back of its claw. 
{62025 Pokémon / Nintendo / Creatures / GAME FREAK"
726,Sobble,"Sobble 06 
Ca oo \ 
sae Si 
(6 Surprise Attack 30 
Flip a coin. If tails, this attack does nothing. 
EPO | resistance >, retreat 
ais Tas dee Be ath shootial ie 
{©2025 Pokemon Nintendo / Creatures / GAME FREAK"
727,Drizzile,"UsTace], a . 1 cae > 
“a Pod ry 
Nel SS a 
SS Ge ak = —— 
NO. 0817. Water Lizard Pokémon. HT:2'4"" WT: 25.4 Ibs. 
© Double Stab 30x 
Flip 2 coins. This attack does 30 damage for each heads. 
weakness 4 x2 _ resistance va retreat > 
Mus. Sovichirou Gunjima ttextends its long, slimy tongue at blinding 
iD ucw speeds and finishes offits prey with great skill."
728,Inteleon,"STAGED A yj - 
eee Inteleon 4w 150@ 
yo ~ FA, MW E- 
hes / i m>P Ss 
Gil eA x= iy, 
NO...0818. Secret Agent, Pokémon..HT;.6'3.""..WT:.99.6 lbs. A 
© Bring Down 
Choose a Pokémon in play (yours or your opponent's) that 
has the least HP remaining, except for this Pokémon, and 
| itis Knocked Out. 
© Water Shot 110 
| Discard an Energy from this Pokémon. 
weakness 4 xD resistance Z a retreat OK 
: Ituses special lenses in its eyes to sense things 
ps ho about its opponents —like their body heat— 
sal then attacks once it identifies a weak spot. 
(©2025 Pokémon / Nintendo Creatures / GAME FREAK"
729,Snom,"GBASIC 4 > 
Snom ~ w90@ 
a ie et) aS \ 
Pee er 
© Hide 
Flip a coin. If heads, during your opponent’s next turn, 
) prevent all damage from and effects of attacks done to this 
Pokémon. 
weakness Y x2 resistance a retreat 
4 Iteats snow that has accumulated on the ground, 
piles coon Itprefers soft, freshly fallen snow, so itwilleat 
; {')((E59) 943/732 © itswayupamountain, aiming forthe peak. 
| : __€2025 Pokémon / Nintendo / Creatures / GAME FREAK |"
730,Frosmoth,"STAGE I pae ey 
<= Frosmoth rwlldG 
:. aol E 
fae < \ Py 
a NO..0873..Frost. Moth Pokémon. Hii.4'3:..Wi.92.6.1bs. v 
CS Chilling Wings 
This attack does 20 damage to each of your opponent's 
+) Pokémon. (Don’t apply Weakness and Resistance for Benched 
Pokémon.) Your opponent's Active Pokémon is now Asleep. 
weakness Y x2 —_resistance a tetreat OK OK | 
os Frosmoth senses aircurrentswithits 
sles. ikl ie antennae. Itsends its scales driftingon 
(1) (15) 0437132 @ frigid air, making them fall like snow. 
{©2025 Pokémon Nintendo / Creatures GAME FREAK. x"
731,Eiscue,"GBASIC,/ ps a 
Eiscue -wllO@ 
|) Freezing Headbutt 20 
Flip a coin. If heads, your opponent's Active Pokémon is 
| now Paralyzed. 
weakness x2 __ resistance va retreat > 
: ‘Onhot days, these Pokémon press their 
pis Ais oa ice cube heads together and pass th 
(JES) oaas1s2 © A SE 
i : ©2025 Pokémon / Nintendo / Creatures / GAME FREAK"
732,Magnemite,"BASIC, e ag i] 
Magnemite wI04 
Oy lll 
* NO..008 1 Magnet Pokemon. HI:.1.WT:.13.2 Ibs. 
weakness @) x2 | resistance a retreat 2{) | 
The electromagnetic waves emitted by 
poe. Kroc the unitsat the sides of its head expel 
(1) 045/132 @ antigravity, which allows it to float. _ 
oi ©2025 Pokémon / Nintendo / Creatures / GAME FREAK Zz"
733,Magneton,"I E y) lz 
a Magneton 4 VAD 
WF 9 Scie 
me: «oe e8 if - 
— aes Soy fi VE | 
me eel ie 
eg = Sr Us eS 
4 Thunder Shock 30 
Flip a coin. If heads, your opponent’s Active Pokémon is 
| now Paralyzed. 
weakness @) x2 | resistance A retreat OK j 
Mlus. Saboteri Three Magnemite are linked by a strong magnetic 
(1) (EE3 046/132 @ force. Earaches will occur if you get too close."
734,Magnezone,"(STAGES, y } 
“= Magnezone 41604) 
ad Z yy ma as ‘ 203 
D Upper Spark 50+ 
If this Pokémon evolved from Magneton during this turn, 
| this attack does 120 more damage. 
44) Flashing Bolt 160 
During your next turn, this Pokémon can’t use Flashing Bolt. 
weakness @%) x2 resistance <A retreat KOK 
= Asitzooms through the sky, this Pokémon seems 
pis. nagimnlto tobe receiving signals of unknown origin while 
g) 047/132 @ transmitting signals of unknown purpose. 
_ ©2025 Pokémon / Nintendo / Creatures / GAME FREAK _ |"
735,Raikou,"Raikou w 1204 
ae Ps | 
As cd | 
NO..0243. Thunder Pokémon HT: 6'3"" WT: 392.4 Ibs. yy 
DA Electro Fall 30+ 
If you have at least 4 4 Energy in play, this attack does 
90 more damage. 
weakness @) x2 resistance eG retreat * 
Ilys. Takumi Wade This rough Pokémon stores energy inside its body, 
(Ce 048/132 then sweeps across the land, shooting off electricity. 
{62025 Pokémon / Nintendo Creatures / GAME FREAK"
736,Electrike,"BASIC o1, os ""y 
Electrike _ w70% 
tam ~ | se 
y Thunder Jolt 30 
| This Pokémon also does 10 damage to itself. 
weakness @%) x2 resistance A retreat * 1 
Illus. Naoki Saito Itstores electricity in its fur. It gives off sparks from. 
(1) CEE3 049/132 © all overits body in seasons when theairisdry. 
""©2025 Pokémon / Nintendo / Creatures / GAME FREAK"
737,Mega Manectric ex,"STAGE] z 
(A “| Evolves from Electrike ” Y, ae 
ay 4 Flash Ray W2 
During your opponent's next turn, prevent all damage done 
""| to this Pokémon by attacks from Basic Pokémon. ‘ 
© 444 Riotous Blasting 200+ © 
Ss You may discard all Energy from this Pokémon and have = 
S > aS damage. ‘ 
Illus. 56anGrapbies "" Se ee ‘ ) 
be) CE) 050/732 nN anneal il 
— SETI 205 rotemon/Nntendo/ teeta /caMerscs< a"
738,Pachirisu,"BASIC aa 
Pachirisu w70% 
pean AC AA ee 
WOT « 6. «Sf fA 
He oh mi” re neg, - | Teme 
| Farce er Faeroe J 
D Electrified Incisors 10 
| During your opponent's next turn, whenever they attach 
__an Energy card from their hand to the Defending Pokémon, 
_ place 8 damage counters on that Pokémon. 
weakness @) x2 | resistance . retreat >) | 
Ilus. tono Is one of the kinds of Pokémon with electric 
(Ce 051/132 @ cheek pouches. It shoots charges from its tail. 
©2025 Pokémon Nintendo / Creatures / GAME FREAK"
739,Helioptile,"=22!5 Helioptile 704% 
- > dies x 
- ae row <i. Vie 
a ) yy ‘ As 
aoe Fina bi 
rs nes Pes < | i 
ort > “ge Par AS bee) 
Ss EE OW VS | 
0.0694. Generator Pokemon Hii. Wi13.2 bs y 
# Double Scratch 10x 
Flip 2 coins. This attack does 10 damage for each heads. 
weakness @) x2 | resistance i retreat) 
2 The sun powers this Pokémon’s electricity 
Mus. Yuka Morii a :. 
generation. Interruption of that process 
() (BB 052/132 @ stresses Helioptile to the point of weakness. 
2025 Pokémon / Nintendo / Creatures / GAME FREAK —"
740,Heliolisk,"le ‘Heliolisk wl20 4 
eee Oe 
*) Dazzle Blast 20 
Your opponent's Active Pokémon is now Confused. 
weakness @%) x2 resistance <A retreat) 
Mls. Nake k One Heliolisk basking in the sun with its 
a frill outspreadisall itwould take to produce 
() 053/132 @ enough electricity to power acity. 
_ ©2025 Pokémon / Nintendo / Creatures / GAME FREAK _ |"
741,Abra,"BASIC, r 
ia Vicaa YUN j iy 
© Teleportation Attack 10 
Switch this Pokémon with | of your Benched Pokémon. 
weakness @) x 2 resistance (#4) -3Q ZF retreat OK 
Mus. Orca Abracan teleport ints sleep. Apparently the more 
f Dice 054/132 © deeply Abra sleeps, the farther its teleportations go: » 
(©2025 Pokémon / Nintendo / Creatures / GAME FREAK ae"
742,Kadabra,"STAGE Itt Bera sais y Pap 
| G&D Psychic Draw 
Once during your turn, when you play this Pokémon from 
your hand to evolve | of your Pokémon, you may use this 
Ability. Draw 2 cards. 
© Super Psy Bolt 30 
—~ ©2025 Pokémon / Nintendo / Creatures / GAME FREAK"
743,Alakazam,"STAGE A ee 7 - i 
e Alakazam ~wl40© 
Once during your turn, when you play this Pokémon from 
your hand to evolve | of your Pokémon, you may use this 
| Ability. Draw 3 cards. 
® Powerful Hand 
| Place 2 damage counters on your opponent's Active 
Pokémon for each card in your hand. 
weakness @) x 2 resistance (2-30 Fy retreat > i ] 
| eee Alakazamiwields potent psychic powerss_ 
z Its said that this Pokémon used these 
(GES) 056/132 powers to create the spoons fr | 
162025 Pokémon / Nintendo / Creatures / GAME FREAK i?"
744,Jynx,"BASIC, y 
yp Jynx wlld© 
bile \ LUD, 
POT ANSE “2 
mR NO..0124. Human Shape Pokemon. HT; 4'7.""_WT: 89.5 Ibs. a 
ROX) Psychic 30+ 
This attack does 30 more damage for each Energy attached 
to your opponent's Active Pokémon. 
weakness @) x 2 resistance (a) -3Q FZ, retreat OK 
lus. Minahamu Its strange cries sound like human language. There are 
(a3) 057/132 @ some musicians who compose songs for Jynx to sing. 
£62025 Pokémon / Nintendo / Creatures / GAME FREAK"
745,Ralts,"BASIC, ats ~~ 
% UT) vy y vy 
cg O32 NG 
! S aay i 
| > IR AY oa 
A NO..0280., Feeling Pokémon. HI:.1:4"".WI:.14.6 lbs. tl 
x Collect 
Draw a card. 
/ © Headbutt 10 
weakness @) x 2 resistance (#4) -3Q 7 retreat OK j 
— The horns on its head provide a strong power _ 
| D/iica 058/132 © iat enables it tosense people's eruauiaaaam"
746,Kirlia,"USTAGE I, Se Bat ses ZS. la | 
Z y wy 
ba ye be cf a \ 
| | Ve “Date fs q 
| A NO..028 i..Emotion Pokémon. HT: 2:7.. MMT. 445 IDSs al 
© Call Sign 
Search your deck for up to 3 Pokémon, reveal them, and 
|) put them into your hand. Then, shuffle your deck. 
1® Psyshot 30 
Wana @x2 ""resistance ) -30 a retreat 
Mus. satoma Ithas a psychic power that enables it to distort 
(') (a) 059/132 @ the space around it and see into the future. 
(©2025 Pokémon / Nintendo / Creatures / GAME FREAK — 7"
747,Mega Gardevoir ex,"ae Magn Cardsair@Xx . Ar360 © 
Evolves from Kirlia <5 
{ PMGardevoir) 
he, oa ey 
© Overflowing Wishes 
For each of your Benched Pokémon, search your deck for 
a Basic © Energy card and attach it to that Pokémon. Then, fr. 
shuffle your deck. ‘ 
© Mega Symphonia 50x) 
This attack does 50 damage for each © Energy attached » 
to all of your Pokémon. 
Weakness @ x2 resistance @) —30 vag retreat KK 
Wlsstakuyeo ’ og rar tne oe) ncaa 
CEES) 0607732) x) saanle A 
025 Pokémon / Nintendo / Creatures ‘GAME FREAK ."
748,Shedinja,"STAGE] ee = 
ye “Shedinja 7 »w00 © 
ua olves from Nincada 
| awaue 
|e NO..0292..Shed.Pokémon..HI:,2'7.""..Wii.2.6 Ibs. yi 
| ia aa Sle 
UID do 
If this Pokémon is Knocked Out by damage from an attack 
from your opponent’s Pokémon @X, your opponent can’t 
take any Prize cards for it. 
© Damage Beat 20x 
/ This attack does 20 damage for each damage counter on 
| your opponent’s Active Pokémon. 
Owen | 
lus. IKEDA Saki A strange Pokémon— it flies without moving its wings, 
(Cet) Gey 733 6 has a hollow shell fora body, and does not breathe. 
©2025 Pokémon / Nintendo / Creatures / GAME FREAK ="
749,Spoink,"2 Spoink ~ »I0® 
Pb — i A 
(ow ( y o a e 
a | me la) 
Si E 4 ie » 
BON ice u \ 
BS 0 ee 
NO..0325. Bounce Pokemon. HI.2'4” WT: 67.5 lbs. a 
'® Triple Spin 10x 
| Flip 3 coins. This attack does 10 damage for each heads. 
weakness @) x 2 resistance (3) - 30, gt retreat > 
| hus. toi8 Spoink will die if it stops bouncing, The pearl 
(') (a3) 062/132 © onits head amplifies its psychic powers. 
£62025 Pokémon / Nintendo / Creatures / GAME FREAK"
750,Grumpig,"STAGE Id gm . IPE 
NO..0326..Manipulate Pokémon HT:.2:14."".WT.157.6.1bs. A 
| @OTED Energized Steps 
| Once during your turn, when you play this Pokémon from 
| your hand to evolve | of your Pokémon, you may use this 
| Ability. Look at the top 4 cards of your deck and attach 
| any number of Basic Energy cards you find there to your 
| Pokémon in any way you like. Shuffle the other cards back 
| into your deck. 
| © * * Psychic Sphere 60 
| weakness @) x 2 resistance (28 - 30) gb retreat kK | 
| Mus. cochi8i Itcan perform odd dance steps to influence foes. Its 
Clot) ges/132 a style of dancing became hugely popular overseas. 
©2025 Pokémon / Nintendo / Creatures / GAME FREAK _—"
751,Xerneas,"Xerneas -wl20© 
By tl < ee a S 
\ ge r eS ) 
ST zh I Pe, vi ot, 
Ko) Geo Gate 
|) Search your deck for up to 3 Basic © Pokémon and put 
| them onto your Bench. Then, shuffle your deck. 
©©®»* Bright Horns 120 
During your next turn, this Pokémon can’t use Bright Horns. 
‘Weakness Px? resistance _ iE retreat OK 
Fie. Karomzsc Yesokord When the horns on its head shine in sey 
(CEB) o6as132% ——=——~C*«OFSitis Said to besharingeeverlastinglife, 
| 162025 Pokémon / Nintendo Creatures GAME FREAK"
752,Greavard,"Geasic nt eee Onm) | 
7“ Greavard a vo0® 
© Stampede 10 
© * Take Down 40 
This Pokémon also does 10 damage to itself. 
weakness @) x2 resistance (2) -30 il retreat > 2K OK) r 
i ; itis said thata dog Pokémon that diedin_ 
fies Nerems Seto Tiesald witouteverinterscngaitaa | 
1 (GE 0657132 @ __ bumanywas rebornas this Pokémon."
753,Houndstone,"STAGE], 7 ae ~ 
Foal wl40© 
& . Evolves from Greavard 
A WSs. 
KO) Horrifying Bite 30 
| Flip a coin until you get tails. For each heads, choose a 
j | random card from your opponent's hand. Your opponent 
|, reveals those cards and shuffles them into their deck. 
Weakness x2 resistance W-GO etiretreat OK OK K ] 
Houndstone spends most of its time sleepit 
cae Fe Arenal don roke am 
TUG 066/132 this one is most loyal to its master, 
(©2025 Pokémon / Nintendo / Creatures /GAME FREAK a ’"
754,Mega Latias ex,"XN \ Ye v a | 
a a, co 
i. See 
l!) 100/132 A amu seis tenaaieneanntinaniabee?"
755,Latios,"BASIGy4_ 48 EP 
see Latios “ae. 130 © 
ay 4 Wiel 
|) GED Lustrous Assist 
| Once during your turn, when your Mega Latias @X moves 
4 from your Bench to the Active Spot, you may use this 
| Ability. Move any amount of Energy from your Benched 
|, Pokémon to your Active Pokémon. 
@©©* Dragon Claw 130 
weakness resistance _ et retreat OK 4 
a ae ie van Be Piper highly fatal 
ae oe std Ponont aa dite)"
756,Mega Kangaskhan ex,"BASIC e re . 
weca levalKangaskhan(Ox¢ ‘300 x 
ee An 5 MegasEvolved form oF 
. SJangaskhan 
y aw’ oe. \ ha a 
&- Once during your turn, if this Pokémon is in the Active 
ZZ, Spot, you may use this Ability. Draw 2 cards. You can’buse < 
y. |,Run.Erranhd Ability each turn. 
%* * ~~ Rapid-Fire Combo 200 
lip a coin until you get tails. This attack does 50 more 
mage for each heads. 
weakness @) x 2 fesistance le, ""treat OKIDK 
(CER oa7132, ae & Ele eb aiisiianennamd"
757,Delibird,"Delibird — 90 & 
* Quick Gift 
If you go first, you can use this attack during your first turn. 
Search your deck for a card and put it into your hand. Then, 
|| shuffle your deck. 
®® Gentle Slap 30 
weakness x2 | resstane 30 yerevet W 
iss: Nex Karte Itcatries food all day long. There are tales about 
(0539 105/132 © lost peoplewhowere saved by the food ithad. 
GS Poon Nendo Ceaues/GAME FEAR"
758,Buneary,"es Buneary sw 70.®) 
ee = Or = re 
bd Charm 
During your opponent's next turn, attacks used by the 
| Defending Pokémon do 20 less damage (before applying 
| Weakness and Resistance). 
weakness @ x2 | resistance ae < retreat >) : 
Bi /ean attack by rolling up thei id th 
eeu See gabe Oe crested by online eae 
OG 107/132 @ __ Thisattack becomes stronger with training. 
{$2025 Pokémon / Nintendo / Creatures / GAME FREAK"
759,Lopunny,"GSTAGEy” z 
bd Dashing Kick 
This attack does 50 damage to | of your opponent’s 
|| Benched Pokémon. (Don’t apply Weakness and Resistance 
|| for Benched Pokémon.) 
oo Spiral Kick 60 
weakness @ x 2 | resistance gue “retreat >) 1 
Once hot seasons are over, L 's coat will 
foie: Coratte KAS, Peseiare Rees ncidss lott ingahea 
BO) nec) 108/132 @ ___ “airin preparation for colder weather. 
162025 Pokémon / Nintendo / Creatures /GAME FREAK"
760,Stufful,"BASIC, PPT 
Stufful w70 
x S (AC a 7 
« NO..0759. Flailing Pokemon. HT. 18"" WT..15.lbs. a 
i) Light Punch 10 
BR Flop 20 
weakness @@) x2 | resistance “A retreat eed 
Th it protects itself by flailing it: 
Ojecu) 111/132 @ is flailing that can snap thick tree trunks, 
id ©2025 Pokémon / Nintendo / Creatures / GAME FREAK"
761,Bewear,"STAGE], + ITT Y / 
is =~ Bewear yw 130%) 
Zs y 4 ry 
*®) Knuckle Punch 50 
42 Hyper Lariat 100+ 
| Flip 2 coins. If both of them are heads, this attack does 
i 100 more damage. 
weakness @) x2 | resistance oe retreat 2K) OK) 2K) 
AD Seen Themoves it uses to take down its prey would 
kK artist jealous. It tucks subdued 
GED 112/132 @ Dt ecsmsiccony herein 
{2625 PoLdimon Nintendo / Creatures / GAME FREAK"
762,Snubbull,"GBASIC, ; j Bk yD lam | 
Eg Snubbull - wl0® 
S PRME ig NY = : a S 
| es et eA ees 5k N\ i 
el Year ee el Se ee, ane 
G NO..0209. Fairy. Pokémon .HT2..W.17.2.Ibs. 
© x Tackle 20 
weakness ) x2 resistance gE wetveat OK 
illes. Gapao INnutig tis acowardly Pokémon. Itgrowlseageried 
(GE) 037/094 @ inorder tohide its fearfrom its opponent. | 
. (©2025 Pokémon / Nintendo / Creatures / GAME FREAK —"
763,Granbull,"Ustace], 5 ee aT LN) 
eGranbull 130 © 
a INO..0210. fairy Pokemon. HT: 4:7. WE: 107.4 IDS. 
lee Bite 50 
|©©x* Finishing Blow 90+ 
If your opponent's Active Pokémon already has any damage 
counters on it, this attack does 90 more damage. 
=a Tits actually tinsid and easily spooked. | 
[rae Foe Faced desperately alsisinbaabal 
(JG 038/094 @ See ee in anattemptto repel its opponent. | 
— (©2025 Pokémon / Nintendo / Creatures / GAME FREAK J _"
764,Cresselia,"(Basic ee eee san mm) 
=< Cresselia wl200® 
pee 1 A 
© Swelling Light 
Search your deck for up to 2 Basic © Energy cards and 
attach them to this Pokémon. Then, shuffle your deck. 
©©* AuroraBeam 90 
‘weakness @) x 2 | resistance (8) -30 ial retreat > 4 
Illus. Raita Kazama Shiny particles are released from its wings like a 
(Gan) 039/000 Veil. Itis said to represent the crescent moon 
—_ (©2025 Pokémon / Nintendo / Creatures / GAME FREAK —"
765,Meloetta,"BASIC, pas Ty ARG 
= Meloetta ~ »90® 
a Pw ee 
BA AN b Le!) oe 
apf ed \y 2 f 
© Soothing Melody 
|) Heal 120 damage from | of your Benched ® Pokémon. 
1®* Magical Shot 50 
weakness @) x2 | resistance (34) -30) a retreat > | 
Its melodi witha special 
He MiNNAn Toke Rpeclasicn method that caneortat 
t ‘D)Pra) 040/094 @ the feelings of those who hearit. 
©2025 Pokémon / Nintendo / Creatures / GAME FREAK 7"
766,Mega Diancie ex,"Naga Diemdia@N 40270 © 
yo age ZS a 
NG aa ge \ 
VY NF oe 
w ‘ Ta A Z| 
” This Pokémon takes 30 less damage from attacks (di. e 
| applying Weakness and Resistance). ya. 
«@® Garland Ray 120* > 
) Discard up to 2 Energy cards from this Pokémon, and this 
> attack does 120 damage for each card you discarded in 
~ this way. 
Vins 
weakness \x 2 | resistance retreat > t ° 
y= Mega Bvokvtion x rule any \ 
DPR) opycags ees eta = 4"
767,Mimikyu,"BASIC e e Bai as TD =n am 
Mimikyu ~ wlI0® 
Orel 
7 NO..0778 Disguise Pokemon. HI: 8"" W1T:.1.5 Ibs. 
1 Call for Family 
| Search your deck for a Basic Pokémon and put it onto your 
| Bench. Then, shuffle your deck. 
\©® Scratch 20 
Weakness Y) x2 resistance “i retreat OK | 
a This Pokémon lives in dark places untouched by 
pill sunlight, When itappears before humans, ithides | 
(GE 042/094 @ itself underacloth that resembles aPikachu, 
(©2025 Pokémon / Nintendo / Creatures / GAME FREAK"
768,Milcery,"GBASIC . y G ] 
yp Milcery 7 500) : 
wae” So 
= 0.0868 Cream Pokemon HT. 82 WV ONS ig 
© Draining Kiss 10 
Heal 10 damage from this Pokémon. 
“Weakness D) x2 resistance _ retreat Ok ey 
‘Illus. Taiga Kayama ‘The more sweetaromas it absorbs, the more its body. 
(Gi) 043/094 @ — S¢lls-Milcery will deflate when its energy level drops. , : 
DN cx02s Pokemon nintendo /creatures/caMERTEAK"
769,Alcremie,"= Alcremie 7 »9® 
ae ON ) SS 
|= i Pm, SS 
Xe = A <a SS 
Tp __NO..0869_Cream Pokemon. HT. 1 WT 11 bs. 
© Sweet Circle 20x 
This attack does 20 damage for each of your Pokémon 
in play. 
i ~ Desserts that Alcremie have decorated with 
| tes, Nerumi Soto thetfeream haves ich, sweet lavotata 
(GH 024/004 bringhappinesstoall whoeaeieaan 
| — i ""62025 Pokémon /Nintendo/Creatures/GAMEFREAK |"
770,Gastly,"r TG _ a= wr 
aN \ y Oe ag 
—__ SS — Sa eee 
f~- ff o7% Fam isa a > 
© Petty Grudge 10 
ee ee eae es 
weakness (2) x2 | resistance A”, retreat (9 
Illus. Saboteri Itwraps its opponentin its gas-like body, slowly 
o Shea weakening its prey by poisoning it through the skin. 
162025 Pokémon Nintendo Creatures GAME FREAK"
771,Haunter,"STAGE], 
(4 \ juEwolves tromGastly, - 
BS SS ~ 
© Spooky Shot 40 
weakness (} x2 | resistance 7 retreat (9 
Mlus. Rianti Hidayat It likes to lurk in the dark and tap shoulders witha 
O Pia) 955/000 @ gaseous hand. Its touch causes endless shuddering."
772,Mega Gengar ex,"geen Mega Gengar@X Zwd00 © 
/ The Mega:E 
CJ We 
2 & ability » ed f 
> fl of your @ Pokémon is Knocked Out by damage from 7% 
an attack from your opponent’s Pokémon @X, that 
player takes | fewer Prize card. The effect of Shadowy 
Concealment doesn’t stack. 
SOO Void Gale 230/74 
Move an Energy from this Pokémon to | of your Benched 
Pokémon. d 
weakness, x 2 “| Gl ed of et OO 
aie ue, y a * fx Mega Evolution €X rule gz When your Mega Evolution 
a [a(_ Pokémon €X is Knocked Out, your opponent takes 3 Prize cars. Ag"
773,Murkrow,"BASIC oe Zn \ 
Murkrow 60 
; GED SET SEIT ar | 
VF OSL NGI 
EPR em ORG Na IO 4 
Se Gi aise 47 |) 
FZ Goin Le esairy ""a, % 
BLS, ¢ SSS ee 
Fae Gf ee See 
et men Pokemon. HT:.1'8: ere oe - 
© Ambush 10+ 
Flip a coin. If heads, this attack does 20 more damage. 
weakness @9 x2 | resistance ©} -30 ~ retreat €% 
Illus. Tomokazu Komiya Feared and loathed by many, itis believed to bring 
fi] Ontos e misfortune to all those who see itat night. 
102025 Pokémon / Nintendo / Creatures GAME FREAK"
774,Honchkrow,"STAGE] i an ‘) 
Honchkrow #130 © 
_bvolves irom Murkrow * “a 
© Wind of Darkness 30 
©O& Sniping Feathers 
Discard 2 Energy from this Pokémon, and this attack does 
120 damage to | of your opponent’s Pokémon. (Don’t apply 
Weakness and Resistance for Benched Pokémon.) 
weakness @9 x2 | resistance © -30 _-~ retreat €9 
Illus. Anesaki Dynamic Itis merciless by nature. Itis said that it never 
fi] ‘onan eo forgives the mistakes of its Murkrow followers. 
162025 Pokémon / Nintendo / Creatures / GAME FREAK"
775,Sableye,"BASIC __ ¢ 
eELEUS Ee 
Sableye Fe) 
b> Direc 4Y, x 
eo cl 
INO..0302. Darkness Pokemon. HT: 1'8"" WT: 24.3 Ibs. 
oo Cocky Claw 20+ 
If you have any Stage 2¢ Pokémon on your Beneh. this 
attack does 70 more datpage: gl oe ages ho 
weakness (©) x2 _ | resistance A” retreat 9 
Illus. osare Itdwells in the darkness of caves. It uses its 
fi] osg/tes@ sharp claws to dig up gems to nourish itself. 
162025 Pokémon / Nintendo / Creatures / GAME FREAK"
776,Absol,"BASIC Th” | 
Absol wll © 
fy) hg pn 4 Wi eae 
a [on Sia A | pire | 
Dk) Allure 
Draw 2 cards. 
Orx) Dark Cutter (10) 
weakness @) x2 | resistance A”, retreat (9 
Illus. Takumi Wada Because of this Pokémon’s ability to detect danger, 
fi] re people mistook Absol as a bringer of doom. 
102025 Pokémon / Nintendo / Creatures GAME FREAK"
777,Eternatus,"BASIC ie En ‘) 
Eternatus w150@ 
&. A ag Koa 
= he) OF ey : Pe 
= od the SS 
NNO..0890.. Gigantic, Pokemon. HT:.65!7."".WT2094.4 Ibs. 
OO Shatter 50 
Discard a Stadium in play. 
©O©O© Power Rush 130 
Flip a coin. If tails, during your next turn, this Pokémon 
can’t use attacks. 
weakness (3) x2 | resistance 7” retreat Ck 
The core on its chest absorbs energy emanating 
illpsnekes! from the lands of the Galar region. This energy 
['] 069/094 @ is what allows Eternatus to stay active. 
162025 Pokémon / Nintendo / Creatures / GAME FREAK"
778,Oddish,"WBASIC, ° J 
Oddish w50@ 
eS ee ee 
| ae ay. a wal 
© Seed Bomb 20 
weakness @xQ | resistance aa retreat >) 
Its scientific name is Oddium wanderus. It 
pbs: MINAMINAM ES is said to cover distancesas faras 1,000 feet 
(G7 001/004 © when night falls, walking on its two roots. 
C25 Potamon Nntendo/Cestces/ GAME FREAK"
779,Gloom,"{STAGE I, y) \ 
C Cae: § 
ME fue 0 LF 
af \i @ AN 3 ~ mesh: j 
| iS oe >. Wey ""A 
eS pee SMe A 
A NO..0044.. Weed Pokémon .HTi.2°7."".Wi19.1bs. Prd 
1@ Disperse Drool 20 
This attack also does 20 damage to each Benched Pokémon 
| (both yours and your opponent's). (Don’t apply Weakness and 
| Resistance for Benched Pokémon.) 
weakness @xQ | resistance LA retreat *) 
f || Mus. Yoriyuki tkegami The fluid that oozes from its mouth isn’t drool. 
| (\)\(G)) 0027094 @ Itisa nectar that is used to attract prey. |"
780,Vileplume,"== Vileplume 7150 a 
N rar eet ae 
ead ec: ' 
(asses: = ah preg SIO 
NO..0045 Flower Pokemon HT: 3'11"" WT: 41 Ibs. a “if 
@ Pollen Bomb 30 
Your opponent's Active Pokémon is now Asleep and 
| Poisoned. 
@ Lively Flower 60+ 
| If this Pokémon was healed during this turn, this attack 
| does 120 more damage. 
weakness @) x2 | resistance oA retreat KK 
| Mlus. Shibuzoh. The bud bursts into bloom with a bang. It then. | 
(\) Gir) 003/094 4. starts scattering allergenic, poisonous pollen. |"
781,Mega Heracross ex,"hy Fi 
y~ Ff Ne 
; 7 a SS IN a ss Se 
sa damage. - za lz 
0 Pits coracas < —— es oe eee 
ial i are < cA"
782,Lotad,"GBASIC y » 
Lotad w70@ 
ee a Pr NN a 
po- SY Ak Soe ~<a ee 
ia ead 2 Re Ewe) 
=. it StS, 
INO. 0270. Water. Weed Pokemon. HT:.1'8"" WT:.5.7 Ibs. yy 
\@* Headbutt 30 
weakness @xQ | resistance oA retreat 
; The leaf on its head is naturally dirt repellent 
Bete: Werte Wands and will stay clean even after transporting 
(GD) 005/094 @ Pokémon that are covered in mud. 
_ ©2025 Pokémon / Nintendo / Creatures / GAME FREAK 7"
783,Lombre,"WSTAGE I], y ) 
Ow» Mega Drain 30 
| Heal 30 damage from this Pokémon. 
weakness @xQ | resistance oA retreat 
Ce It prefers waterfronts with plentiful food. 
piss. Shioenort Noga Itbecame nocturnal so it wouldn't have to 
(GE) 006/094 @ compete for food with bird Pokémon. 
_ ©2025 Pokémon / Nintendo / Creatures / GAME FREAK 7"
784,Ludicolo,"STAGE Ay ne aoe ) 
WL) hae * Gd 
= V/ wh if A 
i Hy ZT ge 
Ne 2 G7 eae 
Ny Ve Mi ea DF \\ dcp) 
aN A te at Ki SAE pe) 
| NO. o2za, sceetaan Pokemon. HT:.4' 11."" WT:.121.3 Ibs.. 
@ITE®D Excited Heal 
|) Once during your turn, if you have any @ Mega Evolution 
|) Pokémon @X in play, you may use this Ability. Heal 
|) 60 damage from | of your Pokémon. 
1@* Lunge Out 120 
weakness @ x2 resistance 2 a retreat >) 
a f _ There are structures throughout its whole 
pike, Anesokd Dyna body that produce nerev wien hitby 
(GED 007/092 @ == soundwaveswithacheerful rhythm, 
1€2025 Pokémon / Nintendo Creatures / GAME FREAK"
785,Genesect,"GBASIC y » 
Genesect ~l20@ 
| SS yy See 
NO..0649, ornnerriantn 4°11."" WT-181.9 Ibs. ye 
@ Bug’s Cannon 
This attack does 20 damage to | of your opponent's Pokémon 
| for each @ Energy attached to this Pokémon. (Don’t apply 
| Weakness and Resistance for Benched Pokémon.) 
@@x* Speed Attack 110 
weakness @xQ | resistance o4 retreat >) 
Illus. Mitsuhiro Arita This Pokémon existed 300 million years ago. Team 
(Ga) 008/094 4. Plasmaaltered it and attached a cannon to its back. 
v _ ©2025 Pokémon / Nintendo/ Creatures / GAME FREAK -"
786,Nymble,"oT TKO. Ff 
Ss co r- 
hele oh 
= — NO. 0919 Grasshopper Pokémon, HI. 8 _ WI: 2.2. Ibs. — __ 
Cn Ey IR a 
: ©2025 Pokémon / Nintendo / Creatures / GAME FREAK"
787,Lokix,"WSTAGE I], . y » 
NO. 0920 Grasshopper Pokemon HT: 3'3"" WT: 38.6 Ibs. 4 
@ Low Kick 30 
2%) Jumping Shot 150 
Shuffle this Pokémon and all attached cards into your deck. 
weakness @xQ | resistance A retreat 
: ; When it decides to fightall out, it stands on its 
Bases Tore Kesey previously folded legs to enter Showdown Mode. 
(GD) 010/094 ¢ Itneutralizes its enemies in short order. 
_ ©2025 Pokémon / Nintendo / Creatures / GAME FREAK"
788,Charmander,"Charmander wo0® 
NO..0004Aizard PokémonsliJs2:a\Adis1 dubs. 4 
If this Pokémon has no Energy attached, it has no 
Retreat Cost. 
C7 Live Coal 20 
weakness © XQ resistance aA retreat OK OK 
Illus. HYOGONOSUKE The flame on its tail shows the strength of its life-force. 
(:) (Gar) 011/094 @ If Charmanderis weak, the flame also burns weakly. 
{©2025 Pokémon Nintendo /Creatures/ GAME FREAK."
789,Charmeleon,"—- Charmeleon 7 110 8 
aay WE / 
8 Sf Sit NE MM ith 
cnn J 
& Steady Firebreathing 40 
Woua ge. Tamer oA retreat OK OK 
AA When it swings its batning ial : 
(GEO or2/a4 © iene sopeanae 
""©2025 Pokémon / Nintendo / Creatures / GAME FREAK"
790,Mega Charizard X ex,"Wad I y — 
% © j oS tH CX 7a 
os si i ” 
O Prin creveng = ‘bb"
791,Moltres,"Moltres -wl20@ 
h : mt N 
S Vyas’ Ya 
@ Fighting Wings 20+ 
If your opponent’s Active Pokémon is a Pokémon @X, this 
| attack does 90 more damage. 
weakness @) XQ | resatance Telit 
A There are stories of this Pokémon usingits 
piss errs ora radiant, flame-cloaked wings to light up 
(' (GE) 0747094 paths for those lostin the mountains. 
""(©2025 Pokémon / Nintendo / Creatures/GAME FREAK"
792,Darumaka,"‘aD arumaka 80 @ 
INO..0554. Zen Charm Pokemon. HT; 2 WT: 82.7. Ibs. . 
This attack does 20 more damage for each & Energy 
attached to this Pokémon."
793,Darmanitan,"CSTAGE Ide >, j 
lf “Darmanitan “~~ 150 @ 
This attack does 40 more damage for each & Energy 
attached to this Pokémon. 
weakness © XQ resistance a retreat OK OK Ok 
This Pokémon’s power level rises along 
gre Sy with the temperature of its fire, which can 
(\ (GE) 0767094 + reach2,500 degrees Fahrenheit. 
{©2025 Pokémon Nintendo / Creatures / GAME FREAK"
794,Reshiram,"CBASIC ery — ¢ » | 
GL IWAN = ‘XN a 
. _— awVa Sy any a en 
Ne ee os 
NO. 0643. Vast White Pokemon. HT:.10°6""WT:.727.5 Ibs. “ 
¢ Combustion 30 
6 f a KOK 
O) Pra) 
162025 Pokémon Nintendo /Creatues/ GAME FREAK"
795,Oricorio ex,"BASIC . . LJ 
Oricorio@¢ AGE 1908 
SS US # 
As often as you like during your turn, if you have any, 
@ Mega Evolution Pokémon @X in play, you may use this 
Ability. Attach a Basic & Energy card from your hand to 
| of your Benched #& Pokémon. 
@O®* Fire Wing 110 , 
(Miettinen ia) oe) raeance urn (Qe 
\ OREVGDS Ke Ris Koos ked Out, your opponer ames £ Frize cards. 4"
796,Charcadet,"BASIC Se, 
Charcadet wl 
4 oe we 
if, G7 i. Oe 
gen Ae nl a 
ec (0 tees 4 ale 
(_____NO..0935 Fire Child Pokemon HT, 22 WT. 23.1 DS. ig 
& Gather Strength 
Search your deck for up to 2 Basic Energy cards, reveal 
them, and put them into your hand. Then, shuffle your deck. 
Weakness @) XQ | resistance oA 
S Burnt charcoal came to life and becamea 
pts Tesotere Kose Pokémon. Possessing a fiery fighting spirit, 
{ (GE) 079/004 @ Charcadet will battle even tough opponents. 
” ©2025 Pokémon / Nintendo / Creatures / GAME FREAK a"
797,Ceruledge,"STAGE Id gp ag y)} 
ye Ceruledge + 140@ 
\ See (Se 
NO..0937_Fire Blades Pokemon. HT..5'3""_WT:.136.7 Ibs. | 
) Infernal Slash 220 
Discard 4 Basic @& Energy cards from your hand. If you 
can’t discard 4 cards in this way, this attack does nothing. 
162025 Pokémon / Nintendo Creatures / GAME FREAK"
798,Seel,"SS SN 
| S Bong Ss 
(Ox Bubble Drain 20 
| Heal 20 damage from this Pokémon. 
illus. sult The protrusion onits head is very hard. It 
{: (GT) ooy7082 © is used for bashing through thickice. 
©2025 Pokémon / Nintendo / Creatures /GAME FREAK J 7"
799,Dewgong,"ferace 7 y 
i a ta. Fuk Fe 
| TED Thick Fat 
|) This Pokémon takes 30 less damage from attacks from 
| your opponent's &% or @ Pokémon (after applying Weakness 
and Resistance). 
Ox Slam 70x 
Flip 2 coins. This attack does 70 damage for each heads. 
lus. Taira Akitsu itsleeps under shallow ocean waters during the 
{'\(GHE) 995/002 © day, then looks for food at night when it’s colder, 
""©2025 Pokémon / Nintendo / Creatures / GAME FREAK, 4"
800,Swinub,"Swinub Geax) 
ot a ) aw 
Le. a at \\ 
a S = wm 
*) Stampede 10 
(Ox* Icy Snow 20 
weakness XQ resistance ed retreat KOK 
‘los. tmoniil \tsearches for food by digging into the ground with its 
{1) Git) o337008 © ‘snout. Even frozen ground doesn’t give it any trouble. 
' r ""©2025 Pokémon / Nintendo / Creatures / GAME FREAK"
801,Piloswine,"im Piloswine 4+ 100@ 
b> SE Soy 
ees as 
ip oe 
BY =a Ur 
10.0221. Swine fokémonsHi.372\si23lbe J 
1 ok) ob) Rising Lunge 30+ 
| Flip a coin. If heads, this attack does 30 more damage. 
r Ox* Frost Smash 70 
aon OE ead Lavi RK 
ire Toth tetitagteeticton henson"
802,Mamoswine,"pee Mamoswine A, 180@ 
eg . iP es We OD) 
Foot ( ; BOL 
— nos 0473. Twin Tusk Pokemon. HT: 82"" WT: 641.5 Ibs. y 
If a Stadium is in play, this attack does 120 more damage. 
| Then, discard that Stadium. 
|) Discard 2 Energy from this Pokémon. 
weakness Y) x2 | resistance Sad retreat > ok Ok) kK) 
i Afrozen M: ine was dug from 
een datingback 10,000 years. This Pokemontas 
(')(@) o25/004 + been aroundalong; long, long time. 
(©2025 Pokémon / Nintendo Creatures / GAME FREAK"
803,Suicune,"Suicune wl30© 
66 Crystal Fall 30+ 
| | If you have at least 4 © Energy in play, this attack does 
| 90 more damage. 
is ee a eC Cae 
Ilys. Takeshi Nakamura Said to bethe embodiment of north winds, it 
{\ (GE) o36 7098 ¢an instantly purify filthy, murkywater, 
©2025 Pokémon Nintendo / Creatures GAME FREAK J"
804,Piplup,"Piplup ~ wl0®@ 
5 Call for Support 
Search your deck for a Supporter card, reveal it, and put 
| it into your hand. Then, shuffle your deck. 
| Tackle 20 
Wainer TD. | resistance ey, retreat kK 
lus. Hideki Ishikawa Apoorwalker, itoften falls down: However, its strong 
{Gr 027/094 @ pride makes it puff up its chest withouta care. 
""©2025 Pokémon / Nintendo Creatures / GAME FREAK 4"
805,Prinplup,"lal BA pve Pp 
x Peck 20 
|) Targeted Dive 
| This attack does 70 damage to | of your opponent's 
__ || Benched Pokémon. (Don’t apply Weakness and Resistance _ 
for Benched Pokémon.) f 
ae © itlivesasolitary life. ts wings detiverwicked 
Ms Ausra Uli blows thatean snap even the thickest 
(WIG ozarosa@ = oftreatinharwithasingle 
{©2025 Pokémon Nintendo / Creatures / GAME FREAK"
806,Rotom ex,"BASIC Ly 
STD Multi Adapter 
Each of your Pokémon that has ““Rotom” in its name may 
have up to 2 Pokémon Tool cards attached. If this Ability 
goes away, discard Pokémon Tools from those Pokémon 
a until only | remains on each. i 
14% Thunderbolt 130 
Discard all Energy from this Pokémon. 
wealiness (83) XD» [resistance A retreat x | 
Of rin ee ve, Cerner"
807,Yamper,"BASIC, » 
Yamper w70® 
Pace fo. Rese 
XO or Gan 
Na OB lle” | 
NO. 0835. Puppy Pokemon HT:.1WT:.29.8 Ibs.. yo” 
D* Play Rough 20+ 
| Flip a coin. If heads, this attack does 20 more damage. 
weakness @) x2 | resistance retreat OK 
: This gluttonous Pokémon only assists people 
Bis Ayako Oral Eee revert because it wants reziat 
ig) 030/094 @ Asitruns, itcrackles with electricity. 
_ ©2025 Pokémon / Nintendo / Creatures / GAME FREAK"
808,Boltund,"STAGE], y) 
= Boltund PAK 
om. Vay 
I » OO i de 
G q ai 
BX Electric Run 70+ 
_ Flip a coin. If heads, this attack does 70 more damage. 
weakness @) x2 | resistance a retreat >) 3 
Illus. Orca Itsends electricity through its legs to boost their 
OG 031/094 @ strength. Running at top speed, it easily breaks 50 mph. 
""@205 Pokemon Nintendo reotures/ GAME FREAK"
809,Pawmi,"BASIC ° 
Pawmi 004) 
len & ran 
t INO. 0921. Mouse Pokemon. HT:_1_WT:5.5 Ibs. we 
| ® Growl 
During your opponent's next turn, attacks used by the 
Defending Pokémon do 30 less damage (before applying 
_ Weakness and Resistance). 
D Tiny Charge 10 
weakness @) x2 | resistance a retreat >) ql 
Fe chimasis Veen Ithas underdeveloped electric sacs on its cheeks. 
Es. Shimoris Vole These sacs can produce electricity only if Pawmi 
Gz 032/094 @ tubs them furiously with the pads on its forepaws. _ 
{©2025 Pokémon Nintendo /reatures/ GAME FREAK"
810,Pawmo,"== Pawmo LADS 
Pe) “g eo” 
| e NO. 0922 Mouse Pokemon HI: 14"" WT: 14.3 Ibs a 
AIGA) Electric Punch 60 
weakness @) x2 | resistance A retreat ok) 
2 When its group is attacked, Pawmois the first 
ple Tolga Koyores leap into battle, defeating enemieswitha 
in ©2025 Pokémon / Nintendo / Creatures / GAME FREAK a |"
811,Pawmot,"STAGE, Wy, ( 
yy “Pawmot wl404 
hod ’ fag fA 
NY bs 
DA” Voltaic Fist 130 
_ You may have this Pokémon also do 60 damage to itself 
| and make your opponent's Active Pokémon Paralyzed. 
weakness @ XQ | resistance A retreat * ; 
This Pokémon normally is slow to react, but 
fie satome onceit enters battle, it will strike down its 
Gz 034/094 & enemieswith lightning-fast movements. _ 
{©2025 Pokémon / Nintendo / Creatures / GAME FREAK"
812,Misdreavus,"BASIC, eps EL Te 
——~ Misdreavus - wl0® 
Me ea’, 
} | CGS \ : Cl Leal 
4a 1NO..0200, Screech Pokémon sii 2/4\W,2.2ilbs. i 
| © Petty Grudge 20 
weakness @) x2 resistance (4) - 30) Tt retreat > 4 
Illus. Mousho This Pokémon startles people in the middle 
(JG) 03s/oa@ othe Nester toenetg |"
813,Mismagius ex,"=< Mismagius@,¢ e260 © 
f volves from Misdrea * 
ot Le eA / he - 
a ON gj 
SD SS ae 
___ As long as this Pokémon is in the Active Spot, whenever 4 
your opponent’s Active Pokémon moves to the Bench “7 
|: during their turn, their new Active Pokémon is now 
, _» Confused. 
Nn You may draw cards until you have 6 cards in your hand. 9) 
an a i 
weakness @) x2 | resistance (4)-3Q gi retreat > ~ 
Illus: Sban|Graphics = aoe Pe Wr yr okinoneX >)"
814,Cottonee,"= Cottonee w60© 
het 0 Meng Se 
Bae IR y) 
eS En 
5a Coton bu okdtn tbs 
* Collect 
! Draw a card, 
.,. sich 
CCC ore RT ita nogee ao 
Le |€2025 Pokémon Nintendo / Creatures /GAME FREAK. -"
815,Whimsicott,"pm Nici FZ 9 ® 
Ase oh of Pe 
| liom Cain 
cs Healing Fluff 
Heal all damage from | of your Benched Pokémon. 
ie) U-turn 50 
f] Switch this Pokémon with | of your Benched Pokémon. 
| eee fie a 
Pao: =. thoi smi. tleaves ball of white suff behind. 
LS ""©2025 Pokemon / Nintendo / Creatures GAME FREAK er"
816,Zacian,"BASICy4um ° ; y ~ 
22 Tacian wl30© 
nee ae \ | 
Oo Gal yo we . 
air OY ME 
NO. 0888. Warrior Pokemon. HT; 9'2."" _WT:.782.6 Ibs. ra 
© * Limit Break 50+ 
If your opponent has 3 or fewer Prize cards remaining, this 
| attack does 90 more damage. 
| Weakness) x2 resistance Z a retreat kK kK 
: A Able to cut down anything witha single strike, 
epee oer it became known as the Fairy King’s Sword, 
1 (GH 045/094 and it inspiredawein friend and foe alike. 
162025 Pokémon / Nintendo Creatures / GAME FREAK"
817,Bramblin,"BASIC, ° E D » 
Basic, 33 
=< Bramblin - w50© 
NO. 0946. Tumbleweed Pokemon. HT:.2'_WT:.1.3 Ibs.. ra 
© Sneaky Placement 
| Place | damage counter on | of your opponent’s Pokémon. 
[Weakness @@) XQ | resistance GH) —3Q eet retreat 2k 
t EERE 
| Bee i okachi Neko Asoul unable to move on to the afterlife was 
pee cia ororivas blown around by the wind until it got tangled 
0 046/094 @ upwith dried grass and became a Pokémon. 
162025 Pokémon / Nintendo Creatures / GAME FREAK"
818,Brambleghast,"STAGE], : Ana 
5"" Brambleghast 7wl100© 
ONO Se € \y ETA 
| A NNO..0947, cece iad sacha Ibs. i 
|) @27E@ Prison Panic 
| Once during your turn, when you play this Pokémon from 
your hand to evolve | of your Pokémon, you may use this 
| Ability. Make your opponent's Active Pokémon Confused. 
| ©*x% Psychic Sphere 80 
weakness @) x2 resistance (#4) -30) a retreat > OK | 
(SS cis ee eee | 
glee Oe its prey. Once it absorbsall the life energy it 
(GE 047/094 + needs, it expels the prey and discards it. ) 
(©2025 Pokémon / Nintendo / Creatures /GAME FREAK i"
819,Paldean Tauros,"BASIC, 0 { ‘ul 
[ ee 4 Sx Y 
77 x ZS de 
NO..0128 Wild Bull Pokemon. HT: 4'7."". WT: 253.5 Ibs. 
(a Raging Char p 
any i lo-Ed 
® j ft KK"
820,Gligar,"BASIC Oe & a1) 
Gligar w/0 ep) 
—\. /, oN Sz oahi 
a eo Sees Gl 
ee CT 
a NO..0207..Fly Scorpion Pokemon .HT..3°2...WI.142,9 Ibs. a 
2 Poison Jab 10 
Your opponent's Active Pokémon is now Poisoned. 
weakness QD. | resistance A retreat OK A 
Illus. Kazumasa Yasukuni Itbuilds its nest onasteep cliff, When itis done 
(1 )(Git) 049/094 @ gliding, ithops along the ground back to its nest. 
r ©2025 Pokémon / Nintendo / Creatures / GAME FREAK -"
821,Gliscor,"ye“ Gliscor sw 120 
ee Res 72 
O Moon AM 4 ex we y oe 
a) Poison Ring 50 
_ Your opponent’s Active Pokémon is now Poisoned. During 
E your opponent's next turn, that Pokémon can’t retreat. 
Oy a ee a ee 
TTB asormee wemevetngimyouarnco 
162025 Pokémon / Nintendo Creatures / GAME FREAK —"
822,Trapinch,"BASIC \ 
yaa r 
ait =a. a, 
‘ mn EG B 
4 Sf a al 
é fi el a 
O)rAa)"
823,Vibrava,"STAGE], e y (alia), 
“Vibrava 7 090 
; , = i Bh rail 
o Rau RN 
| NO. 0329 Vibration Pokemon HT: 3'7"" a 
2) Super Vibration 60 
weakness @) x2 resistance oA retreat > 
ei Rather than using its underdeveloped wings 
las, Mini pak for flight, itrubs them together, emitting 
(') GE) 053/094 © ultrasonicwayes to attack its enemies, 
©2025 Pokémon / Nintendo / Creatures / GAME FREAK u"
824,Flygon,"STAGE ey = e OO 
f “at y' 
or PS 
baa . y 
| GED Sandy Flapping 
Once during your turn, when you play this Pokémon from 
/ your hand to evolve | of your Pokémon, you may use this 
| Ability. You may also use this Ability if this Pokémon is in 
| the Active Spot and is Knocked Out by damage from an 
| attack from your opponent’s Pokémon. Discard the top 
_ 2 cards of your opponent’s deck. 
ee Cutting Wind 130 
“weakness @ XQ | resistance ae 
Monte Kon asthe es ertSpiri this Pokémon hidesin"
825,Sneasel,"~ Sneasel 70 ©: 
© Dig Claws 10 
OOS Scratch 30 
Oise re Sidarkoess WANN eEEE spy"
826,Weavile,"STAGE], Yat y 
a pS o- 
OO Retaliatory Claw 20+ 
If this Pokémon’s remaining HP is 50 or less, this attack 
does 170 more damage. 
OOS Cut 60 
weakness @) x2 | resistance A i O 
Olin oo) a tuniats by Civing sags Boulders"
827,Carvanha,"ES ~ aT Pe | 
‘Carvanha - @ 
re a ) : CPB GRE oe 
© Reckless Charge 30 
This Pokémon also does 10 damage to itself. & 
angi giy. He wee is 
aie no . oo. ts 
weakness (©) x2 | resistance A”, retreat (9 
iitseShin Negasewe These Pokémon have sharp fangs and powerful 
1] 060/094 @ jaws. Sailors avoid Carvanha dens at all costs. 
162025 Pokémon Nintendo Creatures GAME FREAK"
828,Mega Sharpedo ex,"GIF vies, Sharpedo OQ P4330 0 
(A ae The MegaEvolved 
f \y [Sharpedo) 
LA As 
. Lax z 
© Greedy Fang 70° 
~~ Draw 2 cards. wee 
raw 2 cards. We 
Oe Hungry Jaws 1208 
_-_ ,If this Pokémon has any damage counters on it, this attack y 
oe does 150 more damage. 
weakness ©) x2 __| resistance PY retreat ry"
829,Seviper,"BASIC meus v.¥ ~ 
Seviper 120™ 
a” ~a AF 
y a bY es \ ~) YW 
\ Ae ~ Ne Ws 
yA ka “~~ ie 
La\y . a iy) 
Ne SS SS > | ee 
SSS a PA es: 
NO. 0336, Fang Snake,Pokémon st: 8:10"" W1.115.Z.lbs. 
If you have any @ Mega Evolution Pokémon @X in play, 
attacks used by this Pokémon do 120 more damage to your 
opponent’s Active Pokémon (before applying Weakness and 
Resistance). * 
OO Pitch-Black Fangs 120 
weakness (3) x2 | resistance 7” retreat Cx] 
Itsharpens its swordlike tail on hard. 
Mugobne! rocks. Ithides in tall grass and strikes 
['] 062/094 @ unwary prey with venomous fangs. 
162025 Pokémon / Nintendo / reatures/ GAME FREAK"
830,Sandile,"Chg J AS 
one SS ~ o Br - J 
“at Ne a | ean a 
NO..0551. Desert. Croc Pokémon. HT:.2'4""_ WT: 33.5 Ibs. 
ee ee: 
eek ~ a A a3 
weakness (©) x2 | resistance A retreat (969 
ieee Itsubmerges itselfin sand and moves asif 
ESE ea swimming. This wise behavior keeps its enemies 
O (PF) 064/094 @ from finding it and maintains its temperature. 
102025 Pokémon / Nintendo / Creatures GAME FREAK"
831,Krokorok,"STAGE ley, 3s ""An } 
Ee ‘Krokorok wl00® 
Y nor 7 C4 3 eZ i 
lin WEA aS 
Le al (= weet (Se Z 
bee me 2 See |) 
NO..0552. Desert. Croc Pokemon. HT:.3'3""_WT:.73.6 Ibs. 
©G3€3 Confront es 60 
SSS ee eee 
weakness (©) x2 | resistance A” retreat (969 
Protected by thinmembranes, their eyes 
iagauorers can see evenin the dead of night. They 
['] 065/094 @ live in groups ofa few individuals. 
162025 Pokémon Nintendo Creatures GAME FREAK"
832,Krookodile,"STAGE, sat ° a y/o"" ] 
""=~ Krookodile (A.1/0@ 
i ar N D bn) 71 
el i ef ¢ ji 
“AAG ~~ le 
NO, 0553. Intimidation Pokemon_HT:.4° 11."" WT: 212.3 Ibs. 
© Vengeful Fang 60+ 
If any of your Pokémon were Knocked Out by damage 
from an attack during your opponent's last turn, this attack 
does 160 more damage. ees Bs 
= sais By 
a Ge = ts, 
OGG Hammerin 160 
weakness (©) x2 | resistance A retreat 909 E9 
Illus. Ryuta Fuse ‘After clamping down with its powerful jaws, it 
fi] PN twists its body around to rip itsprey in half. 
162025 Pokémon / Nintendo / Creatures / GAME FREAK"
833,Toxel,"BASIC ry / 
Toxel 70© 
ew Yp \. 
NA wa. 
NO..0848..Baby. Pokemons Hi Aid=-\Wi24.3 Ibs. 
© Call for Family 
Search your deck for up to 2 Basic Pokémon and put them 
onto your Bench. Then, shuffle your deck. 
x) Playful Kick 20 
weakness (2) x2 | resistance A retreat (9 
Ithas no problem drinking dirty water. An organ 
Mlus. OKACHEKE ‘: % 
inside Toxel’s body filters such water intoa 
t'] 067/094 @ poisonous liquid that is harmless to Toxel. 
162025 Pokémon / Nintendo / Creatures / GAME FREAK"
834,Toxtricity,"STAGE)], Be ee AN Ny 
a Toxtricity wl40 © 
\ y AY 1D) ea 
FW, WED 
ed ZS One! 
Pre om, 
Once during your turn, you may use this Ability. Search 
your deck for a Basic @ Energy card and attach it to | of 
your Benched @ Pokémon. Then, shuffle your deck. If you 
attached Energy to a Pokémon in this way, place 2 damage 
counters on that Pokémon. 
©OES Gentle Slap 100 
weakness (3) x2 | resistance 7” retreat eee 
EON As it scatters toxic sweat and emits electricity, 
eee amelody that sounds like it came froma guitar 
['] 068/094 *& aebeat: iiiough He aeGiag ree: 
162025 Pokémon / Nintendo / Creatures / GAME FREAK"
835,Empoleon ex,"CIF gee ; 
hes Aj: y 
Nb az EmperGPsStance | 
‘Prevent all effects of attacks used by your opponent's. ~ 
Pokémon done to this Pokémon. (Damage is not an effect.) 
@@*R Iron Feathers 210 
During your opponent’s next turn, this Pokémon takes J) 
4 60 less damage from attacks (after applying Weakness and ~ 
_ Resistance). 
7 | weakness x2, | resistance @-30 ge@retreat KK"
836,Bronzor,"= Bronzor > ..80 gy 
ar ried at 
pce) See!) 2lav 
OC sO XQ) 
—— sssssssaNO.0436 ,6r0nze Pokémon HiT 2a Ws) 33.4. IDSs wal 
| k lron Defense 
Flip a coin. If heads, during your opponent’s next turn, 
prevent all damage done to this Pokémon by attacks. 
A — Rollout 30 
""Wwealiness @ x2 | resistance @)—30 yet retreat Ok 2 
F ts. oxue0 Ancient people believed that the pattern on 
| () i 071/094 @ _ Bronzor’s back contained amysterious power."
837,Bronzong,"STAGE], é NS y ®) 
ye Bronzong 7 40S 
| He NR VSCQON gee: 
Ln a me he 
| ___NO. 0437_Bronze Bell Pokemon_HT. 4'3""_WT.412.3 Ibs._y 
| Triple Draw 
f | Draw 3 cards. 
22) ~~ Tool Drop A0x 
|) This attack does 40 damage for each Pokémon Tool 
| attached to all Pokémon. 
“weakness @ x2 | resistance @-30 _ oA retreat KKK sa 
ils. Masoko Tomi Inages past thisPokémon was revered asa bringer 
(GE 072/094.43 ae Tees fo goad in ttieground. 
12025 Pokémon / Nintendo / Creatures GAME FREAK"
838,Togedemaru,"dak el, ay 
A — <NO.0777. Roly: Poly Pokémon. HT: aa = 
*) Find a Friend 
|) Search your deck for a Pokémon, reveal it, and put it into 
|) your hand. Then, shuffle your deck. 
Maines @ x2 _| reistancel ESO Moet eat Zz 
(GD 073/004 @ eee -dischargeselectricity indiscriminately. 
| (©2025 Pokémon / Nintendo /Creatures/GAMEFREAK"
839,Duraludon,"BASIC, g oe y CD 
Va id : c.) 
LAK. ey — ae) 
eS 55225 jsseee\ ff VASA ZOE 
SN ces see a 1) ate 
Q@QQ Hyper Beam 70 
Discard an Energy from your opponent's Active Pokémon. 
Pais @x2 resistance @ -30, a retreat >) ‘ } 
i im Duraludon’s body is comprised of a special metal 
| illus. Shinji Kende Pus 
feel Kondo that’s lightweight and scratch resistant. It’s also 
| id) 074/094 @ _ smooth, as thoughiitwas given a mirror finish. 
(©2025 Pokémon / Nintendo / Creatures /GAME FREAK"
840,Archaludon,"STAGE] pw Be y 180 a) 
a Archaludon 7 Y 
piles Loma a, 
ie AU) Wot 
ty : CAG / 
cy SS \ fit var 
y? r Legs, 
i es AN 
—@O@® Coated Attack 120 
| | During your opponent's next turn, prevent all damage done 
|| to this Pokémon by attacks from Basic Pokémon. 
‘weakness x2 | resistance 30 pe retreat KK a 
: Itgathers static electricity fromits surroundings. 
pee or 3 Tie beam i Laiggteessher dove on all 
(GED 075/008 foursatetremendously powerful. 
(©2025 Pokémon / Nintendo / Creatures /GAME FREAK"
841,Jigglypuff,"BASIC/“4o 
Jigglypuff = 700 
Pads or oN 
LP eN m e@ na SAG 
ae 4 i LRE 
Ns ig, 
® Ball Roll 20x 
| Flip a coin until you get tails. This attack does 20 damage 
| for each heads. 
weakness @ x2 | resistance a retreat ee 
iMlee’ Noy Kener When its huge eyes waver, itsingsa mysteriously 
OG 076/094 @ soothing melody thatlullsits enemiestosleep. 
T2025 Pokémon / Nintendo / Creatures / GAME FREAK - 7"
842,Wigglytuff,"GSTAGET/\ p ye 
fs, Me. me 9 Wea \ kK) UE Wei 
RR Round A0x 
| This attack does 40 damage for each of your Pokémon in 
play that has the Round attack. 
KG Seismic Toss 100 
vouu@x2 leuaal gtr OQ 
Illus. En Morikura Ithas avery fine fur. Take care not to make it angry, 
OG 077/004 + or it may inflate steadily and hit with a body slam. 
(9762025 Pokemon Nintendo / reatures/ GAME FREAK Il"
843,Aipom,"BASIC ° 7 é 
Ween Gow ir, = jl 
yj (COR Syrtectttl 
williast nin 
\ serine RCP me 
Ww Astonish 20 
Choose a random card from your opponent's hand, and 
| your opponent reveals that card and shuffles it into 
| their deck. 
weakness @ x2 | reslveance 2 Pra) 
Illes. Saboteri Itlives atop tall trees. When leaping from branch 
0G 078/094 @ tobranch, it deftly uses its tail for balance. 
1©2025 Pokémon / Nintendo /reatures/ GAME FREAK"
844,Ambipom,"STAGE], ° } 
2 Ambipom ew llO&) 
z Go 4 A @ Ww 
1 ob) Slap 50 
| GROWGkK) —- Dual Tail 
Discard 2 Energy from this Pokémon, and this attack does 
60 damage to each of 2 of your opponent’s Pokémon. (Don’t 
apply Weakness and Resistance for Benched Pokémon.) 
weakness @) x2 | resistance Ae vereat ® 
Mus. hnel They live on large trees. They are said to communicate 
(GHD 079/004 oe by connecting their tails to those of others."
845,Smeargle,"BASIC ] 
Smeargle 80 0 : 
G4 ams 
ea | Ss ~ Op Ny 
aw” Energizing Sketch 
Flip 3 coins. Attach an amount of Basic Energy up to the 
number of heads from your discard pile to your Benched 
Pokémon in any way you like. 
oR ok) Hook 40 
weakness @) x2 | resistance aA retreat OB) 7 
Illus. REND Once a Smeargle reaches adulthood, it will have other / 
OG 080/094 @ members of its species leave paw prints on its back. j"
846,Zigzagoon,"Zigzagoon w70 0) 
%, i Poy Zig Zod 
| = DID SHS 
| P PS “sf s 
NO..0263._Tiny Raccoon Pokemon. HT:.1'4""_WT: 38.6 Ibs. a 
ob Surprise Attack 30 
Flip a coin. If tails, this attack does nothing. 
weakness @) x2 | resistance aA retreat OB) 7 
Illus. Dsuke APokémon with abundant curiosity. Itshowsan | 
ig} GD 081/002 @ interest in everything, so it always zigzags. j 
oe ©2025 Pokémon / Nintendo/ Creatures / GAME FREAK a"
847,Linoone,"GSTAGE)], ° 
== Linoone yw 100% 
Sa IGEN E )) \ ales, 
EF pyaghNe yd 4 
ws Se By 
o LAD TS Wh.’ \ 
NO..0264_ Rushing Pokemon. HT: 18"" WT: 7.1.7 Ibs. y~ 
GED Excited Dash 
Once during your turn, if this Pokémon is on your Bench, 
and if you have any Mega Evolution Pokémon @X in play, 
you may use this Ability. Switch this Pokémon with your 
Active Pokémon. 
ok) Slash 70 
weakness @) x2 | resistance > retreat OK 
tee oss Ituses its explosive speed and razor-sharp 
i claws to bring down prey. Running alon; 
OG 082/094 @ sMiadiag paths not its sHBERSLE j 
) 2025 Pokémon / Nintendo Creatures / GAME FREAK"
848,Buneary,"GBASIC/” 7 
Buneary wT ® 
Sea a Ch we 
Pane) ae u OY Wii 
ie OE 
Sage) s< ES aiid 
HUN ot OS \\ po pe : 
® Run Around 
| Switch this Pokémon with | of your Benched Pokémon. 
| PH Kick 20 
{ ieee A a ae He 
weakness @ x2 | resistance aA retreat ® 
Buneary can attack by rolling up their ears and then 
fas! tere striking with the force created by unrolling them. 
OG 083/094 @ __ This attack becomes stronger with training. 
""T62025 Pokemon Nintendo / Creatures / GAME FREAK"
849,Mega Lopunny ex,"STAGE), d 
< Mega Lopumiy GX gn 330 *) 
& Evolves fromBunear (S pap ammma 
x Gale Thrust 60+ 
If this Pokémon moved from your Bench to the Active Spot 
this turn, this attack:does 170 more damage. Hi 
KK Spiky Hopper 160 = 
This attack’s damage isn’t affected by any effects on your J 
opponent's Active Pokémon. 
Weakness Fr) x2 |\resistance retreat (OK) 
Milzs\ Sben,Grophics Se nto a sagt eat P) 
) Pca 004 te palmer"
850,Wurmple,"BASIC, 
Wurmple 008 
tte vw Wy 
ye) UA 
NO. 0265. Worm Pokemon. HT:.1WT:.7.9 Ibs. vA 
©) Bug Bite 20 
weakness @ x2 | resistance iA retreat 
Illus. USGMEN Itloves to eat leaves. Ifitis attacked by a Starly, 
(i) 011/217 @ itwill defend itself with its spiked rear. 
(02026 Pokémon / Nintendo / Creatures / GAME FREAK"
851,Silcoon,"“Silcoon 4 wA® 
i SS / ae “fil 
oe, j iy ge 
aed oe Ow 
i 7, ve ore e 
NO. 0266 Cocoon Pokemon HT: 2'_WT: 22 Ibs. rr 
@IE®D Multiplying Cocoon 
| Once during your turn, when you play this Pokémon from 
| your hand to evolve | of your Pokémon, you may use this 
| Ability. Search your deck for a Silcoon or a Cascoon and 
| put it onto your Bench. Then, shuffle your deck. 
() Tackle 30 
weakness @ x2 | resistance oA retreat KKK 
Iles. Eri Yamaki Itwraps silk around the branches of a tree. It drinks 
iD )(asca 012/217 @ rainwater on its silk while awaiting evolution. 
a (©2026 Pokémon / Nintendo / Creatures / GAME FREAK _"
852,Beautifly,"i, Beautifly AA 130@ 
ee (as SS sa 
NO..0267. Butterfly Pokémon. HT: 3'3""_WT:.62.6 lbs. 
@ Stun Spore 40 
Flip a coin. If heads, your opponent’s Active Pokémon is 
now Paralyzed. 
@ Energy Straw 80x 
Your opponent reveals their hand, and this attack does 
| 80 damage for each Energy card you find there. 
weakness @) x2 | resistance oA retreat OK j 
Mus. Narumi Sato Vibrantly patterned wings are its prominent feature. 
iD )(asca 013/217. # Itsucks sweet flower nectar with its long mouth. 
©2026 Pokémon / Nintendo / Creatures / GAME FREAK Z"
853,Cascoon,"EA / wae 
@ Trading Places 
Switch this Pokémon with | of your Benched Pokémon. 
weakness @) x2 | resistance oA retreat OK KK) 
Mus. June Its body, which is made of soft silk, hardens over 
iD )(asca 014/217@ time. When cracks appear, evolution is near."
854,Dustox,"STAGES, wy i\ 
co ee 
‘INE aS i. pio 
ANS wy aw, — 
“USS WD ee : a4 
ne Ey ae 
Dyasca"
855,Entei,"Entei w 408 
Lg tet ee 
a. KC of > SE 
Oe Flare Fall 30+ 
If you have at least 4 #& Energy in play, this attack does 
90 more damage. 
weakness @ XQ resistance A retreat KKK 
lus. Kazumasa Yasukuni A Pokémon that races across the land. It is said that 
Dy ascu 025/217 « oneis born every time anew volcano appears. 
""©2026 Pokémon / Nintendo / Creatures / GAME FREAK"
856,Numel,"Numel > 808 
pal acer a : it | 
If this Pokémon is in the Active Spot and is damaged by an 
attack from your opponent's Pokémon (even if this Pokémon 
is Knocked Out), the Attacking Pokémon is now Burned. 
Ox Combustion 20 
weakness @ XQ resistance A retreat KKK 
af The magmain its body reaches 
gies Oubeshs 2,200 degrees Fahrenheit. Its hump gets 
(\)(CSS5) 027/217 © smaller when it uses Fire-type moves. 
©2026 Pokémon / Nintendo / Creatures / GAME FREAK"
857,Camerupt,"= -“Camerupt 7wl40@ 
Pee ~Or an 4 
NiGaGddEositiondokmoneliiusiadelbGiudatlos 4 
& Roasting Burn 110 
If your opponent's Active Pokémon isn’t Burned, this attack 
does nothing. 
Discard 2 Energy from this Pokémon. 
weakness @ XQ resistance oA retreat OK KOK 
Illus. Minchamu ‘The volcanoes on its back have a major eruption every 
Dascai) 028/217 @ 10 years—or whenever it becomes really angry. 
""©2026 Pokémon / Nintendo / Creatures / GAME FREAK. r"
858,Psyduck,"Psyduck ——— w/0@® 
pnts 1 nes, AL Be < \ 
Poe Se 
; wg oP IN =« AS SZ 
| 2D Damp 
Pokémon in play (both yours and your opponent’s) lose any 
| Ability that requires the Pokémon using it to Knock Out 
| itself. 
weakness 4 XQ | resistance Dak retreat > 
5 Itis constant! ked by aheadache, 
is: re ex oo ee 
| (G58) 038/277 © begins using mysterious powers. 
— 62026 Pokémon / Nintendo / Creatures / GAME FREAK."
859,Golduck,"CREP Pee ann Ba) 
; ieee Fl = 
—_ S c cal - be ae | 
Sy? i a \ cH 4 Gia) 
' Pokémon in play (both yours and your opponent's) lose any 
| Ability that requires the Pokémon using it to Knock Out 
| itself. 
] This attack does 20 more damage for each @ Energy 
| attached to this Pokémon. 
weakness 4 XQ | resistance ad retreat > | 
Mes. Jiro Sasumo When it swims at full speed sing its long, webbed 
| Diascu)} 040/217 @ Jimbs, its forehead somehow begins to glow. 
L 2026 Pokémon Nintendo /Ceatures/ GAME FREAK ’"
860,Snorunt,"Snorunt 7a w70@ 
. seat z a ' 
“if amy) 3 
CY) Chilly 10 
weakness ® XQ resistance AE retreat OK | 
les. Wintr Wander In some snowy lands, certain folklore saysa 
| Disco} 046/217 @ : house will prosperifaSnoruntlivesthere:"
861,Mega Froslass ex,"pia ealbroslass(©,@ 3106) 
/ Evolves from Snorunt. RS 
Be «. T aint < 
~_ Oppons \ 
\ been id 
Mega pee ex rule ge ‘your Mega Evolution ) ») 
Dy ne"
862,N's Vanillite,"BASIC one. RE j 
<2'Nanillite ~~ »6O® 
os al’ ae ae ae 
Vor Nome 2 i | 
; bd Call for Family 
| Search your deck for up to 2 Basic Pokémon and put them 
onto your Bench. Then, shuffle your deck. 
@O* Icy Snow 20"
863,N's Vanillish,"aL ile: \S 
tee’ of \ 
a Flop 20 
|@x*»* Sheer Cold 60 
ik During your opponent’s next turn, the Defending Pokémon 
fi can’t use attacks. |"
864,N's Vanilluxe,"STAGE, s ° Dp >» 
gee n’s Vanilluxe 4w 1500 
NO..0584. Snowstorm Pokemon. HTs.4'3""..W:.126.8 lbs. Aa Z| 
| 2) 2k) Snow Coating 
Double the number of damage counters on each of your 
opponent’s Pokémon. 
(@©x** Blizzard 120 
|) This attack also does 10 damage to each of your opponent’s 
+) Benched Pokémon. (Don’t apply Weakness and Resistance 
| for Benched Pokémon.) 
weakness @ x _resistance TD Arctreat KK 
os Ifboth heads get angry simultaneously, 
ples eee this Pokémon expels a blizzard fromits 
Dascal horn, burying everythingin snow. 
(62026 Pokémon / Nintendo / Creatures / GAME FREAK"
865,Snom,"Snom y w90®@ 
i y INA""! 
er ae eH” YW 
| CY Icicle 20 
sc alll aa oes 
Weakness XQ resistance E ae retreat ok. 
Ms tech a 3 ee 
(GEE osave1z@ ———_—thisatnpfiedairtocreateiicle-like spikes. 
""©2026 Pokémon / Nintendo / Creatures GAME FREAK."
866,Frosmoth,"STAGE], ee y) 
== Frosmoth 7wlld@ 
(2 PTE ES 
Ge _N0..0873.Frost.oth Pokemon HT 43° W92.6 15g 
Alluring Wings 
Once during your turn, if this Pokémon is in the Active 
Spot, you may use this Ability. Each player draws a card. 
O6 Cold Cyclone 90 
| Move a @ Energy from this Pokémon to | of your Benched 
Pokémon. 
weakness XQ resistance F, retreat KK 
Itcauses blizzards asit flies around with 
ples neat itshuge, chill-eanating wings, Clean 
{) 053/217 @ meltwater is its Porte hide todrink. 
__ ©2026 Pokémon / Nintendo / Creatures / GAME FREAK zs"
867,Glastrier,"BASIC .. ae 7 
Glastrier wl30@ 
aes aba! eY 42 eI 
Cy Ice Shot 20 
This attack also does 20 damage to | of your opponent's 
Benched Pokémon. (Don’t apply Weakness and Resistance 
| for Benched Pokémon.) 
| @©@@ _ Frosty Typhoon 130 
During your next turn, this Pokémon can’t use Frosty 
| Typhoon. 
weakness XQ | resistance F, retreat > OK. 
Glastrier emits intense cold from its 
ples i hooves. It'salsoa belligerent Pokémon— 
Diascw) 054/217 @ anything it wants, it takes by force. 
©2026 Pokémon / Nintendo / Creatures / GAME FREAK. i"
868,Mega Eelektross ex,"STAGE, 
Maga Edleiros CGN 350 7 
&, Evolves from Eelektrik - S ehagezevolved formed 
YY PA 
a) Aa» A 
BE Split Bomb 
""This attack does 60 damage to each of 2 of your opponent’s ~ 
Pokémon. (Don’t apply Weakness and Resistance for Benched | 
Pokémon.) 
444, Disaster Shock 190 
You may discard 2 7 Energy from this Pokémon and make 
your opponent's Active Pokémon Paralyzed. 
weakness @®) xiQ_| resistance gfe od 
nf ese Evolution €X rule gj, ny oie EChUGr) »)"
869,Stunfisk,"25 Stunfisk wllOF 
| Racers | co. * Miele Gy i) 
cA) Pouncing Trap 30 
During your opponent's next turn, the Defending Pokémon 
_ can’t retreat. During your next turn, the Defending Pokémon 
takes 100 more damage from attacks (after applying Weakness 
and Resistance). 
‘| weakness @) x2 | resistance aA retreat OK 
f Illus. Tetsu Kayama Itconceals itself in the mud of the seashore. Then it j 
(1) CSS 062/217 @ waits. When prey touch it, itdeliversajolt ofelectricity."
870,Helioptile,"seer Helioptile s 704) 
aX Zap Kick 30 
Iles, Tike Matsuno The frills on eitherside of its head have cells that 
(GSS) 063/217 © i generate electricity when pied tosunlight."
871,Heliolisk,"= Heliolisk ywl204 
oe ss /? hi shew 
De f Pee SF ¥ 
e NO..0695__ Generator Pokemon. HT: 3'3""_WT: 46.3 lbs. we 
| @ETE®D Frilled Generator 
| Once during your turn, if you played Canari from your 
hand this turn, you may use this Ability. Search your deck 
for up to 2 Basic 4 Energy cards and attach them to this 
_ Pokémon. Then, shuffle your deck. 
(4x*%* Powerful Bolt 70x 
Flip a coin for each Energy attached to this Pokémon. This 
attack does 70 damage for each heads. 
weakness @ x2 | resistance A retreat ; 
Bihey fare ther fillsand generate energya | 
pS Asingle Heliolisk can generate sufficient 
(GSD 064/217 « ‘ electricity to poweraskyscraper. _ 
4 {©2026 Pokémon Nintendo / Creatures / GAME FREAK Z :"
872,Tapu Koko,"GBASIC } 
| Tapu Koko w 1204) 
We Ay ‘a 
BE BY 
SS SNS y y 4 
NO. 0785__Land Spirit Pokemon. HT: 5'1.1""_WT. 45.2 Ibs. y 
Z Fast Flight 
If you go first, you can use this attack during your first turn. 
Discard your hand and draw 5 cards. 
| 44% — Thunder Blast 130 
Discard 2 Energy from this Pokémon. 
| weakness @ x2 | resistance eG wetreat 
| : g Although it’s called a guardian deity, ifa 
Mlus. Anesaki Dynamic ‘ : , 
person or Pokémon putsit inabad mood, it 
(G88 067/217 * willbecomea malevolent deity andattack."
873,Team Rocket's Exeggcute,"BASIC ey AF 
Basic ’ 
3 Team Rocket's Exeggcute 00) © 
e Ss MN 
© Focused Wish 10+ 
|| Flip a coin. If heads, this attack does 20 more damage. 
Weakness @) x2 resistance GH) —3Q cect retreat > a 
Illus. Gopao Using telepathy only fellow Exeggcute can pick: 
(\) 077/217 @ up on, they always form a cluster of six. 
£62026 Pokémon / Nintendo / Creatures /GAME FREAK i"
874,Team Rocket's Exeggutor,"STAGE], ‘s ae JEG N 
Team Rocket’s Exeggutor Aw 140 © 
| Ko) Tri Kinesis 
|) Flip 3 coins. If all of them are heads, Knock Out | of your 
| opponent’s Pokémon. 
©* * Double-Edge 150 
| This Pokémon also does 30 damage to itself. 
Rion Ox2 | resistance (B)=9Q. eC retreat 3k OK OK 
Ilys. Ryuta Fuse ItisSaid that on rare occasions, one of its heads 
Diascal will drop offand continue on as an Exeggeute, 
©2026 Pokémon / Nintendo / Creatures / GAME FREAK 7"
875,Misdreavus,"BASIC, . y > 
ELEUS 5 
=— Misdreavus w00 © 
e gor"" © 
INO..0200. Screech Pokemon. HT: 2’4""WIT:.2.2 Ibs. ra 
© Ascension 
| Search your deck for a card that evolves from this Pokémon 
and put it onto this Pokémon to evolve it. Then, shuffle 
| your deck. 
Weakness @) x2 resistance ()-3Q) ext retreat 
| les. Kazuhisa Uragami Itloves to bite and yank people's hair from behind: 
{1) 085/217 @ without warning, just to see their shocked reactions. 
©2026 Pokémon / Nintendo / Creatures / GAME FREAK 7"
876,Mismagius,"= Mismagius vwlld® 
BNO a ec lI) cee 
2 Seat ee. / a ee ci 
: ba cay / K< a. ae 
| ah, eae é. \ Be 
ioags : a 
| © *) Assassin’s Magic 60 
} | 'fyour opponent's Active Pokémon is affected by a Special 
|| Condition, place 6 damage counters on | of your 
| opponent's Benched Pokémon. 
= | resistance @B)=GQ ne retret kK 
Ils. nisimono Its cries sound like incantations to torment the 
Diasca 086/217-4¢ foe. Itappears where you leastexpectit. | 
©2026 Pokémon / Nintendo / Creatures / GAME FREAK ia a"
877,Rotom,"BASIGy4 wm ae yy ~ 
Se FS id 
| LAD We \ el BS AR Suik 
A NO..0479..Plasma Pokémon. HT:.1...WE,0.7.Ibs. Aj 
| ok Roto Call 
| You may search your deck for any number of Pokémon 
|) that have “Rotom” in their name and put them onto your 
| Bench. Then, shuffle your deck. 
fh >) Gadget Show 30x 
| This attack does 30 damage for each Pokémon Tool 
/ attached to all of your Pokémon. 
RaonOx2 | resistance ()=3Q ec retreat >k 
Hus. mingo Research continues on this Pokémon, which 
t Diasca 092/217 © could be the power source of a unique motor. 
©2026 Pokémon / Nintendo / Creatures / GAME FREAK 7"
878,Hop's Phantump,"BASIC, 4 » 
Basic“ 5 
Hop’s Phantump w70 © 
BS Th Wan e 
<P Sao as, oes - 
(ieee ea 
pe GES 
panera Ee: ae 
aCe, Yee a Ge 
ie alls glial 
NNO..0708..Stump.Pokémon. HTi14..WI:.15.4:Ibs.. LN 5 | 
go NE OPE Sia Pe 
1k Splashing Dodge 10 
| Flip a coin. If heads, during your opponent’s next turn, 
| prevent all damage from and effects of attacks done to this 
| Pokémon. 
[Weakness XQ | resistance GH=GQ ae retreat ok OK 
isi According to old tales, these Pokémon are 
eee re stumps possessed by the spirits of children 
(ESS) 095/217 © who died while lost inthe forest. 
{©2026 Pokémon / Nintendo / Creatures / GAME FREAK."
879,Hop's Trevenant,"STAGE], Tine IEG 
aC 09’ Trevenant “~.140© 
id cA S bd 
Le eT AS 
ie i v VEZ P 
Sey if tp / 
fe NO..0709. Elder. Tree. Pokémon sHTi.4:1.1.2..WT:s156.5.1Ds, L\ y JN 
x Horrifying Revenge 30+ 
| If any of your Hop’s Pokémon were Knocked Out by damage 
1) from an attack during your opponent's last turn, this attack 
|} does more damage. 
i does 100 damag 
| During your opponent's next turn, the Defending Pokémon 
| | can’t retreat. 
= | resistance @B)=GQ ne retret kK 
Using its roots asa nervous system, it 
pe motors, controls the trees in the forest. It’skind to 
(GSS) 096/217 the Pokémon that residein its body. 
©2026 Pokémon / Nintendo / Creatures / GAME FREAK a"
880,Spectrier,"CBASIC~den es eee anna 
— Spectrier -wl20© 
| eRe sme * 
a NO. 0897. Swift Horse Pokémon. HT: 6'7""_WT:.98.1. Ibs. “4 
i) Spooky Shot 30 
'©©x — Phantasmal Barrage 
Discard all Energy from this Pokémon and place 12 damage 
counters on | of your opponent's Pokémon. 
‘Weakness @) XQ | resistance G-GOQ et retreat 3K jj 
ee é Itprobes its surroundings with all its senses save_ 
Be eivei pert ‘one—it doesn’t use its sense of sight. Spectrier’s 
(GEE 098/217 & ———__kicksare said to separate soul from: 
_ (©2026 Pokémon / Nintendo / Creatures / GAME FREAK J ;"
881,Team Rocket's Diglett,"EZEUS 7 y 
BEE Team Rocket’s Diglett y w0 
N / {Saw « ay Ly uy 
Til 2 a 
Z ss 0.0050. Mole Foktmans HT. Scsbfi Si A WS 
) Relentless Burrowing 
| Flip a coin until you get tails. For each heads, discard the 
|| top card of your opponent's deck. 
“weakness @)X 2 resistance Ararat Ok el 
| Illus. Yoriko Akase fSOnicea hin iti exposed tolignnte | 
| (GS 100/217 & noe a DiC es eee ro sraicak"
882,Team Rocket's Dugtrio,"STAGE), fy (ii 
( A ) olves from Team Rocket's Diglett __ 7 
owe VA 4 
i \ r v Co 
é f wa x 
162026 Pokémon / Nintendo / Creatures / GAME FREAK"
883,Meditite,"=< Meditite- mak) 
— Ss) ee 
OK Collect 
] / Draw a card. 
! c) Gentle Slap 10 
weakness © x2 | resistance a vetreat K 
Mus, Lee HyunJung ~ Itmeditates in order to build up its mental 
EES toaster a a"
884,Medicham,"yr Medicham sw 120 
eS SF e > iF 
by BS 
dj x SH} 
Ae Be FA 
Vs “4 ZA EZ at 
1NO.0308. Mecitte Pokemon Hd. 69. bs ~— 
@ Seventh Kick 150 
| If you don’t have exactly 7 cards in your hand, this attack 
|) does nothing. 
weakness ©) XQ | resistance A retreat K 
Illus. GIDORA Through yogatraining, it gained the psychic 
Dasca 104/217 @ power to predict its foe’s movements. 
r {©2026 Pokémon / Nintendo / Creatures / GAME FREAK"
885,Pancham,"Pancham 0B 
| is WY SE | 
y 1NO.0674. Playful okemon. ti: 2 17.6 bs ~~ 
ok) Reckless Charge 20 
| This Pokémon also does 10 damage to itself. 
weakness ©) XQ. resistance A retreat KK 
Mlus. Minato Itdoes its level best to glare and pull a scary face, 
Dasca 115/217 @ butit can’thelp grinning ifanyone pats its head. 
{©2026 Pokémon / Nintendo / Creatures / GAME FREAK"
886,Mega Hawlucha ex,"_ & Ability acious Bod: 
x) resistance ge x 
b> les. Stan Crops eee } 
S [i \Geaniimers ie Ome ties rarer es 
AS 162026 Pokémon / Nintendo / Creatures / GAME FREAK a _ 7"
887,Rolycoly,"BASIC > (aii 
NO. 0837 Coal Pokemon. HT: 1).W1T:.26.5 Ibs. 
@ j ft KOK 
OD asca) 
102026 Pokémon Nintendo / Creatures GAME FREAK"
888,Carkol,"STAGE], "" ol 
f Evolves from Rolycoly . a "" 
@ j A KOK 
(©2026 Pokémon Nintendo / Creatures / GAME FREAK"
889,Coalossal,"STAGES, yj 
i & i a. —_ fc Te Us 
a Canno 
@ j ft KKK 
OD Ascoy)"
890,Okidogi,"BASIC, | f) (ail 
¥\ VL ie we 
4 page 
Ma NO..1014.Retainec Pokémon. HT, 5:1.1.WT,203.3bs, » 
® j ft KOK 
162026 Pokémon Mintendo/ Creatures GAME FREAK"
891,Team Rocket's Honchkrow,"STAGE] Paid an 
|< TeamRocket’s Honchkrow, 130 © 
TRSIGABeGES aes REE eT ali 
OK)OK) Rocket Feathers 60x 
You may discard any number of Supporter cards that have 
“Team Rocket” in their name from your hand, and this 
attack does 60 damage for each card you discarded in 
this way. BE & 
© €3e3 Hammer In 100 
weakness €9x‘Q | resistance ©} -30 _-~ retreat €% 
lus. hnel Asingle cry from this nocturnal Pokémon, and more 
OSC) 137/317 & than 100 of its Murkrow éronies will assemble. 
162026 Pokémon / Nintendo / Creatures / GAME FREAK"
892,Galarian Zigzagoon,"BASIC . ) 
Galarian Zigzagoon w70 
{ cs ts 
Sal’ RING ae 
fe ra 
1NO..0263 .Tiny-Raccoon Pokémon sHi.1:4W/38.6 Ibs : 
weakness ©) x2 | resistance A retreat 9 
Its restlessness has it constantly running around 
Mugeipsore Ifitsees another Pokémon, itwill purposely 
0 130/217 @ runinto them in orderto starta fight."
893,Galarian Linoone,"STAGE], Fe ° yey 
> Galarian Linoone w9O & 
olves from ianzigzagoon - = 
ie DS) (A 
OX Claw Slash 50 
weakness @) x2 | resistance A, retreat (969 
Ituses its long tongue to taunt opponents. Once 
Mlusellomowake the opposition is enraged, this Pokémon hurls 
o 131/217 @ itself at the opponent, tackling them forcefully. 
162026 Fokéinon/ Nintendo / Creatures GAME FREAK"
894,Galarian Obstagoon,"(STAGED, or — ) 
—— Galarian Obstagoon ay, CO) 
: - NO. 0862. Blocking Pokemon HT: 5'3""_WT:.101.4 Ibs. ay 
OES Scarring Shout 70x 
This attack does 70 damage for each damage counter on 
your opponent's Active Pokémon. 
©G@63 PunkSmash ——‘160 
Discard an Energy from this Pokémon. % : 
weakness (©) x2 | resistance A” retreat 6969 
Its voice is staggering in volume. Obstagoon 
upaDeuke: has atendency to take ona threatening posture 
O ASC) 32/217 and shout— this move is known as Obstruct. 
162026 Pokémon / Nintendo / Creatures / GAME FREAK"
895,Scraggy,"_Scraggy #80 © 
| Vil Cy SS \ RS 
== jy eo Ne W 
. orm Ng 4 
URI mit \2 f « 
NO..0559_ Shedding Pokemon. HT: 2°_WT: 26 Ibs. 
O° Knock Off 20 
Discard a random card from your opponent's ban 
: & eae ge si 
Bie Bes ks ao = Ea, 
pe Se SE RRS in Se 
weakness (©) x2 | resistance A, retreat (969 
Mls. Shimaris Yukichi Its skin has a rubbery elasticity, soit can reduce 
fi] Waa/bi7 © damage by defensively pulling its skin up to its neck. 
162026 Pokémon / Nintendo / Creatures / GAME FREAK"
896,Mega Scrafty ex,"OEP Mega Scrafty O° Pu330O 
(i & \ Evolyes from Sctagg _ Fine! 
is Pokémon is inthe Active Spot and is dammed by any 
__\\ attack from your opponent's Pe kémon (even if this Pokémor ay 
~~ \\is Knocked Out), place 5 damage counters on the Attackiig 
©O©€s Outlaw Leg _ 160 
Discard a random card from your opponent's hand. Discard 
the top card of your opponent's de ’ | 
weakness ©) xD | resistance “retreat 3 ' 
O/(asce 135/217) * sol Caiaidebnliniaiitetaiateey"
897,Pangoro,"STAGE), AR | , 
(<3 2 C beth diy 
CAA aie | je 
« pee O..0675, Daunting Pokemon HE 6.1) WI 299.8 bs = 
© Corkscrew Punch 40 
© ®€s Master’s Punch 80+ 
If any of your Benched Pancham have any damage counters 
on them, this attack does 120 more damage. 
weakness @) x2 | resistance A retreat €9E9ES 
We ee. Although it hasa violent temperament, it 
a ae ge won't put up with those who bully the weak. 
['] 140/217 @ It senses foes’ movements with its leaf. 
162026 Pokémon / Nintendo /reatures/ GAME FREAK"
898,Pecharunt,"gBASIC, epee On 7 
Pecharunt 80 © 
2a @) “Ee gp See 
MOn. o2 Gq. fsegS, 
« Y — Kal Cty PEL en 
NO..1025. Subjugation Pokemon. HT: WT:.0.7. lbs. 
If this Pokémon is Knocked Out by damage from an attack 
from your opponent’s Pokémon, search your deck for a 
card and put it into your hand. Then, shuffle your deck. 
© Mochi Rush 20 
During your next turn, this Pokémon’s Mochi Rush attack 
does 50 more damage (before applying Weakness and 
Resistance). 
weakness (2) x2 | resistance A” retreat & 
teres Its peach-shaped Bs ag a 
- apotent poison. It makes poisonous mochi 
o 143/217 and serves them to people and Pokémon. 
162026 Pokémon Nintendo / Creatures / GAME FREAK"
899,Pawniard,"BASIC, e Rien N 
EIS on (oS 
p= Pawniard SP 700 
A NO..0624..Sharp.Blade Pokémon. HT:1/8""..WT.22.5.1bs. i 
® Push Down 10 
| Switch out your opponent's Active Pokémon to the Bench. 
(Your opponent chooses the new Active Pokémon.) 
| weakness @ x 2 resistance @ -30, oA retreat OK ig 
| ae Any chipsin its blades would prove fatal for 
Sees Naya Oka it After each battle, itdiligently maintains its 
‘0 146/217 @ | blades using itsfavorite sharpening stone. 
(62026 Pokémon / Nintendo / Creatures / GAME FREAK"
900,Bisharp,"GSTAGE |], Bi | eae ] 
pa « - vil 
= XS Sy A 
ty eS Wa” 
Bey 7, FE = iy Sai 
Pe N ~ ; LE 
, NO..0625. Sword Blade Pokemon. HT:.5'3""_WT:.154.3 Ibs. 
H@ Rapid Draw 50 
i Draw 2 cards. 
Weakness @X2_| resistance GEG aeet retreat RL ZB 
~_ Bisharp mercilessly cuts its opponents 
Mus. Scav ge 5 PREIS Ss :S :4 
- twpieces with the sharp blades covering 
UGB t727e cle phat 
(62026 Pokemon Nintendo / Creatures GAME FREAK"
901,Kingambit,"STAGED “yy ° Ree J > 
eae | Kingambit Aw 170@ 
olves from Bisharp._ RIGS 
NO..0983._Big Blade Pokemon. HT:.6'7.""_WT:.264.6 Ibs. 
| @LTED Supreme Overlord 
i Attacks used by this Pokémon do 30 more damage to your 
|) opponent’s Active Pokémon for each Prize card your 
| opponent has taken (before applying Weakness and 
| Resistance). 
1@@ Double-Edged Slash 180 
This Pokémon also does 50 damage to itself. 
“Weakness @ XQ | resistance 30 pet retreat RAK 
i ""Though it commands a massive army in battle, 
pieiteesro Gtsnotskilled at devising complex strategies. 
0) 148/217 & _ Itfust uses brutestrength to keep pushing. 
©2026 Pokémon / Nintendo /Creatuces/ GAME FREAK."
902,Dratini,"GBASIC, ee Re ] 
ga Dratini goa 80 
ee 7s A 
lyase Aco 
‘Ne s se | 
anole i 
(O77 Headbutt 30 
(USS) s507217 @ ay nets atenzrows steadily large 
| * 206 Fokimon/ rte Crests GAME FREAK :"
903,Dragonair,"STAGE] ° _. eaaliente )) 
a Dragonair illl/.100@ 
\ oO fei y Bi ie Bh | be ete 
| Ae ety i} t ae fi ‘ail f} 
ll tiigeol) 2B) bean ane af. 
NO..0148.,Dragon.Pokémon..HT:.13/1.""WI:.36.4 bs. re 
@E® Evolutionary Guidance 
_ Once during your turn, if this Pokémon has any Energy 
attached, you may use this Ability. Search your deck for an 
~ Evolution Pokémon, reveal it, and put it into your hand. 
|. Then, shuffle your deck. 
Cia Tail Snap 60 
» zy ""©2026 Pokémon Nintendo /Creatures/ GAME FREAK <—"
904,Mega Dragonite ex,"‘STAGE, ) » C 
=< MenDragultxex A370 © 
Once during your turn, you may use this Ability. Switch 
your Active Pokémon with | of your Benched Pokémon. > 
©% 4% Ryuno Glide 330 y 
Discard 2 Energy from this Pokémon. J 
weakness | resistance aie treat KK 
lillussrakyiEG Works. ey na En) eee ox la aa te isa )) 
©2026 Pokémon / Nintendo"
905,Rayquaza,"lo 4g SOK. 7 
i. KW Oe” BS 
a ee Gn = Aa, = 
FN hai 
| 4 x) Breakthrough Assault 20+ 
_ If this Pokémon moved from your Bench to the Active Spot 
Hl this turn, this attack does 90 more damage. 
@** Dragon Claw 130 
‘Weakness “resistance a retreat Ok a 
- nagimiso ___Itlivesin the ozone layer far above the clouc 
(JS) 7537217 x “ee oo ane cannot beseen pom ween"
906,N's Zekrom,"BASIC, id 7 
VA ee 
Yay} es ONS Ne 
J SES 
ju a= S Ry 
Ww Oe 
NO...0644...Deep Black.Pokémon..HT:,9'6"".. WI:.760.6 Ibs. ww iN 
a This attack’s damage isn’t affected by any effects on your 
| opponent’s Active Pokémon. 
\@4 4 * RampagingThunder 250 
rE During your next turn, this Pokémon can’t use attacks. 
weakness resistance 3 fe retreat OK | 
<B > When the interior part of its tail spins like 
Illes, AKIRA EGAWA -~ amotor, Zekrom can generate many Sela 
(1) 155/217 oflightning to blast its surroundings. 
(©2026 Pokémon / Nintendo / Creatures /GAME FREAK"
907,Noibat,"BASIC = 4 
) Nae ee V vn 
Af Sy. - . Sy 
— NO..0714 Sound. Wave Pokemon. HT: 18."" _WT:.17.6 Ibs. 
* Knickknack Carrying 
Ee SE ae &s 
Dasca) 
Dee i Newrce conie [cane rene"
908,Noivern,"STAGE], ° Se 7 
Be Noivern “wv 120@ 
Wa) es a 
bok Agility 40 
\ Flip a coin. If heads, during your opponent’s next turn, 
prevent all damage from and effects of attacks done to this 
| Pokémon. 
6©@ Enhanced Blade 70+ 
If this Pokémon has a Pokémon Tool attached, this attack 
) does 70 more damage. 
“weakness | resistance mo e | 
[les NetumiMiynose and caresspe tina 
(J(CS8) 7577217 @ : beatthem ina battle in the dark. 
2026 Pokémon / Nintendo / Creatures / GAME FREAK -"
909,Erika's Oddish,"GBASIC,4 . Za 
Erika’s Oddish w60 @ 
eee es or v. 
@ Reckless Charge 30 
This Pokémon also does 10 damage to itself. 
weakness @ x2 | resistance A retreat OK 
Mus. Yoriyuki Ikegami When itis woken by moonlight, it wanders about. 
001/217 @ But during the day, it stays still underground."
910,Erika's Gloom,"STAGE|], j ; ioe ae wZ ) 
=< Erikas Gloom He eg 7 »90 @ 
7, ye : im X Filan 
ALD —_ bd 
Ox Poison Spray 50 
_| Your opponent's Active Pokémon is now Poisoned. 
weakness @) x2 | resistance _ <A retreat >) , 
|e, MARINA Chikoxewa = secretesasticky drool-like nectar. hough 
- y ©2026 Pokémon / Nintendo / Creatures / GAME FREAK Z_"
911,Erika's Vileplume ex,"ee CY A310€ 
a o < aye 
ye Ability » 2 
() SSD 003/217 x Ris Knocked Gus our opponent takes 2 Prize cards."
912,Erika's Bellsprout,"5 tris Bellsprout w60@ 
@ Vine Slap 20 
Fins OD | resistance oA retreat OK j 
Pesce Even though its body is extremely skinny, 
004/217 @ itis blindingly fast when catching its prey."
913,Erika's Weepinbell,"STAGE] . 7 yr, 
= triua’s Weepinbell 7 »90@ 
I EE a SHG 
ke WY ° ©| an 
VEALED y } 5 y , 
Davart. gee TOS abi 
@x* Leafy Cyclone 70 
During your next turn, this Pokémon can’t use attacks. 
Fins OD | resistance A retreat KK j 
lus. UNNE Itspits out Poison Powder to immobilize the 
005/217. + enemy and then finishes it with a spray of acid."
914,Erika's Victreebel,"STAGES, ° ] iy, 
Erika’s Victreebel AB 150@ 
ane ye 
re nee hick §2. 950 
@x* Flower Garden Rondo 40x 
This attack does 40 damage for each of your Erika’s 
Pokémon in play. 
@@x* Solar Beam 130 
weakness @ x2 | resistance eA retreat KK) j 
Once taken into Victreebel’s body, 
ple tokashl shila PRE oictwilbemaneaias 
006/217 * nothing by the Pokémon’s acid. 
©2026 Pokémon / Nintendo / Creatures / GAME FREAK Zz"
915,Erika's Tangela,"GBASIC J 4 ) 
Erika’s Tangela A310) 3 
q AN. Aa! 
he CBRE gn SF > rd 
<=>, Soe “YW p= hy aS 
NO..01.14..Vine Pokemon .HE.3'32.W:77.2.Ibs. anil 4 
eee SSS WM 
@XTE®D Gathering of Blossoms 
Once during your turn, you may use this Ability. Search 
your deck for an Erika’s Pokémon, reveal it, and put it into 
your hand. Then, shuffle your deck. 
Flip a coin. If heads, your opponent's Active Pokémon is 
now Paralyzed. 
weakness @) x2 | resistance A retreat KK 
Hidden beneath atangle of vines that grows 
Bes DORA, nonstop even ifthe vines are torn off, this 
007/217 @ Pokémon’s true appearance remains a mystery. 
| 62026 Pokémon / Nintendo / Creatures / GAME FREAK"
916,Scyther,"BASIC oy : 
ROSE fi 
aS . Ns ve Y ine 
NO..01.23,,Mantis Pokémon sHT4 1.15 4WT:.123.5,Ibs. 
es Cut Up 10 
) Slashing Strike 60 
During your next turn, this Pokémon can’t use Slashing Strike. 
weakness @ x 2 resistance a retreat 
Illus. Dsuke ‘The sharp scythes on its forearms become 
(H) a) 001/162 increasingly sharp by cutting through hard objects."
917,Chikorita,"CBASIGC ° é Le 
Chikorita wI0@ 
a) Z a Naw Wt -_ 
w= HRY L = 
ree ay 6) asta, 
ile AN bg cs) 
om VEXRG 
EIS 0 5 ohh BI 
BO ew 
VSP NY 
*) Growl 
During your opponent's next turn, attacks used by the 
Defending Pokémon do 20 less damage (before applying 
Weakness and Resistance). 
@@ Seed Bomb 30 
weakness @ x2 | resistance 2 iA retreat 
Ilys. Kariya Asweet aroma gently watts from the leaf on its 
008/217°@ head. Itis docile and loves to soak up sun rays."
918,Bayleef,"— Bayleef — w100@ 
Y 24aa ee 
SYM ROMO i A P 
SS oe Sx ( Mos 2s 
erat nate OR “wslntes 
eT aaa ey 
Cal < eae 
. ot 2H nb 
<2 Do es 
ie “- We 
NS) Leaf Step 60 
weakness @) x2 | resistance A retreat KK 
Mlus. Tomomi Ozaki The spicy aroma emanating from around 
Gos ae its neck has an energizing effect. 
©2026 Pokémon / Nintendo / Creatures / GAME FREAK"
919,Mega Meganium ex,"Mealiegaitm@nx A360 3 
vii eet , S peepee z 
(Ay ar. 
a ' faa 
jm om id 
This attack does 50 more damage for each @ Energy 
attached to this Pokémon. 4 
weakness @xQ | resstance A geperetret 
ororzt7 x ypuimemebec ses Stree rent Se eM 
ee ec er Wa"
920,Tapu Bulu,"WY tae SS «J We 
» Ve) al S Ay ¥ 
if Ne - 
A NO.078ZaLand, Spirit PokémonsHT 6:3- 1W0is100.3 Ibs P 
ea a ""Ce"
921,Dipplin,"y See) aaa i ERR) 
) Shy Seale \ he 
pS y) <q i ASW A 
Ss MO” 
[— SS at La 
| = se NQwi0iJu.Candy. Apple Pokémon sHTishidosa\N:94ZoI0S. - fl 
©) Coated Attack 20 
During your opponent's next turn, prevent all damage done 
to this Pokémon by attacks from Basic Pokémon. 
weakness @ x 2 resistance oAietreat KKK 
oe 3 The head sticking out belongs to the fore-wyrm, 
pits, Sovichiroy Contang while the tail belongs to the core-wyrm.Thetwo 
(4) EG) 075/142 @ share oneapple and help eachother out. 
_ ©2024 Pokémon / Nintendo / Creatures / GAME FREAK"
922,Sprigatito,"GBASIC eee "" ae } 
2=Sprigatito «60 
| j y la 
NO..0906.. Grass Cat Pokemon. HT:.1'4""_ WT. 9 Ibs. 
* Tons of Treading 10x 
| Flip 3 coins. This attack does 10 damage for each heads. 
weakness @ x2 | resistance ae retreat OK) | 
WED or61590@ ——_itsfacetokeepitirom dryingout. 
. - ©2025 Pokémon / Nintendo / Creatures / GAME FREAK -"
923,Floragato,"STAGE], FI q 
=="" Floragato - w9D@ 
“i ° cate cy) a 
Oe a ys , ieee arn 
ee ON tae | 
sed Magical Leaf 30+ 
| Flip a coin. If heads, this attack does 30 more damage, and 
heal 30 damage from this Pokémon. 
weakness @x2Q | resistance 4 retreat > 
= Floragato deftly wields the vine hidden 
pibetelida, Cres beneath its long fur, slamming the hard 
| GED) 017/159 © flower bud against its opponents. _ 
\ L ©2025 Pokémon / Nintendo / Creatures / GAME FREAK"
924,Meowscarada,"STAGE 2A y 
=== Meowscarada 4.1608 
\ Evolves from Floragato 
NY z tY/ 
ea"" A a 
fa b oo . 
| O%ane 
: nae Bi — 
@ NO...0908.. Magician Pokemon. HT:.41.1.""..WT:68.8 Ibs, eal 
ciliate 
Once during your turn, if this Pokémon is on your Bench, 
you may switch it with your Active Pokémon. 
i) ok Rising Bloom 90+ 
If your opponent's Active Pokémon is a Pokémon @X,, this 
attack does 90 more damage. 
This Pokémon uses the reflective fur lining 
Mus. kedama z z 
its cape to camouflage the stem of its flower, 
(GED) 018/159 x creating the illusion that the flower is floating. 
(62025 Pokémon / Nintendo / Creatures / GAME FREAK"
925,Capsakid,"GBASIC ae A F y ) 
=Capsakid ”..70@ 
Ny aX i, fairs! == 
» Cy ee ae 
NO..0951.. Spicy, Pepper Pokémon..HTi.1'. W.6.6.1bs. 
>) >) Headbutt Bounce 20 
weakness @ x2 resistance retreat >) aj 
pp tls dolle Hong Se pi eke spicy becausath irises seit or"
926,Charmander,"Charmander ~ ,80@ 
mm (6 Js 
ae carmen J 
| @Q»* Fire Claws 30 
weakness @ XQ resistance A retreat OK 
Illus. Orea The flame on its tail indicates Charmander’s life 
020/217.@ force. If itis healthy, the flame burns brightly. 
©2026 Pokémon / Nintendo / Creatures / GAME FREAK"
927,Charmeleon,"¥, <Charmeleon 7100 & 
yA Satin £ > i 3 
fig id ee “ha. 
| @x* Heat Blast 50 
weakness @ x2 Peas A retreat OK 
Illus. Julie Hang It lashes about with its tail to knock down its foe. It 
021/217. then tears up the fallen opponent with sharp claws. 
""©2026 Pokémon / Nintendo / Creatures / GAME FREAK. r"
928,Mega Charizard Y ex,"STAGE 9 
“Mega Ciera VOX fr 360 & 
sy) | Evolves from Charmeleon. SS Rea Evolved omey 
] P rizard] 
Fe d RR, 
ware / 7 
Y@®* ExplosionY 
Discard 3 Energy from this Pokémon, and this attack does 
280 damage to | of your opponent’s Pokémon. (Don’t apply N 
Weakness and Resistance.for.Benched Pokémon.) 
weakness @) x2 | resistance retreat > 
iligs: aky CG) Werks, to eae xg Lussanpret tiniest )"
929,Magmar,"FQ Se 
NO...0126. Spitfire Pokemon. HT:.4'3"".WE:.98.1.Ibs. wr | 
Ox Searing Flame 30 
| Flip a coin. If heads, your opponent’s Active Pokémon is 
| now Burned. 
{©2025 Pokémon / Nintendo / Creatures / GAME FREAK"
930,Tepig,"Tepig ~ wW80@Y 
caterer J 
& Steady Firebreathing 20 
Se Sey Ba oe 
Mes, in Co eee 
029/217 e roasts berries before it eats them. 
©2026 Pokémon / Nintendo / Creatures / GAME FREAK"
931,Pignite,"STAGE |], aA Z 
ee I f _ 
Ta ad 
Yd CPT 7 Z ae 
@@* SuperSinge = 70. 
6 j A KOK 
Olasca) 
162026 Pokémon Nintendo / Creatures GAME FREAK"
932,Mega Emboar ex,"( ve. ) = Bs z ormory 
al (i sy o: PASS 
SN eo 
je. ©2026 Pokémon /Hintendo / Creatures / eZ"
933,Larvesta,"BASIC, ee J 
Larvesta wl 
gg Pe pi Zt 
Gx V8 Tt 
ie fo Se Za 
[J Fone gh 
a NO..0636. Torch, Pokémon, HT.3'7"" Wi.63.5 lbs, of” 
® * Steady Firebreathing 20 
weakness © x 2 resistance cd retreat ok Ok 
2 In ancient times, Larvesta was worshiped as the 
pits. MARINA Chikzeews, emissary of the sun, However, it was also viewed 
) (ssre) 024/191 @ asa burden since it often caused forest fires. 
F ©2024 Pokémon / Nintendo / Creatures / GAME FREAK a"
934,Centiskorch,"F “Centiskorch 4 130 
IN G bg 5 x 4 
ly: ; 3 Ps Ds 
. PP DIN ) 
e Billowing Heat Wave 130 
This attack also does 30 damage to each of your Benched 
Pokémon. (Don’t apply Weakness and Resistance for Benched 
Pokémon.) 
*)*) > Heat Blast 80 
Oey leer FZ EG 
: Whenith its bod h 
Fis Airs abot s00degreestahrenhet ashes its body 
{H) 028/191 @ like a whip and launches itself at enemies. 
© €2024 Pokémon / Nintendo / Creatures GAME FREAK"
935,Fuecoco,"CBASIGyds ae 
Say 7) - Be Gace 
JOSIE Vor, yd 4 M82 
TONS BX LAs 7a at 
$a 0 Reena 
JOU e A We pittn 
O* Heat Burn 20 
Your opponent’s Active Pokémon is now Burned. 
Wai oe ee RES 
O) (sre) kets 
: 1€2024 Pokémon Nintendo / Creatures / GAME FREAK"
936,Crocalor,"STAGE yal a 
Crocalo 110®@ 
ae } r i) a 
nae ye 
NO,0910 Fire Croc Pokémon. HT. 3'3:.WT.67,Z1bs. = 
Ox Heat Breath 30+ 
Flip a coin. If heads, this attack does 50 more damage."
937,Totodile,"GBaAsic ‘ . <> Y 
Totodile - w80® 
| eee Vi \ ie 
= j \ Va eas 
Cap) y= ye 
Red ‘ A) 
Se ee 
NO. 0158. Big Jaw Pokemon. HT:.2'_ WT: 20.9 Ibs. va 
©@ Slight Intrusion 40 
| This Pokémon also does 10 damage to itself. 
weakness 4 XQ resistance Bd retreat 
ius. REND. itis small but rough and tough. it won't hesitate 
041/217 © to take a bite out of anything that moves. 
; 7 ©2026 Pokémon / Nintendo / Creatures / GAME FREAK ;"
938,Croconaw,"GsTace], aaa ES y) 
=Croconw 4 100@ 
(66 Crunch 50 
) Flip a coin. If heads, discard an Energy from your opponent's 
~ Active Pokémon. 
“los. Felicia Chem see | hime c ane sped onegiows back in isplace."
939,Mega Feraligatr ex,"[stace=p Ros mp 
OP ANierarcraligat(©e 7 C9) 
yy Evolves from Croconawy, S Hagedorn 
ae Va & 
ea Pee 
0 asco) Gy aie se"
940,Glalie,"e STAGE J, = . ra ey sana 
G Glalie 4w120@ 
Cy Damage Beat 20x 
This attack does 20 damage for each damage counter on 
| your opponent's Active Pokémon. 
(“@** Crazy Headbutt 140 
| Discard an Energy from this Pokémon. 
weakness > XQ resistance -; retreat KK 
thus. Oko Itprevents prey from escaping by 
(h)(0} 052/167 @ instantaneously freezing moisture in the air. 
{©2024 Pokémon Nintendo / Creatures / GAME FREAK"
941,Spheal,"BASIC Se ee 
Spheal wI0G 
ae aa a we | 
a ta j 
(6 Powder Snow 10 
}) Your opponent's Active Pokémon is now Asleep. 
weakness x2 resistance ed retreat KK 
jaa This Pokémon’s body is covered in blubber 
5 eet and impressively round. It’s faster for 
(+) 043/797 @ Spheal toroll around thanwalk. 
a (©2024 Pokémon / Nintendo / Creatures / GAME FREAK"
942,Sealeo,"YF Sealeo NY --1006 
© Lunge Out 30 
©© ce Ball 60 
eo ae eee , 
lus. Mina Nakai Sealéo live on top of driftice. They go swimming when 
0) ssra) 044/191 @ ges her prev bape"
943,Walrein,"(sTace>n py ° poe oN 
5 Walrein Aw l70@ 
NO. 0365. Ice Break Pokémon. HT. 4'7""_ WT. 332. lbs. a 
CY Frigid Fangs 60 
During your opponent's next turn, Pokémon that have 2 or 
| less Energy attached can’t attack. (This includes new Pokémon 
| that come into play.) 
| ©@ Megaton Fall 170 
| This Pokémon also does 50 damage to itself. 
weakness XQ resistance Td retreat KK : 
: Walrein form herds of 20 to 30 individuals. 
lus. Minsubiaaee ‘Whena threat appears, the herd’s leader 
{H) 045/191 ® will protect the group withits life, 
E ©2024 Pokémon Nintendo / Creatures / GAME FREAK"
944,Regice ex,"as ik ; 
ok Regi Charge R 
Attach up to 2 Basic © Energy cards from your discard 
pile to this Pokémon. 
Discard 2 Energy from this Pokémon, and your opponent’s 
\ Active Pokémon is now Paralyzed. 
ric Tria KKK"
945,Froakie,"Froakie ~ w)0G 
Poe: tS ae a Ee 
A ss yi . 
@* Rain Splash 20 
weakness 4 XQ | resistance a vetveat Ok 
itsécretes flexible bubbles from its chest 
Hus MNGi and back. The bubbles reduce the damage 
(""EC 959/742 © itwould otherwise take when attacked. 
©2024 Pokémon / Nintendo / Creatures / GAME FREAK 4"
946,Cramorant,"Cramorant .»110@ 
t © Water Gun 20 
*) > = Spit Shot 
Discard all Energy from this Pokémon. This attack does 
120 damage to | of your opponent's Pokémon. (Don’t apply 
Weakness and Resistance for Benched Pokémon.) 
Peake 4%*Q resistance : Sal retreat >) 4 | 
__ t’sanineredibly poor learner b: eee, 
Hes. 8A ae re ee count ofcrcreysene | 
DMB oserse7@ brain. tfocuseson bartinginstead. 
{€2024 Pokémon Nintendo / Creatures GAME FREAK"
947,Quaxly,"BASIG// om y 
al aes 4 SS _— 
AS <7 Sf 
RS )& SER 
Bone cee Lie 
MWR : d Ss 
NO.0912., Duckling Pokémon HT:.1:8..WI-13.4.lbs.. A 
6 Aerial Ace 10+ 
| Flip a coin. If heads, this attack does 20 more damage. 
weakness 4 xD. resistance é at retreat 
if its strong legs let it easily swim around i 
pes soho even eae ree i Tikes tokesp ae 
{H) 050/191 @ tidy and is prone to overthinking things. 
{©2024 Pokémon / Nintendo / Creatures GAME FREAK"
948,Pikachu,"BASIC, . z 
Pikachu w70 a1) 
Ne oe SBR a 
ANY | Gm SKU GR oa $s 
Ea ey - ‘a Soars yd 
Sn OO 
NO. 0025. Mouse Pokémon. HT: 14"" WT..13.2 Ibs. 
4 Tail Smack 10 
Bw Tiny Bolt 30 
weakness (3) x2 | resistance retreat 
Illus. kamonabe It has small electric sacs on both its cheeks. When in 
055/217 @ a tough spot, this Pokémon discharges electricity."
949,Raichu,"STAGE)], / . vA 
pe Raichu |e 130D) 
y mm oy Y ee i § . o 
JR Bh. ie Ps 
an NON eat 
| D Quick Blow 20+ 
Flip a coin. If heads, this attack does 50 more damage. 
QDA* — Strong Volt 150 
Discard a 4 Energy from this Pokémon. 
weakness @)x‘Q | resistance A retreat x ij 
IMs. lori Suzuki Whenits electricity builds, its muscles are stimulated, 
056/217 ___anditbecomesmore aggressive than usual. 
2026 okemon Nintendo creatures GAME FREAK"
950,Magnemite,"BASIC, / e 
: Magnemite v0 
H/ 7 Ja IY f 
iW S av a 
me oN aD in 
h 1NO.0081..Magnet Pokémon. HT. WT.13.2.bs. oe 
4 Lightning Ball 20 
weakness @) x2 | resistance a retreat) j 
Hs Hesine RRO Fe lecromegrencuntel 
(hj 058/191 @ and soon from the units atts sides. 
, ©2024 Pokémon / Nintendo / Creatures / GAME FREAK"
951,Voltorb ex,"> NoltorbEx w 1704 
Pr ‘es 
ON al a ™ . 
, #0 Hundred-Hitting Ball 100+ 
Y Flip a coin until you get tails. This attack does 100 more 
Y damage for each heads. j"
952,Zapdos,"Pencic 
sale Zapdos wll0 Dy 
Lain 8 I ati 
: Wi, Ay iP 
Cee NO geg 
qe A, ae 
Week he. 
Oe a ee ay alll 
PF ORT TT A 
D* Follow-Up Bolt 20+ 
This attack does 10 more damage for each damage counter 
‘on your opponent's Active Pokémon. 
4% * — Drill Peck 80 
| Ee OE ae © 
| weakness 9) XQ resistance @—3O ex? retreat 
| ttt io eT ge alcscr2iraonrcsicg"
953,Zapdos,"CBASIC,/—=y aS » 
Zapdos 1204 
TyoOyYA i = 3 
uw 5 eae NY > 
NO..0145 Electric Pokémon. HT..5'3""_WT..1.16 Ibs. y 
4) Thunder Wave 
Flip a coin. If heads, your opponent’s Active Pokémon is 
now Paralyzed. 
42x Thunderbolt 190 
Discard all Energy from this Pokémon. 
weakness: 4) x2 | resistance @) -30, aA retreat) K 
This Pokémon has complete control over 
pits: GOSSAN electricity. There are tales of Zapdos nesting in 
| HMO 065/167 * the dark depths of pitch-black thunderclouds. 
{©2024 Pokémon / Nintendo / Creatures / GAME FREAK"
954,Luxray ex,"‘STAGE, . 
Evolves from Luxio . fe! 
wer -” Ci 
pad Fs . i Oe oY (a 3 
HK Piercing Gaze 120 4 
Your opponent reveals their hand. Discard a card you 
a find there. 3 ass ' 
[20 Volt Strike 250 
7} Discard all Energy from this Pokémon. — ® 
(5) (SIS savy niacin tc aaa 
a a {€2024 Pokémon / Nintendo / Creatures / GAME FREAK |"
955,Helioptile,"GBASIC, . +1 cae 
Helioptile 004 
Becky pint | | 
0.0594.6 erator Poke Pokgimo aN yis13.2 1 y) 
* Collect 
Draw a card. 
4 Static Shock 10 
weakness @3) x2 | resistance FO * 
Ms. Tolga Kayema ER Fog the pomerbehli 
(i) 070/167 @ f the paemen's fia moves."
956,Zeraora,"la BASIC, my _ 7 
| Zeraora 1200 
x Oy Pr! 
VS ) ees Sa 
. mW WSS a n 
ee NO..0807...Thunderclap. Pokémon bili hc WMT: 98s afl 
4) Combat Thunder 20+ 
This attack does 20 more damage for each of your 
opponent's Benched Pokémon. 
|| weakness @) x2 | resistance a retreat 
4 Illus. Anesaki Dynamic Itrunsas fastas lightning strikes, shredding 
| | (4) G20) oss/142 % its opponents with its high-voltage claws. } 
| a £2024 Foktmon/Nntendo/ Ceatures/ GAME FREAK a"
957,Miraidon ex,"a Miraidon@e 2204), 
AEE yal 
CS ed 
7-7 \f your opponent's Active | Pokémon is a Pokémon @X, this 
A attack does 120 more damage. 
Lweakness Q XQ | gesistance mer Be 
vide 5ban Graphics ad Pokémon OX rule age Utica) | 
ig yp eg is Knocked Out, your o “mt te “4 
GCN Sea ee SOUR"
958,Clefable,"STAGE], 5 Tee Vann wm 
ih Q j 
bik t J 
|) Metronome 
|] Choose | of your opponent's Active Pokémon’s attacks 
|) and use it as this attack. 
© * — Magical Shot 100 
Fas RQ | resistance TeLictreat > 
Ilus. satoma Ithasan acute sense of hearing. Itcan easily hear 
(4) (S29 075/217 @ apin being dropped nearly 1,100 yards away. | 
©2026 Pokémon / Nintendo / Creatures / GAME FREAK Z i"
959,Togepi,"pee T w50 © 
| KK) Pound 30 
Weakness XQ | resistance Tedretreat x 
Illus. Yoko Hishide The shell seems to be filled with joy. itis said that 
D)asca 080/217 @ itwill share good luck when treated kindly, 
) (©2026 Pokémon / Nintendo / Creatures /GAME FREAK _"
960,Togetic,"Gsracel, i ee, ANA) 
| i ry be PRG x 
y NOsOldGatiapsiness Gokémonaliladisblbadaduloss li 
| kK) Draining Kiss 30 
: Heal 30 damage from this Pokémon. 
Weakness x2 | resistance eG retreat OK | 
Illus. Teeziro They say that it will appear before kindhearted, 
D)lascen} 081/217.@ crgpeileanhowe nen theppns|"
961,Marill,"i= Marill wI/0©® 
NO. 0183 Aqua Mouse Pokemon. HE. 1:4"" WT:18.7 lbs. 
2k Hide 
| Flip a coin. If heads, during your opponent’s next turn, 
|) prevent all damage from and effects of attacks done to this 
Pokémon. 
TORS Flop 20 
weakness ‘Y) x 2 resistance J a retreat > a 
Illus. Yoshimoto Yoshimon The oil-filled tail functionsas a buoy, soit’s 
083/217 @ fine even in rivers with strong currents. 
(62026 Fokimon / Nintendo / Creatures /GAME FREAK —"
962,Azumarill ex,"Azumarill@< | 270 ® 
Evolves from Marill A 5/7 és 
a Gun 
i ~ S eat : 
@7E@® Bubble Gathering * 
As often as you like during your turn, you may use this 
Ability. Move an Energy from | of your other Pokémon to 
this Pokémon. 
%* >) — Energized Balloon 60+ | 
A his attack does 40 more damage for each © Energy 
attached to this Pokémon. MN 
es, ETF"" isen your Pokémon ex) 
.. 7x “7 6 Pokémon Nintendo etre / GAME FREAK Yes"
963,Shuppet,"BASIC, Te Ae 
ye“ Shuppet - »w60© 
| 4 NO..0353.. Puppet Pokemon. HT:.2.WT:.5.1.Ibs.. wr 
© Spooky Shot 20 
Weakness) XQ | resistance (GQ eC retreat KO 
lus. miki kudo It loves to feed on feelings like envy and malice. Its 
‘ Dasce 090/217 @ upright horn catches the emotions otra? 
(©2026 Pokémon / Nintendo / Creatures / GAME FREAK fl"
964,Beheeyem,"A z me | 
= <Beheeyem _wl00© 
7 NO..0606.,Cerebral, Pokémon .HT.3:3WI:76.1ulbs, wr 
K Cosmic Beatdown 20x 
| This attack does 20 damage for each of your Pokémon 
: in play. 
yee 6 oe 
illus. Shinya Komatsu WheneveraBeheeyem visits a farm, 
ED o7arsex oa m2 tcl oseesy apaaa"
965,Swirlix,"BASIC, eo ae Rey 
i Swirlix yO O 
Pe O@ Sim 
ah fe i 4 + ees | 
MNO. 0564. Cotton Candy Pokemon HIE 14 WIZ —_ | 
bei. TT Goehiangleandimmobitizeits opponents."
966,Slurpuff,"GSTAGE], s ee AA A! 
§Slurpuff 7w120© 
y —Sleowm 
wai) “Ay r= \ 
| A NO...0685..Meringue. Pokémon .HT:.2!7"" Wii Lelbs. y 
| © Tackle 40 
l * Magical Shot 70 
Weakness XQ | resistance Tedirtreat kK j 
Y distinguish the faint Qf au] 
Ms, Nts esd Foc sensivesenseotsmelgne al 
VES 094/217 ® aie oon helping pastry chefs in theirwork. )"
967,Fidough,"CBASIC,4me py = 
Fidough »60® 
4 NO..0926,.Puppy, Pokémon HTL WI.24 Ibs. ll 
>) Pleasant Aroma 
| Search your deck for a Basic Pokémon and put it onto your 
| Bench. Then, shuffle your deck. 
| *) Stampede 10 
weakness x2 —_ resistance ~~ retreat > > | 
j The yeastin Fidough’s breath is useful _ 
(4) E59 066/142 @ protected by people since long ago. | 
| 162024 Pokémon / Nintendo / Creatures / GAME FREAK z="
968,Dachsbun ex,"y Dachsbun@y _“250© 
Whip / 
a * ute y Tie Ut , VvVil 
When you play this Pokémon from your hand to evolve 
| of your Pokémon during your turn, you may heal all 
damage from each of your Evolution Pokémon. If you healed 
any damage in this way, discard all Energy from those 
Pokémon. 
OK Wonder Shine 130 
' Your opponent's Active Pokémon is now Confused. 
XQ | resistance “retreat > Ok)"
969,Scream Tail ex,"ye Scream Taille 7 190 © 
~- wal i, fAncients 
J Siege aN . 
v &) Scream eee = S 
Youycan) use this attack only ifou) go secondsand only. 
during) your first) turn. Your opponent cant playsany, . 
Supportericands} from, their handlduring their next*turn. 
Discardjan Energy from yourjopponent’s Active Pokémon: _ 
Me # AG es) ~ciie 
PORE ov ry «i ano ei tg"
970,Fezandipiti,"BASICy4 = ieee Py san fad 
= Fezandipiti -w120© 
= pCa) ae = i Vaal 
@ITE®D Adrena-Pheromone 
If this Pokémon has any @ Energy attached and is damaged 
by an attack, flip a coin. If heads, prevent that damage. 
| © Energy Feather 30x 
)) This attack does 30 damage for each Energy attached to 
| this Pokémon. 
Gnas x2 resistance ; a retreat 
Ils. Kouki Saitou Fezandipiti beats its glossy wings to scatter 
(*)(000D) 996/167 pheromones that captivate people and Pokémon. 
©2024 Pokémon / Nintendo / Creatures / GAME FREAK 7"
971,Iron Boulder,"BASIC rar 
‘a0 \ron Boulder AOS) 
VA es Sa 
) bese, 
pee Se wa fp». Ba | . 
NOwi022,Paradox.Lokémonhifsd 12 \Wiis358.3.IDS.ssn da 
ipece sos 
Bebtcccccscccccccces 
Besescecccccacsccss 
Besesccccce:cccccce 
Basecccccsccscccces 
Ebssccs:cccccscocscs 
Ox Adjusted Horn Seeeeeeeea 0m 
If you don’t have the same number offeandstinpyourghandi 
as your opponent, this attack doesinothing -aaie aa haaaat 
Pbesscccccccccecssss 
Masssccccccsccccccs 
Bessscccecscccccccce 
| Besascecccccocsccce 
B aoe H 
Fweakness@)x 2 | resistance (@8)= 30) Zegtiretces tk >) eee 
{H) ECM) 071/,142 % Inancldbeok.Msbodysoamstobs metic. 
162024 Pokémon Nintendo Creatures GAME FREAK"
972,Hitmontop,"Hitmontop -wl00@ 
| ok) Spin and Draw 
| Shuffle your hand into your deck. Then, draw 6 cards. 
ex Low Kick 50 
weakness © x 2 (eee >, retreat ok j 
Illus. Kouki Saitou Itspins on itshorn while dealing out elegant kicks. 
102/217 @ Its horn grows continuously through its lifetime. 
r ""©2026 Pokémon / Nintendo Creatures /GAME FREAK."
973,Groudon,"BASIC, ley 
We fee ay 
LA eae \& oN Pave PX jf 
COGS NY 
wy Ss AK aS Leh 
Sera OZ 
(iy (att x lammer I 8 
Oey: ee ee EEE"
974,Riolu,"(ELEUS Riolu 70 i ; 
ee) ae x 
ee) ok Punch 30 
[weakness © XQ resistance eG retreat OK 
| I a Le ee 
illus. Sovichirou Gunjima Ithas the peculiar power of being able to see 
Disau) emotions, such as joy and rage, in the form of waves."
975,Stunfisk ex,"scot Ey Dat ces , 
» fe Or"
976,Carbink,"= Carbink 90 
Dye? aS = 
n NO. 0703 Jewel Pokemon. HT: 1_Wr. 12.6 Ibs. “ 
| CID Double Type 
~ As long as this Pokémon is in play, it is # and © type. 
/@@x* Counter Jewel 70+ 
_| If your opponent has 2 or fewer Prize cards remaining, this 
', attack does 100 more damage. 
ey a ee ee 
_ 162026 Fokémon/ Nintendo / Creatures GAME FREAK. —"
977,Crabrawler,"isasic > 
ee Crabrawler 90 
NO..0739..Boxing. PokémonHiTs.2.Wiis45.4ulbs. —_—_ 
OK Vise Grip 20 
> 2% Crabhammer 50 
I weakness © x resistance e sgl retreat OK OK 
| Ms: Seay Bld OS Fe ita 
| 3 [+)(EC) 057/142 @ their shells produce a tasty soup stock."
978,Passimian,"Passimian =» L10. 
ff WW 4 ab * 
| @aw+e@ oh 
x fe = f 
i * Coordinated Throwing 20x 
This attack does 20 damage for each of your Basic Pokémon 
in play. 
weakness © x2 resistance at retreat ; 
aoe The boss chooses 10 members of the group togo 
a out hunting, The hunting party will evenly split 
EEN) 7777251 & the food they find with the rest of the group. 
{©2024 Pokémon / Nintendo / Creatures! GAME FREAK F"
979,Koraidon ex,"BASIC . yy AnD) 
= Weray 
\Var {s long as this Pokémon is on your Bench, prevent all damage done _— wy J) 
OSU Pokémon by attacks (both yours and your opponent). “4 
a | \G ONS i 
os) Orichalcum Fang 50+ 
~ If any of your Pokémon were Knocked’Out by damage 4 
@ ». from an attack during your opponent's last turn, this attack 
9 does 120 more damage. 
© @®Bx* — Impact Blow 200 
During your next turn, this Pokémon can’t use Impact Blow. \ 
~ Eweakness © x2, | resistance 7 Ne ee 
“en és Hotes rome rule a 
we) Mime |) te remon nintendo creatures GAMEFREAK \\ 35-4"
980,Venipede,"Venipede ¥80© 
ee Na) 
i ae ENG eee 
Pree ieinlp Be sci 
OE peta ype eed Oy 
Bae eae e) 20 if ae eS 
cee Us eo 7 CO) ee | 
Weer ea \ MMe cy? eee ih) 
Be Wg eae fi 
es et ee 
NO..0543. Centipede Pokemon. HT..1'4"" WT..1.1.7.Ibs.. 
penett 
© Spit Poison 
Your opponent’s Active Pokémon is now Poisoned. 
© €262 Spinning Attack 40 
weakness 5} x2 | resistance 7” retreat ESE3ES 
Illus. Tomokazu Komiya Venipede and Sizzlipede are similar species, 
Dis 15/1670 butwhen the two meet, a huge fight ensues."
981,Whirlipede,"STAGE] cone An 7s. 
=~ Whirlipede ~l00® 
Y \ - Ft pabien ot ge 
- NO..0544 Curlipede Pokemon. HT. 3°11."" WT. 129. Ibs. - es 
© Poison Ring 
Your opponent's Active Pokémon is now Poisoned. During 
your opponent's next turn, the Defending Pokémon can’t 
retreat. 
© ees Spinning Attack 60 
weakness 5} x2 | resistance 7” retreat ESE3ES 
Illes. Krge This Pokémon spins itself rapidly and charges into 
O Wits) 16/1670 its opponents. Its top speed is just over 60 mph. 
{©2024 Pokémon Nintendo / Creatures / GAME FREAK"
982,Scolipede,"STAGES, (eas 1 P y 
Scolipede Zl70~ 
/ \ |Evolves fromWWhiclipede a 
\ A i a S (ime A 
neo IE K % . 
NO..0545.. Megapede Pokémon, HT. 8:2"".Wh:442.lbs. 
Ox) Dastardly Jab 
Put damage counters on your opponent's Active Pokémon 
until its remaining HP is 10. 
©€3€3 Sludge Bomb 160 
weakness 5} x2 | resistance 7” retreat ESE3ES 
Scolipede latches on to its prey with the claws on 
iMlugsshiboringary its neck before slamming them into the ground 
O Nite 17/167 @ and jabbing them with its claws’ toxic spikes. 
{©2024 Pokémon Nintendo / Creatures GAME FREAK,"
983,Vullaby,"Geasic ou <A ) 
= Nullaby 070®| 
Hi « aa 
Se gmmme > Lee 
ae Ua \ A An 
ple Si 
—= = NO..0629. Diapered Pokemon. HI: WI. 19.8 Ibs._ — 
OO Flap” 20 
weakness @9xQ | resistance }-30 ~ retreat (9 
oe Its healthy appetite leads to visible 
Epa, growth spurts. It often has to replace the 
ASCH) 738/217 @ bones it wears asitssize increases. 
: ©2026 Pokémon / Nintendo / Creatures / GAME FREAK"
984,Mandibuzz ex,"(sree ae 
Was, ee U 
Ny Si ’ ys ae 
Gases Bone Shot - 
This attack does 50 damage to | of your opponent’s 
| Pokémon. (Don’t apply Weakness and Resistance for Benched 
s Pokémon.) 
Ese Vulture Claw 160 
> g Discard a random card from your opponent's hand. 
‘ weakness/@9 x2 | resistance (5) -30 A retreat €% 
| tes ebentsesg . ESL sen your Pokémon ex 
4 Biscay Bi | is Knocked Out, your opponent takes 2 Prize cards. A"
985,Hoopa,"BASIC see P ~ 
i ae Oe 
<o Fa é ES 
Ss S AS 
“i ay) z Wg \ 
Dk Filch 
Draw 2 cards. 
©@O€ Knucklelmpact ——: 130 
During your next turn, this Pokémon can’t use attacks. 
weakness @)xQ | resistance A, retreat (969 
Illus. Anesoki Dynamic This troublemaker sends anything andeverything to 
Sere faraway places using its loop, which can warp space. 
162026 Pokémon Nintendo /Cretures/ GAME FREAK."
986,Brute Bonnet,"BASIC en. TAY 
‘meee BhuceBonnegua,. 1200 
q Ere > 
(OlOORelentlessipunches 50+ 
Bjhisfateacl {does SOlmoneidamage\toneach damage counter 
ony. cumepponentspActivebokemonwmns | a 
O a oe © ina certain book couldactunlly betas toccners 
{62024 Pokémon Nintendo / Creatures GAME FREAK,"
987,Mawile,"we awile pee 90 @ 
gee v= 
& A zea a ea j 3 R J 
NO. 0303. Deceiver Pokemon. HT:.2'_WT:.25.4 Ibs. 
1 Call for Family 
|) Search your deck for up to 2 Basic Pokémon and put them 
| onto your Bench. Then, shuffle your deck. 
H @Mx#x& Bite 90 
Weslness @x2_| resistence 230 etree KO 
ius. CHORISO eae einem ie .ofiaie tore 
ES : age Move iron beams. 
(©2026 Pokémon / Nintendo /reatures/ GAME FREAK."
988,Registeel ex,"BASIC ° VA cheesy"" y 
RegisteelEX 42302 
i d Nw 
ok Regi Charge 
Attach up to 2 Basic YP Energy cards from your discard © 
pile to this Pokémon. n 
& *% & © Protecting Steel 140 , 
During your opponent’s next turn; this Pokémon takes 
50 less damage from attacks (after applying Weakness and 
a Resistance). 
f @x2_| resistance B-30 ge retreat Kk 
fa : Pokémon CX rule ga Wien your Pokémon OX” 
Z Illus: toriyufu is Knocked Out, your opponent takes 2 Prize cards. _// 
y MRBExEFPoxdmon nintendo creates GAME FREAK iin” ol \"
989,Bronzor,"NO. 0436. Bronze Pokémon. HT: 1/8"".WT.133.4 Ibs. 
i D* Shield Attack 20+ 
‘ Flip a coin. If heads, this attack does 20 more damage. 
‘Weakness @ x2 | resistance BBO eet retreat OK) a 
lls: Nobotame Kozutoka Theyre fouindin ancienttombs . The patterns on their 
() GD 126/191 eee ear eaysericuspower 
£62024 Pokemon Nintendo /restures/ GAME FREAK"
990,Togedemaru ex,"BASIC ; ow q 
= Togedemaru@s (Ar190 © 
y reece 3 
ee TS 
1) Stun Needle 20 
y ‘Flip a coin. If heads, your opponent's Active Pokémon is 
=. now Paralyzed. i 
Dx Spiky Rolling 80+ 
~ If this Pokémon used Spiky Rolling during your last turn, 
» this attack does 80 more damage. “) 
weakness @x2 | resistance @)=30 retreat KW 
és / hs a ouies & g_ Pokémon CX rule apa pastel lis , 
‘ Dj ascal Le ue ae {Cis Knocked Out, your opponent takes 2 Prize cards. Lf"
991,Melmetal,"GLI * a. 
Benes 4 
== Melmetal A 160 
el Cr endl | \ Wee ( 
4 NO..0809. Hex Nut, Pokémon sHili.8:2"".Wiis1 763./1Ds, 4 
DQ ow Hammer In 120 
VOVO* Iron Bash 230 
ames @ x2 resistance @)=30 set retreat OK KOK OK a 
Attend ofits oceans 
pues Osvvaldo KATO) andfall spate THe mall shards left behind 
GD 117/162 x ee willeven ereborn as Meltan. 
{©2024 Pokemon /Nintendo/Creatures/GAMEFREAK"
992,Duraludon,"x \ an SF Sam \ ’ 
my Ae Dy: 
WT TINT TTT “ 
i) Confront 50 
~2@ Duralubeam 130 
i Discard 2 Energy from this Pokémon. 
2 DEE eee: g"
993,Orthworm ex,"Orthworm@< 4220 ® 
is LA le AN: aN 
be oe 
If this Pokémon is damaged by an attack from your 
opponent’s Pokémon (even if this Pokémon is Knocked Out), « 
put 2 damage counters on the Attacking Pokémon for each < 
© Energy attached to this Pokémon. 4 
_ During your opponent's next turn, the Defending Pokémon 
* can’t retreat. 
weakness @x2Q | resistance @-3Q ge retreat > k KOK i 
Tf PLANETA Yamashita - oe rae eect bet) 
is Knocked Out, your opponent . 4 
/ ECD) sp ro/raapex WS _ — ae"
994,Fraxure,"STAGE], “a 
ye Fraxure 4 100© 
UNG SS at 
GED Unnerve 
Whenever your opponent plays an Item or Supporter card 
| from their hand, prevent all effects of that card done to 
) this Pokémon. 
ek) Dragon Pulse 80 
| Discard the top card of your deck. 
‘, jeakness resistance # < retreat > OK | 
“te ‘Uhinori Pose eet es Eta edly cur oieyintotwas 
""(+) (EE) 045/064 @ ponons~one\oeatnowandone tose trite 
- 162024 Pokémon / Nintendo /retures/ GAME FREAK"
995,Haxorus,"( | pelle lean Be RRR Mg 7 
ae é ue 
Bae 2 4 eas tt le ial 
i . Ng I I 
# sae So: ve 
four opponent's Active Pokémon has any Special Energy 
Bie Th eon ee Ea 
£2024 Pokemon Nintendo / Creatures / GAME FREAK"
996,Larry's Dunsparce,"GBASIC 
Larry’s Dunsparce w70 Qk 
y ff par, 
Se & in 
aw” Rising Lunge 10+ 
| Flip a coin. If heads, this attack does 20 more damage. 
weakness @ x2 | resistance ee weireat : 
Ilys. 0313 Ifspotted, itescapes by burrowing with its 
(SH) 163/217 @ tail. It can float just slightly using its wings. — 
| {©2026 Pokémon / Nintendo / Creatures / GAME FREAK 7 '"
997,Larry's Dudunsparce ex,"STAGE) ,/ > 
< tarysDudunsparce Xe 270 
go | Evolves from Larry’s Dunsparce iil V.. vikap 
Ae ad j J , 
Matha) 7. (ys 
/ Flip a coin for each Energy attached to this Pokémon. This 
attack does 80 damage for each heads. 
SUE WEE Oe ‘ 
weakness (gg) XQ | resistance meretreat OK RK) \ 
ica stata < Pokémon CX rule aad yourPokimon ex) 
Aaah {Cis Knocked Out, your opponent takes 2 Prize cards. 
cee ae >"
998,Slakoth,"GBASIC/” 7 Fa 
Slakoth —, w00 
Ne see a7 
| SaaS ON F 
® Take It Easy 
| Heal 60 damage from this Pokémon. During your next turn, 
| this Pokémon can’t retreat. 
weakness @ x2 | resistance a retreat KK 
itis Aya Kusube ‘The way Slakoth lolls around makesanyone 
(GD 145/191 __ whowatches it feel like doing thesame. 
THERA Pokkmon Nintendo / Creatures / GAME FREAK"
999,Vigoroth,"STAGE], PE Y f 
HW Slashing Claw 50 
weakness @) x2 | resistance a retreat HK) 
Illus. Kurata So Itis always hungry because it won't stop rampaging. 
(GD 146/191 0 Even while itis eating, itcan’t keep still."
1000,Skitty,"Skitty 60 
| eagzw a> Rie 
Pawar, » “ts. 
® Cat Kick 20 
weakness @) x2 | resistance retreat) é 
Illus. Yoko Hishida ~ Itcan’t stop itself from chasing moving things, 
165/217 @ ~_ anditrunsinacircle, chasing its own tail, 
162026 Pokémon Nintendo /Creatures/ GAME FREAK i"
1001,Delcatty,"GSTAGEy// 
V7 Delcatty (100% 
LE ye, : eS 
* Cat Kick 40 
| B® Energy Crush 40x 
4 | This attack does 40 damage for each Energy attached to | 
| all of your opponent's Pokémon. | 
weakness @) x2 | resistance é See cs Be 
fain _Itdilikes difty/places. Itoften searches fora 
yee ge pri pac nlace in which to groomitself. 
762026 Pokémon / Nintendo / Creatures /GAME FREAK"
1002,Zangoose ex,"“Ss ZangooseGx ~go200 * 
SNR \ Oe: 
c> a On ZA: a 
i y IK 
€ etre CY 
6 | 2K) Spike Draw 20 
Draw 2 cards. . 
KK Wild Scissors 180 
» ., This Pokémon also does 30:damage to itself. a 
' f ma BS woe, 
weakness @) x Q | resistance great GH s 
TE 7 sR kirienreneraia ee 
Pd SOAs a, ~ Se ced Out, your opponent takes 2 Prize cards, ze"
1003,Larry's Starly,"Ar Larry’s Starly wO0 a 
ee \e ~ im, Q 
P) Minor Errand-Running 
Search your deck for up to 2 Basic Energy cards, reveal 
| them, and put them into your hand. Then, shuffle your deck. 
*) Glide 10 
weakness) x2 | resistance @-3Q ew retreat 
Illus. Notsumi Miyanose Because they are weak individually, they form groups. | 
I 168/217 @ However, they bickerif the group grows too big. 
| a 62626 Pokémon / Nintendo / Creatures / GAME FREAK -—"
1004,Larry's Staravia,"STAGE], ie z P 
=~ Larry's Staravia yA w9O oe) 
— Pe Re 
ji Ee 2) 
| 0.0397 Starling Pokemon H.2:W.34.2Ibs we 
Ww Razor Wing 50 
weakness x2 | resistance @-30 ee retreat OR) : 
Ilys. Fujimoto Gold They maintain huge flocks, although fierce 
169/217 scuffles break out between various flocks."
1005,Larry's Staraptor,"| Larry's Staraptor Aw 150 ® | 
f{ Q rom “s ic i | 
f wy, i f 
4; oav aA) 
— No.0398. Predator. Cree earn WT:.54.9 Ibs... qe 6, ) 
aw” Facade 60+ 
If this Pokémon is Burned or Poisoned, this attack does 
100 more damage. 
| Ace Feathery Strike 150 
Discard 2 Energy from this Pokémon, and this attack also 
does 50 damage to | of your opponent’s Benched Pokémon. 
(Don’t apply Weakness and Resistance for Benched Pokémon.) 
I weatness XQ | vesttance @=30 yee reret ® 
| ttlus. Po-Suzuki Itnever stopsattacking even ifitis injured. / 
| 170/217 Itfusses over the shape of its comb. ;"
1006,Mega Audino ex,"BASIC, °) 
Maga Amcimo Ge ow 270 * 
ir g Megas cvcved foed 
. Pd Kaleidowaltz 
Flip 3 coins. For each heads, search your deck for up to 
2 Basic Energy cards and attach them to your Pokémon in 
any way you like. Then, shuffle your deck. 
aK Ear Force 20+) 
This attack does 80 more damage for each Energy attached 
to your opponent’s Active Pokémon. 4 
WP weakness GB x2 | resistance PF aes 
Illus, Sban|Grophies) ee enn tn Ei) a one aire ae etn 
172/217 * ee 2 becthoiey"
1007,Larry's Rufflet,"BASIC 4 
Larry’s Rufflet ‘dé w70 ok) 
| hha LD = oer 
a &® Peck the Wound 20+ 
_ If your opponent's Active Pokémon already has any damage 
_ counters on it, this attack does 80 more damage. 
weakness XQ | resistance @-3Q0 retreat Wo 
ies With its sharp claws, this Pokémon pierces its 
te evs prey, and thenit pecks at them. Although italso 
173/217 @ consumes berries, it’s a carnivore at heart. 
y ©2026 Pokémon / Nintendo / Creatures / GAME FREAK zy"
1008,Larry's Braviary,"FEL tamys Braviary fw 130 ob) | 
“Se ey 
~ S hg X 
XS Os Rh oy 
i Se ee ee NT 
hw Clutch 50 
During your opponent's next turn, the Defending Pokémon 
|| can’t retreat. 
Ho) ~—- Brave Bird 120 
This Pokémon also does 30 damage to itself. 
weakness) xQ | resistance @-3Q x retreat OK) 1 
Illus. Ryuta Fuse For the sake of its friends, this brave warrior of 
174/217 @ the sky will not stop battling, even if injured, j 
| al 162026 Pokémon / Nintendo / Creatures / GAME FREAK -—"
1009,Larry's Komala,"BASIC 7 
Larry’s Komala y 90 on) 
GED Lethargic Charge 
|| Once during your turn, if this Pokémon is on your Bench, 
| you may use this Ability. Attach an Energy card from your 
hand to your Active Larry’s Pokémon. 
Ok) Dozing Draw 
| This Pokémon is now Asleep. Draw 2 cards. 
weakness @ x2 | resistance oA retreat RK) ; 
Apotentanestheticcan be made by 
abe Creme erika diluting Komala’s drool. This anesthetic 
175/217 @ was used for surgeries in the past. 
4 ©2026 Pokémon / Nintendo / Creatures / GAME FREAK Zs"
1010,Drampa,"BASIC 
Drampa sw 130 
dyes 
RR Gentle Slap 50 
| & A Dragon Strike 120 
_ During your next turn, this Pokémon can’t use Dragon Strike. 
weakness @xQ | resstance ge retreat 
Ithasa compassionate personality, but 
Alek som, ifitis angered, it completely destroysits _ 
176/217 @ surroundings with its intense breath. 
Glb26 Pokémon Nintendo /restues/ GAME FREAK"
1011,Spinarak,IETS 60 G
1012,Ariados,"eraccl~AR Oe : 
cdiineneieniadameiabiniiaiaiie 
@ Poison Ring 50 
‘Your opponent's Active Pokémon is now Poisoned. During 
your opponent's next turn, that Pokémon can't retreat. 
weakness @) XQ resistance oA recreate 
“ls. svt ___Iispins stringnot only from its rear but also from 
—— ome Sout cnr Hotelivhichendinwhigh, 
Ls ""€2026 Pokemon intend / Creatures /GAME FREAK. -"
1013,Shaymin,"Reacic, 7 
Shaymin ""70 
é eA ra > I 
Al, nid 
teat hentai 
@ Send Flowers 
Search your deck for an Energy card and attach it to | of 
your Benched @ Pokémon. Then, shuffle your deck. 
@ Leaf Step 30 
‘weakness @ XQ resitance cr reese"
1014,Snivy,"Snivy “70 @ 
+ 7S gs 6 Gael 
Nae oe a 
LF BEN | 
re) Reckless Charge 30 
This Pokémon also does 10 damage to itself. 
weakness @ 2 TT resistance or rere # 
soe. Be ceyonwcvear 
004/088 @ Beer santa"
1015,Servine,"2""Gervine w100@ 
NO. 0436, Gus Sone fokdon i733 4 
Cr) Solar Cutter 40 
Se ys = a 
Oro Heeler ws oe Pott 
""€2026 Pokemon / Nintendo / Creatures GAME FREAK -"
1016,Serperior,"“\sracee, . Fs J i 
ay Serperior _/w160@ 
Pai) j 
@ Regal Command 20x 
This attack does 20 damage for each of your Pokémon 
in play. 
@@®@ Solar Coiling 100+ 
If Rosa's Encouragement is in your discard pile, this attack 
does 150 more damage. 
| weakness @ XQ resistance rare kK 
a Nene ar Te a ance have caused this Pokémon 
1 cose a aie etorsctneroraal"
1017,Scatterbug,| ae Scatterbug w40@
1018,Spewpa,"= Spewpa w80@ 
St ee are a FER | 
\ Aor * WAX 
VIO 0 Vn 
a” a na nil 
Vw Zo 
r) Hide 
Flip a coin. If heads, during your opponent's next turn, 
prevent all damage from and effects of attacks done to this 
Pokémon. 
Rice Se eee trina 
CEM oos/08s @ a iets rose ae"
1019,Vivillon,"STAGE, ee i 
yan Vivillon 120 
y be ee St) 
nef aa - 
rea i Ny hae ie yO 
‘ge a Ly Rey. 
gt: Sarees oe 
Vp Ge ag ME Be 
Once during your turn, you may use this Ability. Your 
‘opponent shuffles their hand and puts it on the bottom of 
their deck. If they put any cards on the bottom of their 
deck in this way, they draw 4 cards. 
@ Blow Through 60+ 
Ifa Stadium is in play, this attack does 60 more damage. 
weakness @) XQ resistance oA rere 
igo hee SS alee"
1020,Rowlet,"225Rowlet v80@ 
=— ess ay 
|@ Find a Friend 
Search your deck for a Pokémon, reveal it, and put it into 
| your hand. Then, shuffle your deck. 
*** Tackle 30 
Weakness @ XD) resistance etree 
ee Ge a ornemotaned 
JEM oro/oas @ Peart tomo 
“€2026 Pokemon / Nintendo / Creatures GAME FREAK -"
1021,Dartrix,"Usraccy, - ma 
la Dartrix 1008 
etn = ) | in yl os 
$0123, Bae Quick ii y 
@ Leafage 20 
* * * — Feather Shot 
Discard all Energy from this Pokémon, and this attack does 
90 damage to | of your opponent's Pokémon. (Don’t apply 
|) Weakness and Resistance for Benched Pokémon.) 
weakness @ XQ resistance ct retreat KK 
meee Ithrows sharp feathers called blade quill 
| Dron ‘atenemies or prey. It seldom misses."
1022,Decidueye ex,"(STAGE >, ae a 
= DecidueyeEX 43200 
GRAD. 
If your opponent has exactly 4 cards in theif hand, ignore 
__ all Energy in the costs of attacks used by ths Pokémon. 
* @»* * * Crushing Arrow 240 
Discard an Energy from your opponent's Active Pokémon. id 
a Se es = 
weakness@@ x2 resistance gece ( 
Fraga, j 
Fin ee Coco"
1023,Fletchinder,"eo Fletchinder © .90@ 
Pama \\ hy 
Se eT 
oe Flare 60 
Weakness 7 XQ reiance GO parrae F . 
oO raat se tiki cost pear ote nots pte"
1024,Talonflame,"a> Talonflame w150@ 
Fs ay 
WX D3 ie s 
Se ‘Ys SJ 
eurD 
Once during your turn, you may use this Ability. Flip a coin. 
Ifheads, discard a random card from your opponent's hand. 
Ow Fire Wing 110 
Weakness 7 x2 resistance GB -3Q ee retreat r 
La ""€2006 Pokemon / Nintendo /Crestuces GAME FREAK 4"
1025,Salandit,"225Salandit w70@ 
pa ee 
NO. 0/51. Jowc Luzaid Robeson. HL 2 Wi 10.6 bbs. ~ 
& Fire Claws 20 
Le |€2026 Pokemon / Nintendo / Creatures /GAME FREAK. 4"
1026,Salazzle ex,"STAGE I od r 3 iy 
Salazzle@¢ 260 & 
a) iat = se SS 
ee eh) | 
—SE= See"" 
8 Nasty Plot 
Search your deck for up to 2 cards and put them into your, 
hand. Then, shufle your deck. /, 
Ow Dire Nails 100 id 
Your opponent's Active Pokémon is now Burned and 
Poisoned. Switch this Pokémon with | of your Benched »~ 
Pokémon 
tno 2 eshstance ran 
i I ren yortximon ex) 
cite rotemon nnn Creator GAME SREAK ——"
1027,Turtonator,"BASIC, 
Turtonator w120@ 
a Ve cS 
LTT NNT | 
If this Pokémon is in the Active Spot and is damaged by an 
attack from your opponent's Pokémon (even if this Pokémon 
is Knocked Out), discard an Energy from the Attacking 
Pokémon. 
@@®* Heat Breath 80+ 
| Flip a coin. If heads, this attack does 80 more damage. 
anna | eee ee 
ack Enemiesthat dre attackit willbe 
IE rnreen tern creer cose"
1028,Seel,"© Rain Splash 10 
« ry Wave Splash 30 
Pilar eed # reat kK"
1029,Dewgong,"eraccl Py, Ea 7 
y Dewgong 130 
ms: a oN ‘es 
° ew Sy) e i 
TIED Wash Out 
As often as you like during your turn, you may use this 
Ability. Move a @ Energy from | of your Benched Pokemon 
to your Active Pokémon. 
| o® Wave Splash 60 
Weakness XQ) resistance Lina k 
os. Yoshio Itstores thermal energy nits bod to fend off the 
ET oposane we ——_) <eldtawinsaeiahkogsevenn rand waters"
1030,Staryu,"| CY Water Gun 20 
weakness XQ resience grea KS 
|) czo/aes © ‘asthe glowingeentel core mains intact"
1031,Mega Starmie ex,"p> Mega Semis ex A330 6 
/ wy > \ Evolves from Staryu, ay WES 
6 ~~ Jetting Blow 120 
This attack also does 50 damage to | of your opponent's 
Benched Pokémon. (Don’t apply Weakness and Resistance 
j for Benched Pokémon.) 
* * * Nebula Beam 210 
This attack’s damage isn’t affected by Weakness or Resistance, 
or by any effects on your opponent's Active Pokémon. 
wn a SEN 
sine 7 MD race WE apa rere EOF 4 
I awn ETE es yor Yee bien 
S Pokimen @2X i Kooched Out, your opponent tales 3 Fite cards."
1032,Amaura,"a aly yaiaee / Nu) if 
|) Your opponent's Active Pokémon is now Asleep."
1033,Aurorus,"STAGE >, J (a 
@E@D Tundra Wall 
All of your Pokémon that have any © Energy attached take 
50 less damage from attacks from your opponent's 
Pokémon (after applying Weakness and Resistance). The effect 
of Tundra Wall doesn’t stack. 
@@* — Freezing Chill 150 
|) During your opponent's next turn, the Defending Pokémon 
| can't use attacks. 
“weakness @ MQ ressance creek 
[ROAST cee ame a 
i Ti daboneanapEER aN on ws body pale 
Re tcc Pees ttabreoncs urunnaeg 
DET ozasase eS itsenemiessndencasing theminice. 
- ""€2026 Pokemon Nintendo / Creatures /GAME FREAK. 4"
1034,Volcanion,"“== Volcanion w1306 
mm ly ( ay Ee 
a 4 Pes 
0.072 Sea Echt ikSidasA20.9 ie o 
@* Strength 50 
©@* Powerful Steam 90x 
Flip a coin for each @ Energy attached to this Pokémon. 
This attack does 90 damage for each heads. 
i ES a 
oo ana PG oeselor vssscy nee 
. ""€2026 Pokemon / Nintendo / Creatures GAME FREAK 4"
1035,Shinx,"= Shinx 70% 
| O Sa a a nt 
exe, ie 
lh om C0 Saal 
(ites 
4 Double Scratch 10x 
Flip 2 coins. This attack does 10 damage for each heads. 
ae €2026 Potemon Nintendo / Creatures / GAME FREAK 4"
1036,Luxio,"TP orace, R > 
~ Luxio ra 90%) iy 
| & wiuhenrtios 
4 1. osts sonable J 
Fighting Roar 
Ifyour opponent's Active Pokémon is a Pokémon @X, this 
Pokémon can evolve during your first turn or the turn you 
play it. 
A * Static Shock 40 
jarnes XD) tales et * 
Te Ante Nase By gate NEN ogever neyconectver 
[O|roe generate powerful electricity from their claws,"
1037,Luxray,"ware 7 
10.0 Gia ips fokann a2. - 
D* Incessant Onslaught 70x 
This ateack does 70 damage for each Prize card you have taken. 
4** Strong Volt 200 
Discard 2 Energy from this Pokémon. 
ES yn 
OEE 026/008 Tihany whenit’s scouting for dangeb"
1038,Dedenne,"Geasic >| 
spe Dosen w70%) 
7 at Us gid 3 y] 
02st sian 8c Wi v) 
4 Tail Generator 
Choose Basic 4 Energy cards from your discard pile up to 
the amount of Energy attached to all of your opponent's 
Pokémon and attach them to your 4 Pokémon in any way 
you like. 
—D*® Thunder Shock 30 
Flip a coin. If heads, your opponent's Active Pokémon is 
now Paralyzed. 
ules @ XD) reece! 7 rereat *)"
1039,Clefairy,"BASIC, . 4 y 
Clefairy ~ w10® 
Be geese 
© Follow Me 
Switch in | of your opponent's Benched Pokémon to the 
\} Active Spot, 
Wealness @ xQ resistance Tetra j 
Fe pon Yi TR etre tors he wings cn Ge baa 
W)GST) o30/0se a apparel ivesttheabit to toning 
LS “€2026 PoLemon / Nintendo / Creatures / GAME FREAK, 4"
1040,Mega Clefable ex,"Maga Gethlaex —Ar320 © 
Evolves from Clefairy S sEvolw 
, Luminous Wing 
==». Prevent all effects of your opponent’s Pokémon’s Abilities 
done to this Pokémon. 
©® Shooting Moons 120+ } 
‘You may discard up to 4 Energy cards from your hand, and 
this attack does 40 more damage for each card you 
discarded in this way. 
wakes @>Q | ene, ae OK 
Poluimon @2¢ is Knocked Out, your opponent takes 3 Pre cards. 
cxf wed rma. GAME FREAK a"
1041,Mawile,"BASIC a y r 
Mawile wv ll0® 
| v SAM Mab 
Alea | 
®* Double Eater 60x 
1) Discard up to 2 Energy cards from your hand, and this 
J) attack does 60 damage for each card you discarded in 
J} this way. 
ey i a | 
| ts onacnone er ria tees arg set ot nis orm 
W)G°0) os2/as0 a bbyhors. can chew through ronbeams,"
1042,Espurr,"| Espurr ~ w60® 
|° OS ree ST YY 
ez Se See? 
J} Heal 20 damage from this Pokemon. 
| ® Stampede 10 
Tins OX2 rine GO new * 
| as atelier power orn caking a 
| Dron) ye “sesingtseastocoverthe organs emitting hates 
LS ""€2026 PoLemon / Nintendo / Creatures GAME FREAK 4"
1043,Meowstic,"STAGE], . J A 
aX. Meowstic wv 1008 
& De Biwe) y 
- NO. 06/8 Constraint Pokemon. HL 2 WL 18. Jba. 
ko) Perplex 
|] Your opponent's Active Pokémon is now Confused. 
© Psychic 30+ 
This attack does 30 more damage for each Energy attached 
to your opponent's Active Pokémon. 
Wasines @ x2 eesvence IAGO eetrene i 
fe 1) Femaies aréabit more seltish and aggressive! 
| ()GEE o34voes © miltorment youth theicpsychi"
1044,Spritzee,"Spritzee =» 0© 
* Sweet Scent 
Heal 30 damage from | of your Pokémon,"
1045,Aromatisse,"§—""Bromatisse 7w120© 
Ox wre 
Br SER rs scit iOieead) 
A203) I Fore ea 
: Arcds tia =) Sane 
oi i ae AS 
yc oe é Seg 
Nesey O... C2 SUN 
| een MONS 
| @XIED Scent Collection 
I Giice diimnesiaur turn’ you may UserthieyAba( caste 
your deck for up to 2 Basic ® Energy cards, reveal them, 
and put them into your hand. Then, shuffle your deck. 
|®* Draining Kiss 50 
}} Heal 30 damage from this Pokémon. 
Woiiness x2 resistance etree a 
[i ter toe Be realy ety heel hana 
(DIET o2e,cas Be vesctesunewsiina agal 
LS “@2026 PoLemon / Nintendo / Creatures / GAME FREAK. 4"
1046,Nosepass,"=< Nosepass w9O 
De Rolling Rocks 40 
‘weakness @ x Q resistance Pees"
1047,Probopass,"7) Probopass 70 140 
sciiceiameeebiameaeataiaitiaine 4 
ee) ee Rolling Rocks 60 
= & & * Obliterating Nose 260 
Discard 3 Energy from this Pokémon. 
Weakness @ x2 resistance Pe eetses 
(:)G| 36/088 © reieredusless wl i'saround"
1048,Hippopotas,"ot wa XY y 
se te A go 
a Sand Attacl 
weines @XDreseanee| gerne AE 
0) Porm)"
1049,Hippowdon,"Grea ay eee. Al 7 
ye Hippowdon 150 
bo N y | 
A 0 o a YZ 
@* Twister Spewing 80 
If you played Tarragon from your hand during this turn, 
discard the top 3 cards of your opponent's deck. 
| BB * *& Heavy Impact 130 
Walnes @ XQ reiance gente 
to, tren Gone fe eee 
Drona body tocteaeatowering stern aac"
1050,Landorus,"I Sead wa 4 ig i ‘ 
Aw yy 
LTT ET Te TT ATT 
pp) Rock Tumble 50 
This atcack’s damage isn't affected by Resistance. 
“iG * Screw Knuckle 120 
|) Put an Energy attached to this Pokémon into your hand. 
a Py ann SF [ 
ts old ant tel bLabeits en such bout eps 
Porn) 041/088 & that ithas been hailed as “The Guardian of the Fields.”"
1051,Binacle,"==<Binacle 80 
ar? 4 ai i 
Daler & 
4 a isin nis at 
Cy Double Draw 
Draw 2 cards. 
es) Scratch 30 
eb ee 
ts nog Teo bieate lig lopetneron One rock. Whe they 
Dre fight, one of them will move to a diflerent rock."
1052,Barbaracle,"OF Soa 
ony ar SW 
Once during your turn, you may use this Ability. Attach a 
Basic #! Energy card from your hand to | of your # Pokémon. 
“3 * Hammer In 80 
ian OX 2m. indi: eee 
ts. Kozumose Yonah Ser orp eiltee sm fiovaincosencity 
(:)(ES77 oa /o8e & But they usually fellow the head's orders 
- ""€2026 Pokemon / Nintendo / Creatures GAME FREAK -"
1053,Tyrunt,"sTace |, 
a’ Tyrunt 7w100 & 
Omran ” 
NO, 0696. Royal tex Pokemon. HI 2:22 W151. lt 4 
wo * Get Angry 20x 
This attack does 20 damage for each damage counter on 
this Pokémon. 
Weakness @ x2 resistance ees a 
- ""€20276 Pokemon Nintendo / Creatures /GAME FREAK. -"
1054,Tyrantrum,"ee a) VN ed 
CEs mete ENE 
Q) rors)"
1055,Hawlucha,"=== Hawlucha w70 
RS NIT 
5 AW SS 
_—. Le Won 
as Vengeful Kick 30+ 
If your Benched Pokémon have any damage counters on 
them, this attack does 60 more damage. 
Weakness @ x2 resistance se retreat 
())G""T""] o46/088 © thatis difficult io defend against 
Le €206 Pokémon / Nintendo / Creatures / GAME FREAK im"
1056,Mega Zygarde ex,"= SSG TU y 
j DB @ B Nullit ing Ze \ . 
AS ry Pianenialbantinstenalassaoee —. ="
1057,Gastly,"Gastly »70© 
re OS 
a eee \ 
© Surprise Attack 30 
Flip a coin. If tails, this attack does nothing. 
On) ee, ae"
1058,Haunter,"STAGE], An 7 
O sae 
ie \ Vip © 
Nae Hee 
eh A y 
Sh t ») t Dy 
ee ion 
OCS > Me ae. ae 
© Haunt 
Place 3 damage counters on your opponent's Active 
Pokémon. 
swealalost 30 2. | iaaaicines wa"
1059,Gengar,"STAGES, E Dancy o>) 
ts % Neume? 4 | 
(Wy zy ial 
{mS Peas 
NVgite 2 in 
If this Pokémon is Knocked Out by damage from an attack 
from your opponent's Pokémon, put it into your hand 
instead of the discard pile, (Discard all attached cards.) 
© Mind Jack 10+ 
This attack does 30 more damage for each of your 
‘opponent's Benched Pokémon. 
sealant 3} 02. | Shabistlnce 7 wa 
1 ommcme pared fsfiore Gengar ighlaine ieiennperalire 
POR oso/oge ‘dips by nearly 10 deggabeFohrentiell"
1060,Skorupi,"Basic, A 7 
~ Skorupi 80 © 
OO Poison Jab 20 
Your opponent's Active Pokémon is now Poisoned. 
sealant 3} 02. | Shabistlnce 7 wa OO"
1061,Drapion,"= AINA 
OO Wrack Down 60 
©O©O Hazardous Tail 100 
This Pokémon also does 70 damage to itself. Your 
‘opponent's Active Pokémon is now Paralyzed and Poisoned. 
Gr) ee aT at GOOma"
1062,Yveltal ex,"Ss 7__Yveltalex Ze20~ 
, lege st\"" — 
(8 Soul Destroyer , : 
Knock Out each of your opponent's Pokémon that has 
50 HP or less remaining. \ 
VO Dark Strike 20 
During your next turn, this Pokémon can't use Dark Strike. © 
Vwephness x2 _lovssbtance ©) -30 og vareat_ 6 \ 
6 i a espera he th a al 
“ ee no"
1063,Chien-Pao,"BASIC, . mn re. 
| Ay rad 
) Strafe 20 
You may switch this Pokémon with | of your Benched 
Pokémon, 
OO Rising Blade 80+ 
If your opponent's Active Pokémon isa Pokémon @X, this 
attack does 80 more damage. 
weakness (x2 | resistance 7 vinat O"
1064,Mega Skarmory ex,"BASIC a B LL] re) 
vam NecaSkanmony(© ee 7X0) z i 
Ay oS f \ aN 
y Ny ri . = 
© * — Sonic Ripper \ 
Shuffle all Energy attached to this Pokémon into your deck, \ 
and this attack does 220 damage to | of your opponent's 
Pokémon. (Don’t apply Weakness and Resistance for Benched | 
J Pokémon.) 
fx 4 x QU) Fesistance G-30 oy retreat wri 
FLT, Yi ove Eroktion OX le a »’ 
“Af 7 2 ©2026 Porsmon/imero /Eagptuees) GAME FREAK re \"
1065,Honedge,"Au A a 4 
wal 0 y 
ae eae 
©2026 Pouemon /Ninendo Creatures GAME FREAK 4"
1066,Doublade,"J, eat 
“2 Doublade 100 
+ Sehas 
SOx) io) 
eP Ke rin e)) 
I 3 SO ty | 
pps Weaponized Swords 60x 
| Reveal any number of Honedge, Doublade, and Aegislash 
| from your hand, and this attack does 60 damage for each 
‘card you revealed in this way. 
— @x2 resistance @=3Q0 eet retreat KK i 
rr When Honedge evolves i dvidesinoiwo 
€2026 Pokemon Nintendo / Creatures / GAME FREAK. 4"
1067,Aegislash,"iy Aegislash » 150°@ 
2% Slash 80 
|| During your next turn, this Pokémon can't use attacks. 
weakness @ x2 resitanee @=BO trea HAA 
= pais stance i deiated offense tcan"
1068,Klefki,"a _aes 
BASIC, . oy > 
—— ff aw ey, 
iA iO. 0/02 fina Robeson sti. 8iaDs6li ” 
Ke) Memory Lock 30 
Choose | of your opponent's Active Pokémon’s attacks. 
| During your opponent's next turn, that Pokémon can't use. 
| that attack. 
“Walnes @x2 resistance OBO pee retreat 
© les. MINAMINAM Toke Itneverlets goof a key that it likes, so people give it 
G2) GE osovose @ the Kevstoyaultsand satesagawaytoprevent crime. 
©2026 Pokemon / Nintendo / Creatures / GAME FREAK 4"
1069,Rattata,"afl Rattata w4O ) 
REN Vy) Wider \a > 
gn #7, se (ZN x) Np KAN x 
ila WES peal ~ t H. 
Mt ee 33 Wie 
S\) Sones SN \ Ves 
mie a) <a 
* Take Down 30 
This Pokémon also does 10 damage to itself. 
| Gi ocorse © eotiaistew at anor 
Le , (€2026 Pouamon Wintendo / Creatures GAME FREAK. 4"
1070,Raticate,"sracel, . 
A Bea 4 
AN oy Ag ES | 
i ey sae 
‘eat a 
NO. 0020. Mouse Fokesnon iil. 2'4"". WI 40.8 ibs, 4 
* Scrape Off 20 
Before doing damage, discard all Pokémon Tools from your 
‘opponent's Active Pokémon. 
* Retaliatory Incisors 40x 
This attack does 40 damage for each damage counter on 
all of your Benched Rattata. 
waines XQ | ronan eee 
| DIRE os1,08e « sion pear 
Lo ©2026 Pokemon / Nintendo Creatures GAME FREAK 4"
1071,Meowth ex,"BASIC, a YY 
Meowth@< iw 170 * 
Last-Ditch Catch 
) Once during your turn, when you play this Pokémon from 
your hand onto your Bench, you may use this Ability. Search 
your deck for a Supporter card, reveal it, and putit into 
""| your hand. Then, shuffle your deck. You can't use more: 
than | Ability that has “Last-Ditch” in its name each turn, 
4 Tuck Tail 60 q 
Put this Pokémon and all attached cards into your hand. 
weakness @ x2 | resistance op var * 
| SEEM cz oss +5 Qoletassies a Se"
1072,Snorlax,"Basic 
= Snorlax w 160% 
* Gormandizer 
Flip a coin until you get tails. Search your deck for an 
amount of Basic Energy up to the number of heads and 
attach it to this Pokémon. Then, shuffle your deck. 
This Pokémon is now Asleep. 
weakness @ XQ | resistance! ye ira KKHK 
ie os a aE cigeave Lisanne 
BETS ccs oss @ ground does bothertatall 
Ly {62026 Pokemon /Wintendo / Creatures /GAME FREAK 4"
1073,Bunnelby,"=< Bunnelby w70 | 
Pee |e 
aaa aaa 
*) Smash Kick 10 
Ee a ee 
’ 1 GEN ose ose @ Wwildigthe whole night through withoutrest. |"
1074,Diggersby,"erase y+ 
ky Diggersby wl50 
; Ry, a) Ol 
ina = ww 
ST TPT ~ 
* Earthquake 140 
This ateack also does 30 damage to each of your Benched 
Pokémon, (Don't apply Weakness and Resistance for Benched 
Pokémon.) 
weakness @ x2 | resistance ye ira KKHK 
| CER oes/oae « ages belpnconsracl 
Ly {©2026 Pokemon / Nintendo / Creatures / GAME FREAK, 4"
1075,Fletchling,"=< Fletchling 260 &) 
* Chirp 
Search your deck for up to 2 Pokémon with # Resistance, 
reveal them, and put them into your hand. Then, shuffle 
your deck, 
w* Peck 20 
weakness) XQ | resistance @-3Q eer retreat >) i 
OGY o66/088 e merciless to intruders that enter its territory. 
SS ee"
1076,Furfrou,"25 Furfrou 90 
Tis mn \ Is F ) 
eh lie bby Pe NY 
\ Git ie 
Ss oe 
TIN \ al 
* Hand Trim 
Discard random cards from your opponent's hand until 
they have § cards in their hand. 
* Headbutt 30 
‘waskoass @ x2 recleence wa ® 
GE ver/o66 @ wort spedeslonaie pardane Of haa 
Lo {62026 Pokemon / Nintendo / Creatures GAME FREAK 4"
1077,Roto-Stick,"tem, . RAIINGR 
Roto-Stick 
E A as 
Look at the top 4 cards of your deck. You may reveal any = 
= number of Supporter cards you find there and put them 
into your hand. Shuffle the other cards back into your deck. = 
= Mh your turn. 
©2025 Pokémon / Nintendo / Creatures / GAME FREAK"
1078,Hole-Digging Shovel,"“qitem, Cas TRAINER,) 
Hole-Digging Shovel 
sl Discard the top 2 cards of your deck. 4 
Seen 
los. Toyste Beach ir turn. 7"
1079,Rare Candy,"(qltem, TRAINER, 
Rare Candy 
ey fae q z 
5 Choose | of your Basic Pokémon in play. If you have a Stage 2 - 
© card in your hand that evolves from that Pokémon, put = 
© that card onto the Basic Pokémon to evolve it, skipping the = 
© Stage |. You can’t use this card during your first turn or on = 
- a Basic Pokémon that was put into play this turn. = 
-F You may play any number of Item cards during 
illus. Studio Bora Ine. your turn. “4"
1080,Unfair Stamp,"<a TRAINER 4 
You may play any number of Item cards during 
Mle, apts Goad (. your turn. }"
1081,Enhanced Hammer,"qltem TRAINER») 
Enhanced Hammer 
= ies ~y 
oe SK iy Vat =~ 
= Discard a Special Energy from | of your opponent’s = 
= Pokémon. 
en ( i Play any number of Item cards during ) ) 
“E6HNPokmon Nintendo / Creatures / GAME FREAK"
1082,Hyper Aroma,"item aA oe AE AALINET RS 
Hyper Aroma 
You may play any number of Item cards during 
ss. feyeto Bch our turn. y 
0 Ms gaa P 
(©2024 Pokemon / Nintendo / Creatures / GAME FREAK"
1083,Love Ball,"Jtem iil TRAINER) 
Love Ball 
= Search your deck for a Pokémon with the same name as = 
| of your opponent’s Pokémon in play, reveal it, and put it 
into your hand. Then, shuffle your deck. 
You may play any number of Item cards during 
: Illus. Studio Bora Inc. your turn. 
{62024 Pokémon / Nintendo / Creatures / GAME FREAK"
1084,Boxed Order,"Boxed Order 
_& Search your deck for up to 2 Item cards, reveal them, and - 
_} put them into your hand. Then, shuffle your deck. Your - 
_& turn ends. = 
- - Y ay play any number o em | ds dui 
{©2024 Pokemon /Nintendo/ Creatures GAME FREAK"
1085,Awakening Drum,"term) TRAINER. 
Awakening Drum —_ al 
Wee oe Ro ae 
— ( a) BETES 
e O we we 
ts yt Yeu may a any number of Item cards AT } 
>, ED (a) aaa ay"
1086,Buddy-Buddy Poffin,"Jtem, ROAVIK hwy, 
Buddy-Buddy Poffin 
= Search your deck for up to 2 Basic Pokémon with 70 HP or E 
E less and put them onto your Bench. Then, shuffle your deck. = 
a You may play any number of Item cards during 
llas. AYUMI ODASHIMA your turn. y 
pi ©2024 Pokémon / Nintendo / Creatures / GAME FREAK F"
1087,Hand Trimmer,"item, "" 
Hand Trimmer 
Each player discards cards from their hand until they have 
- 5 cards in their hand. Your opponent discards first. (If a = 
© player has 5 or fewer cards in their hand, they do not discard.) 
{©2024 Pokémon / Nintendo / Creatures / GAME FREAK"
1088,Prime Catcher,"item, RANGER. 
Prime Catcher 
\ ey WA 
FS earicacn at ae ae any number of Item cards |"
1089,Reboot Pod,"| (Ke «Future! 
E i i RZ 
Attach a Basic Energy card from your discard pile to 
each of your Future Pokémon. 
E You may play any number of Item cards during 
~ Olt) geamca SQ"
1090,Ogre’s Mask,"Ogre’s Mask 
iE: am pes, \iz 
E hp We EO la Bi: 
= Choose a Pokémon @X in your discard pile that has = 
© “Ogerpon” in its name, and switch it with | of your = 
© Pokémon @X in play that has “Ogerpon” in its name. Any = 
5 attached cards, damage counters, Special Conditions, turns = 
| in play, and any other effects remain on the new Pokémon. B 
is Ei 
“ You may play any number of Item cards during 
, ©2024 Pokémon / Nintendo / Creatures / GAME FREAK"
1091,Accompanying Flute,"Accompanying Flute 
rn oo ” j 
F o a rie m > 
B y | fy a 
G5 is 7) ie 
re ia 2 
S| Reveal the top 5 cards of your opponent's deck. You may = 
= choose any number of Basic Pokémon you find there and 
© put those Pokémon onto their Bench. Your opponent 
~ shuffles the other cards back into their deck. 5 
{©2024 Pokémon / Nintendo / Creatures / GAME FREAK"
1092,Secret Box,"item, . E 
Secret Box 
You may play any number of Item cards during 
va, Teyeto Bad ‘your turn. jj 
0 its geevac < ‘ 
(©2024 Pokemon / Nintendo / Creatures / GAME FREAK"
1093,Scoop Up Cyclone,"leery Fn TRAINER 
“Scoop Up Cyclone 
- i gs VA Bo Ez 
- oa SS 
are SS 
Put | of your Pokémon and all attached cards into 
your hand. 
5 You may pl ber of Item cards duri 
— 0 Wiiel geopaa7 ex 4"
1094,Bug Catching Set,"Bug Catching Set 
anit XY | - 
f ) \QAIAl ia = 
_ Look at the top 7 cards of your deck. You may reveal up E 
"" to 2 in any combination of @ Pokémon and Basic @ Energy = 
_ cards you find there and put them into your hand. Shuffle Ec 
> the other cards back into your deck. e 
= You may play any number of Item cards during 
Pe OCASHIMA Ween: 
©2024 Pokémon / Nintendo / Creatures / GAME FREAK , 7"
1095,Dangerous Laser,"Your opponent's Active Pokémon is now Burned and 
Confused."
1096,Poké Vital A,"Poke Vital A 
You may play any number of Item cards during | 
ns, Teyeto Baad"
1097,Night Stretcher,"qitem TRAINER,) 
Night Stretcher 
& Put a Pokémon or a Basic Energy card from your discard 
© pile into your hand. = 
- You may play any number of Item cards during 
lus. Toyste Beach your turn. 
GIb4A Pokémon / Nintendo / Creatures / GAME FREAK"
1098,Glass Trumpet,"Jtem, eA IT ey 
Glass Trumpet 
j Ss ie 
B You can use this card only if you have any Tera Pokémon 
= in play. | 
| = Choose up to 2 of your Benched > Pokémon and attach = 
» a Basic Energy card from your discard pile to each of them. = , 
—_ You may play any number of Item cards during 
762024 Pokimon Nintendo Creatures /GAME FREAK"
1099,Antique Root Fossil,"tem “il TRAINER») 
SS ns, 
“Antique Root Fossil w00 
E Co ee 4 Pa| — 
E /, i us ta) 
be p> tae Na - 
i. —_ EvolvesintoLileep nt fa 
© Play this card as if it were a 60-HP Basic > Pokémon. This card = 
© can’t be affected by any Special Conditions and can't retreat. | 
f& Atany time during your turn, you may discard this card from play. = 
ee Abilicy 7 E 
« As long as this Pokémon is in the Active Spot, attacks used = 
: by your opponent's Basic Pokémon cost * more. 5 
E 5 You may play any number of Item cards during 
Mlus. AYUMI ODASHIMA 
| your turn. ) 
{7024 Pokemon / Nintendo/ Creatures GAME FREAK"
1100,Energy Search Pro,"Search your deck for any number of Basic Energy 
cards of different types, reveal them, and put them 
into your hand. Then, shuffle your deck. 
E You may play any number of Item cards during"
1101,Call Bell,"Item, : AINE. 
Call Bell 
EB You can use this card only if you go second, and only during = 
_ your first turn. : 
© Search your deck for a Supporter card, reveal it, and put it = 
= into your hand. Then, shuffle your deck. - 
""2024 Pokémon Nintendo Creatures /GAME FREAK"
1102,Dusk Ball,"Valter, TRAINER ) 
Dusk Ball 
© Look at the bottom 7 cards of your deck. You may reveal = 
© a Pokémon you find there and put it into your hand. Shuffle = 
is the other cards back into your deck. E 
i ; You may play any number of Item cards during 
4 Hilus. Studio Bora inc. A your turn. J 
~~ ©2024 Pokémon / Nintendo / Creatures / GAME FREAK"
1103,Meddling Memo,"Meddling Memo 
LE ae 
LP OG oh 
Ses ee 4 
Cy a 2 a 
- Your opponent counts the cards in their hand, shuffles those = 
~ cards, and puts them on the bottom of their deck. If they 
© do, they draw that many cards. = 
- You may play any number of Item cards during 
Illus. Ayaka Yoshida your turn. 
£2034 Pokémon / Nintendo / Creatures GAME FREAK"
1104,Megaton Blower,"FE lea \ Ka a 4 Ji ite | 
“0 ae Gein 
Discard all Pokémon Tools and Special Energy from 
all of your opponent's Pokémon, and discard a Stadium 
in play. 
E You may play any number of Item cards during"
1105,Dragon Elixir,"tem vi TRAINGR,) 
Dragon Elixir 
wets 
LG ZA 
Heal 60 damage from your Active @ Pokémon. 
=e vet re any number of Item cards during 
HGH Pokémon / Nintendo / Creatures / GAME FREAK"
1106,Deduction Kit,"Deduction Kit 
- Look at the top 3 cards of your deck and put them back in 5 
any order, or shuffle them and put them on the bottom of 
© your deck. 
og zi 
Fy] fall 
aj Lil 
Sanco (rege min cttencnt ee 
£2034 Pokémon / Nintendo / Creatures GAME FREAK"
1107,Scramble Switch,"“Scramble Switch 
Switch your Active Pokémon with | of your Benched 
Pokémon. If you do, you may move any amount of 
Energy from the Pokémon you moved to your Bench 
to the new Active Pokémon. 
E You may play any number of Item cards during"
1108,Chill Teaser Toy,"item, RAINER 
Chill Teaser Toy 
Ns You can use this card only if you go second, and only during = 
= your first turn. 
- Put an Energy attached to | of your opponent’s Pokémon q 
= into their hand. 4 
ci EI 
""162024 Pokémon Nintendo / Creatures GAME FREAK"
1109,Miracle Headset,"z , —OINN 
E ' jj f Y 
Put up to 2 Supporter cards from your discard pile 
into your hand."
1110,Max Rod,"E SS : ‘ Ne 
Gig ONS 
Put up to 5 in any combination of Pokémon and Basic 
Energy cards from your discard pile into your hand. 
- i/ You may play any number of Item cards during )¥ 
Mee, Tago Baad your turn. J 
~ 0 (ts) gaya ex hy"
1111,Treasure Tracker,"a TRAINER) 
NSP Fy \ E 
—< COM Baar | 
/ You may play any number of Item cards during 
(he, taso ye | your turn. } 
O (Ris) ear © 
el Sa ERE TOT"
1112,Super Potion,"@ltem TRAINER) 
Super Potion 
C eee : 
© Heal 60 damage from | of your Pokémon. If you healed any © 
E damage in this way, discard an Energy from that Pokémon. st 
You may play any number of Item cards during 
Illus. Studio Bora Inc. your turn. 
62025 Pokémon / Nintendo / Creatures /GAME FREAK"
1113,N’s PP Up,"N’s PP Up 
is Attach a Basic Energy card from your discard pile to | of = 
your Benched N’s Pokémon. = 
= You may play any number of Item cards during } ) 
- illus. Toyste Beach your turn. J 
{2605 Pokemon Nintendo /retures/GAME FREAK = |"
1114,Redeemable Ticket,"Redeemable Ticket 
: Se) wn 
is Count your Prize cards, shuffle them, and put them on the = 
_— bottom of your deck. Then, take that many cards from the |= 
© top of your deck and put them face down as your Prize cards. = 
Z =: Sudo Bora Ie You may play any number o ards during yy) 
1162025 Pokéinon Nintendo Creatures GAME FREAK"
1115,Hop’s Bag,"Item, ill TRAINER,) 
| Hop’s Bag 
© Search your deck for up to 2 Basic Hop's Pokémon and put = 
E them onto your Bench. Then, shuffle your deck. I 
al eI 
Fe is 
You may play any number of Item cards during 
© illus. AYUMI ODASHIMA your turn. 
£62025 Pokémon / Nintendo / Creatures / GAME FREAK"
1116,Energy Switch,"item, , (-RAIINGR 
Energy Switch 
- ies 3 Sa a 
= Move a Basic Energy from | of your Pokémon to another = 
""© of your Pokémon. = 
= You may play any number of Item cards during} 
= les. Sodio Bora Inc. your turn, ) 
©2025 Pokémon / Nintendo / Creatures / GAME FREAK"
1117,Potion,"item, 
Potion 
© Heal 30 damage from | of your Pokemon. c 
"" ‘You may play any number of Item cards during"
1118,Energy Retrieval,"Energy Retrieval 
Put up to 2 Basic Energy cards from your discard pile into 
© your hand. 
i You may play any number of Item cards during 
Flas. Studio Bora Ine. your turn. / 
3835 Pokémon / Nintendo / Creatures / GAME FREAK"
1119,Energy Search,"Item, 
Energy Search 
© Search your deck for a Basic Energy card, reveal it, and put = 
© ic into your hand. Then, shuffle your deck. E 
a otra perenne ec re"
1120,Crushing Hammer,"Item, in TRAINGR.) 
Crushing Hammer 
a Qy E 
5 ISS a» cy ae - 
PR Peg: 
3 a RON: 
a . at Z Ss = 
= Flip a coin. If heads, discard an Energy from | of your 4 
= opponent's Pokémon. = 
5 ‘You may play any number of Item cards during) 
Fs ee Yost aa 
© DGD 071/088 @ Guanamed 
Ls |€2026 Pokemon / Nintendo / Creatures /GAME FREAK 4"
1121,Ultra Ball,"gltern vA FRAT m 
Ultra Ball 
= You can use this card only if you discard 2 other cards from 
j = your hand. E 
q Search your deck for a Pokémon, reveal it, and put it into = 
= your hand. Then, shuffle your deck. = 
162025 Pokemon / Nintendo / Creatures GAME FREAK"
1122,Pokégear 3.0,"tem, RAIINGR 
Pokégear 3.0 
Look at the top 7 cards of your deck. You may reveal a 
| Supporter card you find there and put it into your hand. 
Shuffle the other cards back into your deck. f 
©2025 Pokémon / Nintendo / Creatures / GAME FREAK"
1123,Switch,"—_ltC pny TRAINER) 
Switch 
.—— Sx CO ge 
an . © Se ee: 
= Switch your Active Pokémon with | of your Benched = 
= Pokémon. 
You may play any number of Item cards during 
= Illes. Studio Bora Inc. your turn. 
2035 Pokémon Nintendo /ceaturs/ GAME FREAK"
1124,Pokémon Catcher,"Pokémon Catcher 
& Flip a coin. Ifheads, switch in | of your opponent's Benched = 
© Pokémon to the Active Spot. : 
Oar ay ey Oy eircoar ot ar eee are 
on ae Otel 
(ED oszroes © Gx"
1125,Master Ball,"“Master Ball | 
- y dj an MI 
Search your deck for a Pokémon, reveal it, and put it 
into your hand. Then, shuffle your deck. 
= X | ber of | ds duri 
ne yy"
1126,Precious Trolley,"/ You may play any number of Item cards during 
Aes acco eto arenas y 
OSs) poe, y 
is SR TOTS CEN"
1127,Tera Orb,"LECT iy Ce TRAINER) 
Tera Orb 
E kod a, => Ve 
© Search your deck for a Tera Pokémon, reveal it, and put it = 
© into your hand. Then, shuffle your deck. e 
_ x | ber of | rds duri 
3 Tehids , a hel any number of Item cards ntl j 
ar ©2024 Pokémon / Nintendo / Creatures / GAME FREAK nd"
1128,Brilliant Blender,"Item, a Et ERAAINGEI 
Brilliant Blender 
lox gst Coad se Item cards during }"
1129,Sacred Ash,"Sacred Ash 
| eR ee os =| 
Shuffle up to 5 Pokémon from your discard pile into your = 
a = You may play any number of Item cards a) 
= Illus. Eske Yoshino’ your turn. y 
©2025 Pokémon / Nintendo / Creatures / GAME FREAK a"
1130,Arven's Sandwich,"Arven’s Sandwich 
© Heal 30 damage from your Active Pokémon. If that Pokémon 
© is an Arven’s Pokémon, heal 100 damage from it instead. 
: = You may play any number of Item cards during 
| Ilys. AYUMI ODASHIMA your turn, 
’ ©2025 Pokémon / Nintendo / Creatures / GAME FREAK"
1131,Team Rocket's Bother-Bot,"item TRAINER») 
Team Rocket’s Bother-Bot 
© Turn | of your opponent’s face-down Prize cards face up © 
© and choose a random card from your opponent’s hand. = 
= Your opponent reveals that card. You may have your = 
© opponent switch those cards. (That Prize card remains face = 
E up for the rest of the game.) 4 
You may play any number of Item cards during 
Illus. Toyste Beach your turn. 
12025 Pokémon / Nintendo / Creatures / GAME FREAK"
1132,Team Rocket's Great Ball,"[ol iy I RAINGR,) 
Team Rocket’s Great Ball 
is on™ = 
E CO aa: 
| Flip a coin. If heads, search your deck for an Evolution Team = 
© Rocket’s Pokémon, reveal it, and put it into your hand. If = 
tails, search your deck for a Basic Team Rocket’s Pokémon, = 
reveal it, and put it into your hand. Then, shuffle your deck. = 
_— You may play any number of Item cards during ) 
_ Fills. Toyste Beach your turn, yy"
1133,Team Rocket's Venture Bomb,"Team Rocket’s Venture Bomb 
f wee TA 
© Flip a coin. If heads, put 2 damage counters on | of your 
= opponent's Pokémon. If tails, put 2 damage counters on — 
© your Active Pokémon. = 
You may play any number of Item cards during 
Illus. Toyste Beach your turn, 
{63625 Pokémon / Nintendo / Creatures / GAME FREAK"
1134,Team Rocket's Transceiver,"(alter, I RAINER. ) 
Team Rocket’s Transceiver 
E ‘ Sy of 3 
© Search your deck for a Supporter card that has “Team = 
© Rocket” in its name, reveal it, and put it into your hand. = 
is] Then, shuffle your deck. E 
-— You may play any number of Item cards during 
| illus. inose yukie your turn. y” 
y » ©2025 Pokémon / Nintendo / Creatures / GAME FREAK"
1135,Energy Coin,"item, vi LRAINER. 
Energy Coin 
Ec is 
Flip 2 coins. If both of them are heads, search your deck : 
_» fora Basic Energy card and attach it to | of your Pokémon. 
© Then, shuffle your deck. 
©2025 Pokémon / Nintendo / Creatures / GAME FREAK"
1136,Antique Cover Fossil,"Antique Cover Fossil wO0 - 
E For - > en eae 
i z ay —t x. oa yy \ 
© Play this card as if it were a 60-HP Basic 9« Pokémon. This card = 
© can't be affected by any Special Conditions and can’t retreat. = 
F At any time during your turn, you may discard this card from play. - 
5 @EIED Protective Cover E 
c Prevent all effects of attacks used by your opponent's = 
| Pokémon done to this Pokémon. (Damage is not an effect.) = 
i , ©2025 Pokémon / Nintendo / Creatures / GAME FREAK |"
1137,Tool Scrapper,"LECT ge TR AMINER) 
Tool Scrapper 
E ere D\ = 
© Choose up to 2 Pokémon Tools attached to Pokémon (yours = 
: or your opponent's) and discard them. S 
: You may play any number of Item cards during 
Illus. Studio Bora Inc. your turn. j 
, ©2025 Pokémon / Nintendo / Creatures / GAME FREAK"
1138,Antique Plume Fossil,"item, 
Antique Plume Fossil »O0 
| TPR mp 
ee "" ae? geet! - 
i Play this card as if it were a 60-HP Basic > Pokémon. This card E 
is can't be affected by any Special Conditions and can't retreat. E 
B At any time during your turn, you may discard this card from play. 5 
| GETED Plume Protection E 
_» As long as this Pokémon is on your Bench, prevent all = 
= damage done to this Pokémon by attacks from your 
= opponent's Pokémon. : 
{$2025 Pokemon Nintendo / Creatures / GAME FREAK"
1139,Energy Recycler,"Item —_ TRAINER») 
Energy Recycler 
E ane = 
© Shuffle up to 5 Basic Energy cards from your discard pile = 
5 into your deck. 5 
You may play any number of Item cards during 
Illus. Toyste Beach your turn. 
{63625 Pokémon / Nintendo / Creatures / GAME FREAK"
1140,Iron Defender,"item, , FEAT = 
Iron Defender 
= During your opponent's next turn, all of your “P Pokémon = 
© take 30 less damage from attacks from your opponent's = 
| 3 Pokémon (after applying Weakness and Resistance). (This - 
© includes new Pokémon that come into play.) -{ 
= You may play any number of Item cards during 
{G2035 Pokemon / Nintendo /Creatures/ GAME FREAK"
1141,Premium Power Pro,"qitem, wai TRAINER,) 
Premium Power Pro 
© During this turn, attacks used by your ## Pokémon do = 
© 30 more damage to your opponent's Active Pokémon (before 
f applying Weakness and Resistance). 
au may play any numberror Reni cerds curing 
= Illus. Toyste Beach your turn. 
2625 Pokémon / Nintendo / Creatures / GAME FREAK"
1142,Fighting Gong,"item, J = 
Fighting Gong 
| Search your deck for a Basic ## Energy card or a Basic ta FE 
"" Pokémon, reveal it, and put it into your hand. Then, shuffle E 
© your deck. 5 
Illus. Toyste Beach 
your turn. y 
#635 Pokemon Nintendo / Creatures / GAME FREAK"
1143,Repel,"alter, a RAI =J 
Repel 7 
fa ea: 
ial — x 
= Switch out your opponent's Active Pokémon to the Bench. = 
_& (Your opponent chooses the new Active Pokémon.) - 
—— You may play any number of Item cards during 
Seer ore ic: your turn. ; y 
E2035 Pokémon Nintendo / Creatures GAME FREAK"
1144,Strange Timepiece,"Strange Timepiece 
ia Devolve | of your evolved © Pokémon by putting any F 
- number of Evolution cards on it into your hand. (That E 
_ Pokémon can’t evolve this turn.) 4 
perce noch your turn. fp 
{©2025 Pokémon / Nintendo /Creatures/ GAME FREAK"
1145,Mega Signal,"wwltem, TRAINER») 
Mega Signal 
E ys Brew. — = 
5 Search your deck for a Mega Evolution Pokémon @X, reveal = 
| it, and put it into your hand. Then, shuffle your deck. B 
lus. inose yukie . 
2025 Pokémon / Nintendo / Creatures / GAME FREAK"
1146,Wondrous Patch,"Wondrous Patch 7 
£ Attach a Basic © Energy card from your discard pile to | of & 
""= your Benched © Pokémon. E 
SO irri} osasooa @ * a = 
7 162025 Pokemon Nintendo /Creatures/GAME FREAK"
1147,Jumbo Ice Cream,"legltem, P Wi = 
Jumbo Ice Cream ' 
FAS —_ Ps J = 
_ = Heal 80 damage from your Active Pokémon that has 3 or 
_= more Energy attached. = 
ee You may play any number of Item cards during 
F illus. AYUMI ODASHIMA your turn. y y 
72025 Pokémon Nintendo Creatures/GAMEFREAK"
1148,Blowtorch,"Blowtorch 
© You can use this card only if you discard a Basic # Energy 
~ card from your hand. 
© Discard a Pokémon Tool or Special Energy card from | of = 
E your opponent’s Pokémon, or discard a Stadium in play. © 
You may play any number of Item cards during 
Illus. Toyste Beach your turn, 
{2025 Pokémon / Nintendo Creatures / GAME FREAK"
1149,Energy Swatter,"qitem, wi TRAINER.) 
Energy Swatter 
© Your opponent reveals their hand, and you choose an Energy = 
© card you find there and put it on the bottom of their deck. = 
E ‘You may play any number of Item cards during) 
[rill frst Beoch your turn. y 
Li 2026 Potemon / Nintendo / Creatures / GAME FREAK wl"
1150,Antique Jaw Fossil,"Item, in TRAINER.) 
Antique Jaw Fossil w00 
a, Evolvesinto Tint. Weill = 
© Play this card as if t were a 60-HP Basic Pokémon. This card. = 
= cant be affected by any Special Conditions and canftretreat. = 
© Acany time during your turn, you may discard ths card from play. = 
= SED Intimidating Jaw E 
© As longs this Pokémon is in the Active Spot, attacks used = 
© by your opponent's Active Pokémon do 30 less damage = 
= (before applying Weakness and Resistance). > 
. a ( Yeu may pany manter fam ards ug 
‘GED cse/ose @ ¢ 
Li {€2026 Potemon /Minteno/ Creatures GAME FREAK 4"
1151,Antique Sail Fossil,"item, 
_ Antique Sail Fossil w0 7 
© Play this card as if it were a 60-HP Basic Pokémon. This card = 
© can't be affected by any Special Conditions and can't retreat. = 
5 ‘Acany time during your turn, you may discard this card from play. = 
| Protective Sail 5 
Whenever your opponent plays a Supporter card from = 
their hand, prevent all effects of that card done to this 7 
Pokémon. E 
- ‘You may play any number of Item cards during) 
jan GE)"
1152,Poké Pad,"item, 4 
Poké Pad 
© Search your deck for a Pokémon that doesn't have a Rule = 
© Box, reveal it, and put it into your hand. Then, shuffle your = 
fo deck. (Pokémon @X, Pokémon V, etc. have Rule Boxes.) 3 
Radreay Pat ary neincertot ear careairtne 
ae Cars ) 
FOI oe1/ac0 « A"
1153,Lumiose Galette,"J/ter Fe AA LIN Fe 
Lumiose Galette 
Heal 20 damage and remove a Special Condition from your = 
Active Pokémon. 
GEM o7aose @ ~~ 
rere"
1154,Team Rocket’s Hypnotizer,"Pokémonlool, TRAINER. ) 
Team Rocket’s Hypnotizer 
© Ifthe Team Rocket's Pokémon this card is attached to is in = 
© the Active Spot and is damaged by an attack from your 
= opponent's Pokémon (even if this Team Rocket’s Pokémon is 
© Knocked Out), the Attacking Pokémon is now Asleep. 
= ‘You may attach any number of Pokémon Tools to your 
Fee foach Pokémon during your turn. You may attach only | 
=o wees Pokémon Tool to each Pokémon, and it stays attached,“ 
62026 Pokémon / Nintendo / Creatures GAME FREAK"
1155,Survival Brace,"ee Pokemongioole— TRAINER. 
“Survival Brace | 
7 f Pp eee 
“| & 2s rains ff 
If the Pokémon this card is attached to has full HP 
and would be Knocked Out by damage from an attack 
from your opponent's Pokémon, it is not Knocked 
Out, and its remaining HP becomes 10. Then, discard 
this card. 
= D7 You may attach any number of Pokémon Tools to your 
Seem (Pokémon during your turn, You may attach only | 
2 0 tw aoa ee .\.. Pokémon Tool to each Pokémon, and it stays attached. af"
1156,Lucky Helmet,"PokémondTooly PAINE 
Lucky Helmet . 
= If the Pokémon this card is attached to is in the Active Spot 
= and is damaged by an attack from your opponent's Pokémon 
rs (even if this Pokémon is Knocked Out), draw 2 cards. 
= fou may attach any number of Pokémon Tools to your 
{©2024 Pokémon / Nintendo / Creatures / GAME FREAK"
1157,Rescue Board,"qe hokemen 0 Oly <i TRAINER») 
Rescue Board 
The Retreat Cost of the Pokémon this card is attached to = 
is less. If that Pokémon’s remaining HP is 30 or less, it = 
has no Retreat Cost. E 
fou may attach any number of Pokémon Tools to your 
Illus. Toyste Beach Pokémon during your turn. You may attach only | 
{7024 Pokemon / Nintendo / Creatures /GAME FREAK"
1158,Maximum Belt,"epokemonoolp— TRAINER») 
RN gt s 
to do 50 more damage to your opponent's Active 
Pokémon @X (before applying Weakness and Resistance). 
‘You may attach any number of Pokémon Tools to your “S. 
{ee troso yet Pokémon during your turn. You may attach only |_/) 
o (Tet) wy © Pokémon Tool to each Pokémon, and it stays attached. 
(©2024 Poktmon/ Nintendo /reatures/ GAME FREAK."
1159,Hero’s Cape,"—x/ U al 
‘ The Pokémon this card is attached to gets +100 HP. | 
: ‘You may attach any number of Pokémon Tools to your 
~ (flee, Tyee Baad Pokémon during your turn. You may attach only | ) 
0 (0) yams ~ Pokémon Tool to each Pokémon, and it stays attached, 4"
1160,Heavy Baton,"Heavy Baton 
iS ie 
© If the Pokémon this card is attached to has a Retreat Cost = 
of exactly 4, is in the Active Spot, and is Knocked Out by = 
damage from an attack from your opponent's Pokémon, = 
move up to 3 Basic Energy cards from that Pokémon to = 
your Benched Pokémon in any way you like. = 
fou may attach any number of Pokémon Tools to your \ 
Illus. Ayaka Yoshida Pokémon during your turn. You may attach only | 
(CF) are Pokémon Tool to each Pokémon, and it stays attached,“ 
{7024 Pokemon / Nintendo / Creatures /GAME FREAK"
1161,Handheld Fan,"Rokémon oly e¢ MINE Fey, 
Handheld Fan 
5 If the Pokémon this card is attached to is in the Active Spot 5 
_ and is damaged by an attack from your opponent’s & 
= Pokémon (even if this Pokémon is Knocked Out), move an = 
_ Energy from the Attacking Pokémon to | of your opponent’s 5 
- Benched Pokémon. c 
—- / You may attach any number of Pokémon Tools to your »\ 
F Illus. Toyste Beach Pokémon during your turn. You may attach only | 
(GILES 150/167 © COIN Maicaeolenan esas Z 
©2024 Pokémon / Nintendo / Creatures / GAME FREAK im"
1162,Binding Mochi,"Pokémongdooly RAINER 
Binding Mochi 
E alk 
j: bys - 
© Attacks used by the Poisoned Pokémon this card is attached = 
= to do 40 more damage to your opponent's Active Pokémon — 
© (before applying Weakness and Resistance). x 
= fou may attach any number of Pokémon Tools to your \ | 
- I lus. Sban Graphics Pokémon during your turn. You may attach only | ) 
""©2024 Pokémon / Nintendo / Creatures / GAME FREAK"
1163,Powerglass,"Pokémongsool, PAINE 
Powersglass 
» At the end of your turn (after your attack), if the Pokémon = 
= this card is attached to is in the Active Spot, you may attach 
© a Basic Energy card from your discard pile to it. : 
fe! ba 
= fou may attach any number of Pokémon Tools to your »\ 
= Ills. Studio Bora Inc. Pokémon during your turn. You may only ! y) 
""©2024 Pokémon / Nintendo / Creatures / GAME FREAK"
1164,Payapa Berry,"Pokémonggool, RPAIINGR., 
Payapa Berry 
Vi NW 
s If the Pokémon this card is attached to is damaged by an 
. attack from your opponent’s © Pokémon, it takes 60 less 
| damage (after applying Weakness and Resistance),and discard = 
this card. [ 
= fou may attach any number of Pokémon Tools to your \ \ 
©2024 Pokémon / Nintendo / Creatures / GAME FREAK"
1165,Sparkling Crystal,"iPokémongiool, tre T RAINE») 
le \ SG Pp he: 
- | Me i— ore am 
a Nit sas, . 
When the Tera Pokémon this card is attached to uses 
an attack, that attack costs | Energy less. (The Energy 
can be of any type.) 
- / may attach any number GF Poldon Tools 20 Your 
~ (flee, Toys Bead Pokémon during your turn. You may attach only | y"
1166,Gravity Gemstone,"ge Pokémon Tooly LRAINER, 
Gravity Gemstone 
» As long as the Pokémon this card is attached to is in the 
© Active Spot, the Retreat Cost of both Active Pokémon is 
~ fou may attach any number of Pokémon Tools to your \ 
illus. Toyste Boach Pokémon during your turn, You may attach only | } 
83624 Pokémon / Nintendo / Creatures / GAME FREAK"
1167,Deluxe Bomb,"Bokém ong Oo lp FRAINER, 
Deluxe Bomb 
fou may attach any number of Pokémon Tools to your 
(Mlb oaso yet Pokémon during your turn. You may attach only | 
O (sta) fo \. Pokémon Tool to each Pokémon, and it stays attached. 4 
'€2024 Pokéimon / Nintendo / Creatures / GAME FREAK"
1168,Counter Gain,"PokémonsTool, 
Counter Gain 
- If you have more Prize cards remaining than your 5 
- opponent, attacks used by the Pokémon this card is E 
"" attached to cost > less. E 
F ©2024 Pokémon / Nintendo / Creatures / GAME FREAK i"
1169,Amulet of Hope,"‘ ay f At SS aX rye 4 
AY J C 
If the Pokémon this card is attached to is Knocked 
Out by damage from an attack from your opponent's 
Pokémon, search your deck for up to 3 cards and put 
them into your hand. Then, shuffle your deck. 
' (©2024 Pokémon / Nintendo / Creatures GAME FREAK"
1170,Haban Berry,"Pokémongdooly LFA Fe. 
Haban Berry 
Ei If the Pokémon this card is attached to is damaged by an — 
o attack from your opponent's & Pokémon, it takes 60 less 
__» damage (after applying Weakness and Resistance), and discard = 
~ this card. - 
E = You may attach any number of Pokémon Tools to your \ 
Fes: Sdio Boro fn. Pokémon during your turn. You may attach only | J 
762025 Pokémon / Nintendo / Creatures / GAME FREAK"
1171,Hop’s Choice Band,"gPokémondTooly, RAINER,, 
Hop’s Choice Band 
(f N ww yi: 
= Attacks used by the Hop's Pokémon this card is attached = 
bE to cost less and do 30 more damage to your opponent's 
© Active Pokémon (before applying Weakness and Resistance). 
E — f/You may attach any number of Pokémon Tools to your >) 
ues Pokémon during your turn. You may attach only | )) 
Oics eee. eee 
{$2025 Pokemon / Nintendo / Creatures / GAME FREAK"
1172,Lillie’s Pearl,"IPokémonsTool, RA IINGR 
Lillie’s Pearl 
= If the Lillie’s Pokémon this card is attached to is Knocked = 
© Out by damage from an attack from your opponent’s 
= Pokémon, that player takes | fewer Prize card. E 
— / You may attach any number of Pokémon Tools to your») \ 
= illus. AYUMI ODASHIMA Pokémon during your turn. You may attach only | )} 
162025 Pokémon Nintendo / Creatures /GAME FREAK."
1173,Cynthia's Power Weight,"eRokémon Toole TIRAMNERy) 
Cynthia’s Power Weight 
c The Cynthia's Pokémon this card is attached to gets +70 HP. E 
Gueceed en au esas 
Mote Stelios Bora inc: Pokémon during your turn. You may attach only | 
’ ©2025 Pokémon / Nintendo / Creatures / GAME FREAK"
1174,Air Balloon,"laPokémon, Tools TRAINER ) 
Air Balloon 
© The Retreat Cost of the Pokémon this card is attached to = 
© is * less. 
fou may attach any number of Pokémon Tools to your 
Iles. Studio Bora Inc. Pokémon during your turn. You may attach only | 
2835 Pokémon / Nintendo / Creatures / GAME FREAK"
1175,Brave Bangle,"Pokémongooly RANGER, 
Brave Bangle 
Vine ) = 
E i, = hy ff A: 
S| If the Pokémon this card is attached to doesn’t have a Rule = 
= Box, the attacks it uses do 30 more damage to your opponent's 
~ Active Pokémon @X€ (before applying Weakness and Resistance). = 
F ~ (Pokémon @X, Pokémon V,etc. have Rule Boxes.) - 
E fou may attach any number of Pokémon Tools to rN 
eeyeetscck Pokémon during your turn. You may attach only | ) 
{G2035 Pokemon / Nintendo /Creatures/ GAME FREAK"
1176,Punk Helmet,"Pokémonsool, 
Punk Helmet 
iE AN q 
E| FA Yi |e 
E If the @ Pokémon this card is attached to is in the Active = 
- Spot and is damaged by an attack from your opponent’s E 
- Pokémon (even if this Pokémon is Knocked Out), place & 
i 4 damage counters on the Attacking Pokémon. 
S= fou may attach any number of Pokémon Tools to your \\\ 
Mote Stelios Bora inc: Pokémon during your turn. You may attach only | 
(NED 002/002 0 W Pokémon Tool to each Pokémon, and it stays attached,// 
{©2025 Pokémon Nintendo / Creatures / GAME FREAK"
1177,Sacred Charm,"iaPokémongool; LRAINER, ) 
Sacred Charm 
0) pti a 
c ae iy = 
Ss zZ is 
= The Pokémon this card is attached to takes 30 less damage = 
E from attacks from your opponent’s Pokémon that have an = 
E Ability (after applying Weakness and Resistance). c 
A ‘You may attach any number of Pokémon Tools to your 
= illus. Toyste Beach Pokémon during your turn. You may attach only | 
(i) cre Pokémon Tool to each Pokémon, and it stays attached, 
, ©2025 Pokémon / Nintendo / Creatures / GAME FREAK ;"
1178,Light Ball,"PokémongTool, 
Light Ball 
© Attacks used by the Pikachu @X this card is attached to do = 
= 50 more damage to your opponent’s Active Pokémon @X 
f (before applying Weakness and Resistance). E 
= f You may attach any number of Pokémon Tools to your 
EO sree are 
(1) CSS) 101/217 © Cage eieaeh Rolemoneneiaaaa 
12026 Pokémon Nintendo / Creatures /GAME FREAK"
1179,Thick Scale,"Thick Scale 
FE The & Pokémon this card is attached to takes 50 less damage = 
© from attacks from your opponent's @, &, ©, or 7 Pokémon = 
© (after applying Weakness and Resistance). 
2 You may attach any number of Pokémon Tools to your 
= illus. Toyste Beach Pokémon during your turn. You may attach only | 
<0) a+ Pokémon Tool to each Pokémon, and it stays attached, 
12026 Pokémon / Nintendo / Creatures / GAME FREAK"
1180,Core Memory,"mROkEMC IT 00 liye TIRMINE IR) 
Core Memory 
© The Mega Zygarde @X this card is attached to can use the = 
© attack on this card. (You still need the necessary Energy to use = 
this attack.) : 
- @B@e Geobuster 350 
© Discard all Energy from this Pokémon. 
: may attach any numberof Pokémon Tools to your) 
tos. Toys Booch Pokémon during your turn. You may attach only | 
EC}GEM o7o/oee « “ifokimonloolte ach Rokimonandikstasarachsd 
Li {62026 Pokémon / Nintendo / Creatures GAME FREAK 4"
1181,Billy & O'Nare,"‘Supporter, y RAIINGR. 
Billy & O’Nare 
cle A CQ 
‘ S os Nee | Ag hen \"" 
KR SS. ‘Aaa U7 <\U 
~ Draw 2 cards. Then, if you have 10 or more cards in your 
© hand, draw 2 more cards. 
a bat 
162025 Pokemon / Nintendo / Creatures / GAME FREAK"
1182,Boss’s Orders,"Boss’s Orders Corbeau 
© Switch in | of your opponent’s Benched Pokémon to the = 
© Active Spot. E 
You may play only | Supporter card during 
Illus. akagi your turn. y 
BZ0%6 Pokémon / Nintendo / Creatures / GAME FREAK"
1183,Perrin,"wSuUpporter P LRAINER., 
Perrin 
ax WA \ a ga 
ae oS ale X OF 
s DKS . Ie 
is N \or i] = 
_ Reveal up to 2 Pokémon in your hand and put them into E 
_ your deck. If you do, search your deck for up to that many 4 
- Pokémon, reveal them, and put them into your hand. Then, E 
_ shuffle your deck. E 
NRE so, 
F ©2024 Pokémon / Nintendo / Creatures / GAME FREAK r"
1184,Lana’s Aid,"‘Supporter 
Lana’s Aid 
c w ——w AE 
se Ze = 
E Qos es . Are = 
_ Put up to 3 in any combination of Pokémon that don’t have : 
_ a Rule Box and Basic Energy cards from your discard pile E 
_& into your hand. (Pokémon @X, Pokémon V, etc. have Rule Boxes.) 
{©2024 Pokémon / Nintendo / Creatures GAME FREAK"
1185,Explorer’s Guidance,"Explorer’s Guidance sans 
aio S . 
JIS A) S 
Fila — {i SZ _ a~/ e 
E Look at the top 6 cards of your deck and put}2: of them: 
E into your hand. Discard the other cards. : 
= You may play only | Supporter card during 
= illus. Hideki Ishikowe your turn. 
©2024 Pokémon / Nintendo / Creatures / GAME FREAK if"
1186,Eri,"E MCS GE: 
E | d hay gy ss : 
c im Za VR Ne , 
Bs Ga 
© Your opponent reveals their hand, and you discard up to - 
‘| 2 Item cards you find there. E 
- You may play only | Supporter card during 
= illus. GOSSAN your turn. 4 
{$7024 Pokémon / Nintendo / Creatures / GAME FREAK"
1187,Morty’s Conviction,"4 Supporter, L, RAINER. 4 
Morty’s Conviction 
5 lal bm (eo) La - 
be i P| ei | 
is oy 
© You can use this card only if you discard another card from = 
your hand. E 
Draw a card for each of your opponent’s Benched Pokémon. E 
| “You may play only | Supporter card during — 
| Illus. GIDORA ‘ your turn f 
©2024 Pokémon / Nintendo / Creatures / GAME FREAK ’"
1188,Ciphermaniac’s Codebreaking,"= Supporter, TRAINER. 
Ciphermaniac’s Codebrealkingd 
E a Z ig Qa a 
| PA Sere I 
i= Beeccccscoccoscscce, 
iz| Bascescocccsccoscory 
E Search your deck for 2 cards, shuffle yyourpdeckthenipug a 
= those cards on top of it in any order: Besscscecsscsc500% o4 
Pibessccccccccccccccd 
Beassccccccccseccs: 
Bibbsccccccoscccscs ca 
Betsssccccccccss sos cy 
Bissececccccocsccs: 
Illus, Toiro Akitsu ne J 
{62024 Pokemon /Hintendo Creatures] GAME FREAK."
1189,Salvatore,"(@ Supporter TRAINER ,, ) 
Salvatore 
y. o¢ CE 
E a NS : 
ee se cS 
Search your deck for a card that has no Abilities and evolves 5 
from | of your Pokémon, and put it onto that Pokémon to = 
evolve it. Then, shuffle your deck. You can use this card on = 
a Pokémon you put down when you were setting up to play = 
or on a Pokémon that was put into play this turn. c 
E ; You may play only | Supporter card during 
_ filles. Ryuta Fuse your turn. y 
) a ©2024 Pokémon / Nintendo / Creatures / GAME FREAK 7"
1190,Bianca’s Devotion,"Bianca’s Devotion 
a (GE y) IAS £2 
- Heal all damage from | of your Pokémon that has 30 HP E 
_& or less remaining. 
be js 
=a a You may play only | Supporter card during ) 
felis Morikura your turn. y 
{©2024 Pokemon /Nintendo/ Creatures GAME FREAK"
1191,Kieran,"Kieran 
t ys UY vw n 
ao — UK ba ai 
am 7 y y \ fi 
Choose |: 
_* Switch your Active Pokémon with | of your Benched 
= Pokémon. 
© + During this turn, attacks used by your Pokémon do 30 more | 
f damage to your opponent's Active Pokémon @X and Active | 
& Pokémon V (before applying Weakness and Resistance). } 
| = You may play only | Supporter card during 
3 “SUZ your turn. / 
> ©2024 Pokémon / Nintendo / Creatures / GAME FREAK a"
1192,Carmine,"SUPROGtC hye TRAINER.) 
Carmine 
A gee: q 
If you go first, you may use this card during your first turn. 
Discard your hand and draw 5 cards. 
I You may play only | Supporter card during) 
© lus. kantaro yourcurn. 
{2024 Pokémon / Nintendo / Creatures / GAME FREAK"
1193,Hassel,"‘Supporter | 
Hassel 
aay? « VE 
rR ( NE 
E y a Raa |e 
FU P Fi wary s 
© You can use this card only if any of your Pokémon were = 
fi Knocked Out during your opponent's last turn. =| 
| Look at the top 8 cards of your deck and put up to 3 of them = 
into your hand. Shuffle the other cards back into your deck. E 
©2024 Pokémon / Nintendo / Creatures / GAME FREAK y 7"
1194,Colress’s Tenacity,"4 ‘Supporter TRAINER. » 
Colress’s Tenacity 
Re Aa 
© Search your deck for a Stadium card and an Energy card, = 
_ reveal them, and put them into your hand. Then, shuffle 5 
_ your deck. 3 
- — ©2024 Pokémon / Nintendo / Creatures / GAME FREAK 7 ;"
1195,Janine’s Secret Art,"‘Supporter, "" = 
Janine’s Secret Art 
nT SS} PS) Em 3 
P a, ae fii ht a 
Choose up to 2 of your @ Pokémon. For each of those = 
Pokémon, search your deck for a Basic @ Energy card and = 
attach it to that Pokémon. Then, shuffle your deck. If you 7 
_ attached Energy to your Active Pokémon in this way, it is = 
now Poisoned. - 
EIS one, 
{E2024 Pokemon / Nintendo /Creatuces/ GAME FREAK"
1196,Cassiopeia,"SUC Cy a TRAINEE) 
Cassiopeia 
You can use this card only when it is the last card in your hand. 
© Search your deck for up to 2 cards and put them into your 
© hand. Then, shuffle your deck. 
} You may play only | Supporter card during} 
/ illus. Atsushi Furusawa your turn, 
Gib4A Pokémon / Nintendo / Creatures / GAME FREAK"
1197,Xerosic’s Machinations,"mSUPPCTte heey TRAINER.) 
Xerosic’s Machinations 
\ oo GO ou iz 
© Your opponent discards cards from their hand until they = 
F have 3 cards in their hand. E 
You may play only | Supporter card during 
Illus. GOSSAN your turn. 
Gib4A Pokémon / Nintendo / Creatures / GAME FREAK"
1198,Crispin,"Crispin 
| Ji Oe gs ys ot: 
© Search your deck for up to 2 Basic Energy cards of different 
A types, reveal them, and put | of them into your hand. Attach B 
£ the other to | of your Pokémon. Then, shuffle your deck. - 
You may play only | Supporter card during 
= Illus. GIDORA your turn. y 
3624 Pokémon / Nintendo / Creatures / GAME FREAK gz"
1199,Lacey,"Lacey 
Ely Be ra wal S| = 
E| sy io ¥ Pes Sy - 
a Seerarenter fd 
© Shuffle your hand into your deck. Then, draw 4 cards. If » 
5 your opponent has 3 or fewer Prize cards remaining, draw 5 
© 8 cards instead. : 
E You may play only | Supporter card during 
“Ills. Sanosuke Sakuma your turn. y 
3624 Pokémon / Nintendo / Creatures / GAME FREAK F"
1200,Kofu,"Kofu 
RESP 
Put 2 cards from your hand on the bottom of your deck in 
| any order. If you put 2 cards on the bottom of your deck 
» in this way, draw 4 cards. (If you can’t put 2 cards from your 
+ hand on the bottom of your deck, you can’t use this card.) 
| =... You ny play only | Supporter card during 
S your turn. 
7024 Pokemon / Nintendo/ Creatures GAME FREAK"
1201,Briar,"Briar 
= cule 
f You can use this card only if your opponent has exactly 
© 2 Prize cards remaining. 
~ During this turn, if your opponent's Active Pokémon is 
© Knocked Out by damage from an attack used by your Tera 
| Pokémon, take | more Prize card. 
| You may play only | Supporter card during 
| Illus. Nooki Saito your turn. 
7024 Pokemon / Nintendo/ Creatures GAME FREAK"
1202,Drayton,"Drayton 
Se J yy 
Be <e_ \ LN oa Ci, | 
RWG y ‘ hms 27, 
\ “Ny ye eS iy y y 
= m Ox Gar 
mae p x | monn: 2} 
Look at the top 7 cards of your deck. You may reveal a 
© Pokémon and a Trainer card you find there and put them 
© into your hand. Shuffle the other cards back into your deck. 
‘| You may play only | Supporter card during 
eee DORA your turn. / 
’ ©2024 Pokémon / Nintendo / Creatures / GAME FREAK"
1203,Surfer,"‘Supporter, 
Surfer 
__ Se ie 
F = coy ow S 4 
s ZA | a 
. Switch your Active Pokémon with | of your Benched eB 
- Pokémon. If you do, draw cards until you have 5 cards in E 
- your hand. 
{2024 Pokémon / Nintendo / Creatures GAME FREAK"
1204,Lisia’s Appeal,"Supporter, , RAINGR 
Lisia’s Appeal 
S| s Wor i 
S| ey ve, pls 
: WA of az 
Switch in | of your opponent's Benched Basic Pokémon to. 
F the Active Spot. If you do, the new Active Pokémon is now = 
= Confused. 
a / You may play only | Supporter card during y) 
i624 Pokémon Nintendo / Creatures / GAME FREAK"
1205,Cyrano,"Upp iil TRAINER,) 
Cyrano 
Search your deck for up to 3 Pokémon @X, reveal them, 
and put them into your hand. Then, shuffle your deck. 
t : You may play only | Supporter card during} 
/ illus. Akira Komayama your turn. } 
{2024 Pokémon / Nintendo / Creatures GAME FREAK"
1206,Larry’s Skill,"‘ae Supporter. TRAINER. ) 
Larry’s Skill 
t iV , a 
© Discard your hand and search your deck for a Pokémon, a = 
| Supporter card, and a Basic Energy card, reveal them, and = 
= put them into your hand. Then, shuffle your deck. ef 
| = You may play only | Supporter card during 
| 2025 Pokémon / Nintendo / Creatures / GAME FREAK"
1207,Amarys,"e FRAALIN in 
os Ini eee eet 7, £ ESSE SS ES 
Amarys 
| SAAS So ee em IJ 
cI nf > aa =! 
f MAK Ee - @> HEAT — mele 
: — = cee Lae 
iE FE 
H Draw 4 cards. At the end of this turn, if you have 5 or more : 
© cards in your hand, discard your hand. = 
— ly I ly 1S t d duri 
= fou may play only | Supporter card during 
glee. Akira Komeyama your turn. y 
{G2035 Pokemon / Nintendo /Creatures/ GAME FREAK"
1208,Iris’s Fighting Spirit,"f ‘Supporter, y PAIINGR - 
Iris’s Fighting Spirit 
E YY ye : 
You can use this card only if you discard another card from 
your hand. =| 
© Draw cards until you have 6 cards in your hand. ' 
= Gar nay ply on cupporeercard'curine 
ane our turn. wh 
162025 Pokemon / Nintendo / Creatures / GAME FREAK"
1209,Ruffian,"Ruffian 
= on “Ney ma = 
et Discard a Pokémon Tool and a Special Energy from | of = 
© your opponent's Pokémon. : 
= fou may play only | Supporter card during 
~ Illus. Hideki Ishikawa turns 
r {©2025 Pokémon / Nintendo / Creatures / GAME FREAK aa”"
1210,Brock’s Scouting,"Brock’s Scouting 
= a es a 
= ha Py ae” Ph 
a eae Bi. = 
© Search your deck for up to 2 Basic Pokémon or | Evolution © 
- Pokémon, reveal them, and put them into your hand. Then, 5 
' shuffle your deck. £"
1211,Black Belt’s Training,". Supporter, A LRAINER, 
Black Belt’s Training 
E A we Pp 
_ During this turn, attacks used by your Pokémon do 40 more B 
damage to your opponent's Active Pokémon @X (before = 
> applying Weakness and Resistance). 
= (You may play only | Supporter card during 
cin ac 
{G2035 Pokemon / Nintendo /Creatures/ GAME FREAK"
1212,Cook,"Cook 
C [ieee a cae DP a = 
| ao Vv ‘ee = 
~ Ze 7 V Se 
cL i. J 9 -W eo Spe : 
© Heal 70 damage from your Active Pokémon. : 
eo cca ay 
{©2024 Pokémon / Nintendo / Creatures GAME FREAK"
1213,Judge,"Judge 
El Rwy Keg 
Each player shuffles their hand into their deck and draws 
4 cards. 
=. (ens on | Seppo cr uring) 
POLES orsroce » Wl y- 
Ls |€2026 Pokemon / Nintendo / Creatures /GAME FREAK 4"
1214,Emcee's Hype,"Emcee’s Hype 
} ES YW 
EM bo ~ 
ye TS @ G « WA 
if ae * RE ¢ 
7h x Vg 
+ Draw 2 cards. If your opponent has 3 or fewer Prize cards 
© remaining, draw 2 more cards. 
= You may play only | Supporter card during 
F Illus. Cona Nitanda your turn. 
, ©2025 Pokémon / Nintendo / Creatures / GAME FREAK"
1215,Ethan's Adventure,"Supporter, 
Ethan’s Adventure 
SS is ) q 
| Search your deck for up to 3 in any combination of Ethan's = 
- Pokémon and Basic # Energy cards, reveal them, and put e 
- them into your hand. Then, shuffle your deck. a 
acieuccatscnincusucm 
You may play only | Supporter card during 
Ils. lori Suzuki tia } 
12025 Potdmon Nintendo / Creatures /GAME FREAK"
1216,Team Rocket's Ariana,"as Supporter, I RA JINER, / 
Team Rocket’s Ariana 
: ie, O FP Se 
a Cn » ir a: 
E an | ® Nae AN): 
=| Draw cards until you have 5 cards in your hand. If all of © 
- your Pokémon in play are Team Rocket’s Pokémon, draw 5 
_ cards until you have 8 cards in your hand instead. E 
| ©2025 Pokémon Nintendo / Creatures / GAME FREAK i"
1217,Team Rocket's Archer,"Team Rocket’s Archer 
E| Fay tas 
=| You can use this card only if any of your Team Rocket's | 
Fi Pokémon were Knocked Out during your opponent's last © 
E Each player shuffles their hand into their deck. Then, you | 
_& draw 5 cards, and your opponent draws 3 cards. E 
5 YX lay only | Si dacne 
= fou may play on! upporter card durin ) 
“lls. Hideki Ishikawa your wi baal al wi f 
182025 Pokémon / Nintendo /Creatures/ GAME FREAK"
1218,Team Rocket's Giovanni,"Team Rocket’s Giovanni 
is Mee a =a < 
© Switch your Active Team Rocket's Pokémon with | of your 
5 Benched Team Rocket's Pokémon. If you do, switch in | of = 
q your opponent's Benched Pokémon to the Active Spot. E 
= /You may play only | Supporter card during ) 
poeta your turn. yy 
if ©2025 Pokémon / Nintendo / Creatures / GAME FREAK"
1219,Team Rocket's Petrel,"& Supporter. LRAINER. ) 
Team Rocket’s Petrel | 
4 Search your deck for a Trainer card, reveal it, and put it © 
© into your hand. Then, shuffle your deck. 5 
""illus. GOSSAN ahesisiczes 
| {63625 Pokémon / Nintendo / Creatures / GAME FREAK |"
1220,Team Rocket's Proton,"‘Supporter, 
Team Rocket’s Proton 
a i yy 
| If you go first, you may use this card during your first turn. 
Search your deck for up to 3 Basic Team Rocket’s Pokémon, 
_ reveal them, and put them into your hand. Then, shuffle 
© your deck. 
(©2025 Pokémon / Nintendo / Creatures / GAME FREAK z"
1221,N's Plan,"w2upporter, y LRAINER, 
N’s Plan 
a eZ } J z 
E VA » a 
FY] | ss L)) A ry 
Move up to 2 Energy from your Benched Pokémon to your 
_ Active Pokémon. 
a (You may play only | Supporter card duri during )) 
{G2035 Pokemon / Nintendo /Creatures/ GAME FREAK"
1222,Fennel,"Fennel 
b s J Ns = 
iz| zB 
E Heal 40 damage from each of your Pokémon. : 
= (You may play only | Supporter card during 
‘S283 Pokémon / Nintendo / Creatures / GAME FREAK"
1223,Harlequin,"Harlequin 
E| Maye : 
feat, oe se ey / = 
: Each player shuffles their hand into their deck. Then, flip a = 
© coin. If heads, you draw 5 cards, and your opponent draws — 
3 cards. If tails, you draw 3 cards, and your opponent draws — 
ee 5 cards. = 
= You may play only | Supporter card during y) 
eee see your turn. 
©2025 Pokémon / Nintendo / Creatures / GAME FREAK"
1224,Cheren,"Cheren 
o- Crnttertsl ims 
t mee (| 
ey S ke ' 
E VA NAS De | = 
E Draw 3 cards. : 
—. (You may play only | Supporter card during 
= Seeeerere: your turn. y 
€Gz025 Pokémon Nintendo Creatures /GAME FREAK"
1225,Hilda,"aS Upporter ig, TARRAINEFe 
Hilda 
| Search your deck for an Evolution Pokémon and an Energy - 
B card, reveal them, and put them into your hand. Then, : 
5 shuffle your deck. : 
— /You may play only | Supporter card during) 
= Hlus. yu your turn. y 
{G2035 Pokemon / Nintendo /Creatures/ GAME FREAK"
1226,Lt. Surge's Bargain,"Lt. Surge’s Bargain 
PSx WS \ ay | 
» Ask your opponent if each player may take a Prize card. If 
© yes, each player takes a Prize card. If no, you draw 4 cards. 
| a... Hau only | Supporter card during } 
| oo {G2035 Pokemon / Nintendo /Creatures/ GAME FREAK ’"
1227,Lillie's Determination,"Lillie’s Determination 
— = (IANS, Oa 
JPA \ \ ee hes na Sad 
{AG LES \NWE a 
Shuffle your hand into your deck. Then, draw 6 cards. If 
© you have exactly 6 Prize cards remaining, draw 8 cards 
© instead. 
| You may play only | Supporter card during ) 
Iles. Atsushi Furusawa your turn. 
, 162025 Pokemon / Nintendo Creatures / GAME FREAK"
1228,Acerola's Mischief,"moUPppogter, eZ LIRAIINER 
| Acerola’s Mischief 
F 4 a eS i 
ai —_ i was { F 
Ry Rebel mr | 
5 You can use this card only if your opponent has 2 or fewer = 
| Prize cards remaining. : 
© Choose | of your Pokémon in play. During your opponent's : 
/© next turn, prevent all damage from and effects of attacks - 
© done to that Pokémon by your opponent's Pokémon @X. E 
— Fou may play only | Supporter card during ™ 
giles. You Nishida your i ’ , y 
£2025 Pokemon Nintendo / Creatures /GAME FREAK"
1229,Wally's Compassion,"‘Supporter, . RAIINGR 
Wally’s Compassion 
ey A b a 
E a"" G pe 
Heal all damage from | of your Mega Evolution Pokémon @X. 
© If you healed any damage in this way, put all Energy attached 
_= to that Pokémon into your hand. 
head 
‘S283 Pokémon / Nintendo / Creatures / GAME FREAK"
1230,Grimsley's Move,"SUPP OR LC yee TRAINER») 
Grimsley’s Move 
Ss VA vie 
! ie SS 
P P r) ‘db 
Look at the top 7 cards of your deck and put a @ Pokémon 
© you find there onto your Bench. Shuffle the other cards 
© and put them on the bottom of your deck. You can’t use 
© this card during your first turn. 
= You may play only | Supporter card during 
F illus. GIDORA your:turn, 
’ ©2025 Pokémon / Nintendo / Creatures / GAME FREAK"
1231,Dawn,"a Supporter, I RA JINER, ) 
Dawn 
iE b Fen = 
E ae ie | 
E Al aa S : 
© Search your deck for a Basic Pokémon, a Stage | Pokémon, = 
© and a Stage 2 Pokémon, reveal them, and put them into = 
your hand. Then, shuffle your deck. iat 
= You may play only | Supporter card during ) 
Illus. You Nishide wl your turn. y 
i"" » a ©2025 Pokémon / Nintendo/ Creatures / GAME FREAK"
1232,Firebreather,"Firebreather 
E La se ST “ oe 
Search your deck for up to 7 Basic #% Energy cards, reveal = 
E them, and put them into your hand. Then, shuffle your deck. = 
—— You may play only | Supporter card during 
{G2025 Pokémon / Nintendo /Creatures/ GAME FREAK"
1233,Canari,"Canari 
ad ey N L 
in j (AQ a 
| You can use this card only if you discard another card from E 
B your hand. 5 
iy Search your deck for up to 4 4 Pokémon, reveal them, and 
— put them into your hand. Then, shuffle your deck. = 
= You may play only | Supporter card during )_ 
= lls. Naoki eee your turn, ly 
162636 Pokémon / Nintendo /Creatures/ GAME FREAK F"
1234,Anthea & Concordia,"‘Supporter: . PAIINGR 
Anthea & Concordia 
A SS] NB \V ANA 
j in Wwe |* | Soe Ny) - 
CORY = 
TOM enV PN = 
SONS | 
You can use this card only if you have N’s Darmanitan, 
N’s Zoroark @X, N’s Vanilluxe, N’s Klinklang, N’s Reshiram, 
and N’s Zekrom in play. 
© During this turn, if your opponent’s Active Pokémon is 
Knocked Out by damage from an attack used by your N’s & 
Pokémon, take 3 more Prize cards. = 
GEE ence. 
162636 Pokémon / Nintendo /Creatures/ GAME FREAK"
1235,Waitress,"Waitress 
© Look at the top 6 cards of your deck and attach a 6 
bE Basic Energy card you find there to | of your Pokémon. 
q Shuffle the other cards back into your deck. ; 
= You may play only | Supporter card during 
E illus. Cona Nitonda your turn, Y 
F {$2636 Pokémon / Nintendo /Creatures/ GAME FREAK"
1236,Urbain,"Urbain 
fs Draw 3 cards. | 
= Illus. Teeziro"
1237,Lucian,"Supporter TRAINER.) 
Lucian 
om | wy ates \\wle 
aTTOAU: 
E (q L N iN Ni: 
FI Lr Sab 
© Each player shuffles their hand and puts it on the bottom = 
© of their deck. If either player put any cards on the bottom = 
© of their deck in this way, each player flips a coin. If heads, = 
that player draws 6 cards. If tails, they draw 3 cards. = 
© that player d ds. If tails, they draw 3 card 
You may play only | Supporter card during 
Mls. A your turn. 
{2024 Pokémon / Nintendo / Creatures / GAME FREAK"
1238,Tarragon,"Tarragon 
ia xn LeOzh Ml — Ee 
slil Sh WE 
we We 
© Put up to 4 in any combination of ## Pokémon and - 
| Basic ## Energy cards from your discard pile into your hand. = 
a. You may pay ony Supporter card rig 
‘DERE oss,oee «"
1239,Naveen,"eSupport iy Cae TRAINER) 
Naveen 
i) Cn [lS > 
5 coal INR wy Lt 3 
1) im mi oe 
© Draw cards until you have 5 cards in your hand. Before = 
© drawing cards, you may discard any number of cards from = 
© your hand. (If you can’t draw any cards in this way, you can’t = 
© use this card.) B 
L You wi play only | Supporter card during ) )"
1240,Rosa's Encouragement,"SUPP Ont ey ce TR AMM ER) 
Rosa’s Encouragement 
at Se Ss a : 
Lary Mier 7) >, a 
You can use this card only if you have more Prize cards 
remaining than your opponent. 
‘Attach up to 2 Basic Energy cards from your discard pile 
to | of your Stage 2 Pokémon, 
PE... / vecwlsan ‘only | Supporter card during | 
PG)EEM cos/oce + Wl wy, 
Li {62026 Pokémon / Nintendo / Creatures GAME FREAK 4"
1241,Jacinthe,"Jacinthe 
— BN NG ai 
Heal 150 damage from | of your ® Pokémon. E 
— Aaa ray raver"" currerieresrd during 
(GED ovs/ace « Cll"
1242,Community Center,"Stadium Ke TRAINER, 
Community Center 
aD een: 
E 2 Sil Bee - 
© Once during each player's turn, if they played a Supporter E 
5 card from their hand this turn, they may heal 10 damage E 
» from each of their Pokémon. E 
— You may play only | Stadium card during your turn. Put it next to Vy 
S Illus. MARINA Chikazawo the Active Spot, and discard it if another Stadium comes into play.) / 
©2024 Pokémon / Nintendo / Creatures / GAME FREAK r"
1243,Perilous Jungle,"lg Stadium TRAINER») 
Perilous Jungle 
g eS ty ‘ = 
= een SS ae CA = 
c Mice BS Zoe : DIAN - 
i During Pokémon Checkup, put 2 more damage counters = 
= on each Poisoned non-@ Pokémon (both yours and your = 
© opponent's). E 
‘You may play only | Stadium card during your turn. Put it next to 
MEAYUMT ODASHIMA the Active Spot, and discard it if another Stadium comes into play. 
1D oe EE es 
2024 Pokémon / Nintendo Creatures / GAME FREAK"
1244,Full Metal Lab,"OOEEIM TRAINER) 
Full Metal Lab 
E Wet = tates WSs 
alk (sss Bieri y y| = 
ON i, Se yy al: 
c iS r OE mA = 
E & Pokémon (both yours and your opponent’s) take 30 less - 
damage from attacks from the opponent’s Pokémon (after = 
applying Weakness and Resistance). af 
‘You may play only | Stadium card during your turn Put it next to s 
ME AYUH ODASHIMA the Active Spot, and discard ie ifanother Stadium comes into play. 
(Cer) Peace A Sis m with the same name can’t be played 4. 
{2024 Pokémon / Nintendo / Creatures GAME FREAK"
1245,Festival Grounds,"S12 iU ery Ce TIRAMINE RR) 
Festival Grounds 
| ag a lth Gets r = 
© Each Pokémon that has any Energy attached (both yours and = 
= your opponent’s) recovers from all Special Conditions and = 
© can’t be affected by any Special Conditions. =i 
‘You may play only | Stadium card during your turn. Put it next to \ 
Illus. MARINA Chikazawa ,o, _ the Active Spot, and discard it if another Stadium comes into pla. 
{2024 Pokémon / Nintendo / Creatures / GAME FREAK"
1246,Jamming Tower,"S221 iy Coe TRAINER) 
Jamming Tower 
ill KN ) GaP : 
~. \ yarn PENS 
C bi Ue (EEE) 4 = Bl - 
b A 73 r WED ae - 
- i “Wilkes, x Pe = 
e RTE sib ater em, 7 mR, =4 
© Pokémon Tools attached to each Pokémon (both yours and = 
© your opponent's) have no effect. if 
‘You may play only | Stadium card during your turn. Put it next to \ 
Ils. AYUMI ODASHIMA the Active Spot, and discard it if another Stadium comes into play 
{E2034 Pokémon / Nintendo / Creatures GAME FREAK"
1247,Neutralization Zone,": eS ae laa 
Prevent all damage done to Pokémon that don’t have 
a Rule Box (both yours and your opponent's) by attacks 
from the opponent’s Pokémon @X and Pokémon V- 
(Pokémon @X, Pokémon ¥, etc. have Rule Boxes.) 
This card can’t be put into your hand or deck from 
the discard pile. 
O (Shu) caagazase"
1248,Academy at Night,"me Stadium os TRAINER.) 
Academy at Night 
I aH hi i Pp. / ol 
© Once during each player's turn, that player may put a card = 
E from their hand on top of their deck. - 
‘You may play only | Stadium card during your turn Put it next to s 
Me AVN ODASHIMA the Active Spot, and discard it if another Stadium comes into play. 
GIb4A Pokémon / Nintendo / Creatures / GAME FREAK"
1249,Grand Tree,"ST a A TRAINER 4 
i Pe Ae ee 
Vices ‘=a 7 i a 
i d es > tay 
Z Way pay only VStadhan card ring Your tune PETER tO \ 
= im AMORA the Active Spot, and discard tif another Stadium comes into play. 
<0) Sm) peep vy “emi abi / 
{©2024 Pokémon / Nintendo / Creatures / GAME FREAK"
1250,Area Zero Underdepths,"Area Zero Underdepths 
r — wi i 
han. SS \ . eS i z 
ee as a eae cea - 
F Each player who has any Tera Pokémon in play can have up = 
E to 8 Pokémon on their Bench. = 
Ifa player no longer has any Tera Pokémon in play, that player = 
discards Pokémon from their Bench until they have 5. When = 
this card leaves play, both players discard Pokémon from = 
their Bench until they have 5, and the player who played = 
this card discards first. ba 
‘You may play only | Stadium card during your turn. Put it next to 
Illus. MARINA Chikazawa {the Active Spot, and discard it if another Stadium comes into ply. 
(8) ERED o31 1a @ cASadumyith he same name canbe payed 4: 
|_~ » 3024 Pokemon / Nintendo / Creatures / GAME FREAK ,"
1251,Lively Stadium,"meStadium ia TRAINER.) 
Lively Stadium 
t ieeo a ere = 
E i com ee ee aagel 2 ps) - 
E i fas Ay 
E Ue ccd LT Le pet | - 
c 4 [prey a ea) = 
= f GALI Lee I 
E a i : hs AS = 
© Each Basic Pokémon in play (both yours and your opponent's) = 
‘You may play only | Stadium card during your turn, Put it next to 
Ilys. imoniiit the Active Spot, and discard it if another Stadium comes into play. 
i624 Pokemon Nintendo / Creatures / GAME FREAK"
1252,Gravity Mountain,"et emmy Tl JME : 
Gravity Mountain 
E ty * ie = 
© Each Stage 2 Pokémon in play (both yours and your opponent's) = 
: crime pay ony Staten card uring your'aa: FOR EEO 
AGS AYUMI ODASHIMA the Active Spot, and discard it if another Stadium comes into play.) J 
(6) GV 177/107 @ A Sasumyrth he same nme cart be played, A 
~~ ©2024 Pokémon / Nintendo / Creatures / GAME FREAK ="
1253,N’s Castle,"Messocium = 
N’s Castle | 
eel) 000 ap OG. OG hg aly FEA Sy a _ : 
a Oe / ey eS 
a) DONG GA LL“ Na 
- SENG it ZZ, 
A N’s Pokémon in play (both yours and your opponent's) have = 
© no Retreat Cost. Ee 
| A /You may play only | Stadium card during your turn. Put it next to) 
| Filles. AYUMI ODASHIMA the Active Spot, and discard itif another Stadium comes into play.) J 
TE GED 152/150 @ Qe Sadimnt the same name cart be played. as"
1254,Levincia,"Levincia | 
a fm q 
© Once during each player’s turn, that player may put up to = 
2 Basic ¥ Energy cards from their discard pile into their hand. E 
= “You may play only | Stadium card during your turn, Puttinext to."" 
| BE lus. MARINA Chikazawa the Active Spot, and discard it if another Stadium comes into play.) J 
- ©2025 Pokémon / Nintendo / Creatures / GAME FREAK al"
1255,Postwick,"Stadium, vg LRAINEGR,, 
Postwick 
Attacks used by Hop’s Pokémon (both yours and your 
opponent's) do 30 more damage to the opponent's Active 
= Pokémon (before applying Weakness and Resistance). = 
- //You may play only | Stadium card during your turn, Put it next to )) 
ilws. AYUMI ODASHIMA the Active Spot, and discard it if another Stadium comes into play. 
(GED 152/750 @ X ASiumyith the same name cn be pyed. LA 
1@2035 Pokémon / Nintendo / Creatures GAME FREAK F"
1256,Team Rocket's Watchtower,"| Team Rocket’s Watchtower | 
Fi 3 Pokémon in play (both yours and your opponent's) have 5 
= no Abilities. FE 
MATEOGASHIMA the Active Spot, and discard if another Stagium comes into ply 
(YEE r20/120 @ A Sasimyrth he same name canbe payed. yf 
182025 Pokémon / Nintendo /Creatures/ GAME FREAK"
1257,Team Rocket's Factory,"| Team Rocket’s Factory | | 
aS C + hee ne = 
Ei ay 
© Once during each player's turn, if they played a Supporter = 
© card that has “Team Rocket” in its name from their hand = 
- this turn, they may draw 2 cards. E 
a — ‘You may play only | Stadium card during your turn. Put it next to N 
I lis. imonitt the Active Spot, and discard it f nother Stadium comes into play.) J | 
| | ()(GHED 173/102 @ XA Statum withthe same name can be pyed. :"
1258,Granite Cave,"@S20iU 7 pr Aa TRAMINGR») 
Granite Cave 
c Se ad = 
= =i fine = FU a 
° ee ed i = 
= Steven’s Pokémon (both yours and your opponent’s) take = 
© 30 less damage from attacks from the opponent’s Pokémon = 
E (after applying Weakness and Resistance). E 
~ ‘You may play only | Stadium card during your tur. Put it next to 
NORE AVUMEODASHINA the Active Spot, and discard it if another Stadium comes into play. 
Dion) A Stadium with the same name can't be played. J 
, ©2025 Pokémon / Nintendo / Creatures / GAME FREAK"
1259,Spikemuth Gym,"Spikemuth Gym 
tt + eee 
bee VARS i S 
| aw arn 4 
- Once during each player’s turn, that player may search their = 
= deck for a Marnie’s Pokémon, reveal it, and put it into their 5 
hand. Then, that player shuffles their deck. E 
‘You may play only | Stadium card during your tur. Put it next to 
MATEOGASHIMA be wan Saat discard it Saas Stadium comes into pay. / 
F 182025 Pokémon / Nintendo /Creatures/ GAME FREAK"
1260,Risky Ruins,"Risky Ruins 
ar |e (FE 
ial ae ee a: 
» Whenever any player puts a Basic non-@ Pokémon onto E 
their Bench during their turn, place 2 damage counters on = 
that Pokémon. : 
= ‘You may play only | Stadium card during your turn, Put it next to) 
Ilys. imoniii the Active Spot, and discard it if another Stadium comes into play. 
(CBD 127/132 © WAgeime esenenanscent tenet as 
WI tbs Pokemon /nintendo creatures GAME FREAK"
1261,Forest of Vitality,"“ ‘Stadium, TRAINER. ) 
Forest of Vitality || 
3 ys Ze! Zo Ss e 4 
3 oh ae’ z 
E | v ae ye = 
5 Each player’s @ Pokémon can evolve into @ Pokémon 5 
during the turn they play those Pokémon, except during their = 
first turn. Ee 
= “You may play only | Stadium card during your turn. Putit next to). 
* lus. AYUMI ODASHIMA S marie sce add = anoth si lurr = zi * J 
| , ©2025 Pokémon / Nintendo / Creatures / GAME FREAK"
1262,Surfing Beach,"we Stadium, TRAINER » 
Surfing Beach 
0 Ne a es, 
F < —— Om Ber Pam a : 
© Once during each player's turn, that player may switch their = 
© Active © Pokémon with | of their Benched @ Pokémon. = 
= ‘You may play only | Stadium card during your turn, Put it next to 
ilies AYUMI ODASHIMA the Active Spot, and discard it if another Stadium comes into pla. 
, ©2025 Pokémon / Nintendo / Creatures / GAME FREAK ;"
1263,Mystery Garden,"Stadium “il TRAINER,) 
Mystery Garden 
a) i oe c eet | 
i < — reall | 
fe e oo = = ee Os = 
: A SS ee: 
is ee ee Be = 
© Once during each player's turn, that player may discard an = 
© Energy card from their hand in order to draw cards until = 
© they have as many cards in their hand as they have © Pokémon = 
© in play. rE 
‘You may play only | Stadium card during your turn. Put it next to y 
lls. AYUMI ODASHIMA the Active Spot, and discard it if another Stadium comes into play. 
2635 Pokémon / Nintendo / Creatures / GAME FREAK"
1264,Battle Cage,"eg St20iU 7 ar eee TIRAMINGE) 
Battle Cage 
E —) | A iaseee Anan, i - 
Z J a = p Oe 
© Prevent all damage counters from being placed on Benched = 
© Pokémon (both yours and your opponent’) by effects of attacks & 
© and Abilities from the opponent’s Pokémon. (Damage from = 
© attacks is still taken.) ss 
= ‘You may play only | Stadium card during your turn, Put it next to 
NOE TARINA Chikozowo the Active Spot, and discard it if another Stadium comes into play. 
, ©2025 Pokémon / Nintendo / Creatures / GAME FREAK"
1265,Dizzying Valley,"Dizzying Valley 
s ef 4 E 
© Confused Pokémon (both yours and your opponent’s) don’t = 
= recover from that Special Condition when they evolve or = 
devolve. 5 
/ You may play only | Stadium card during your turn. Put it next to ‘\) 
MEP AVOROCASHINA the Active Spot, and discard it if another Stadium comes into play. 
se antares yy 
(GED osaooa @ A Sasium ith he same name cant be played Y 
12025 Pokémon Nintendo / Creatures /GAME FREAK"
1266,Nighttime Mine,"Nighttime Mine 
. Attacks used by each Tera Pokémon in play (both yours and 
- your opponent’s) cost more. c 
‘You may play only | Stadium card during your turn. Put it next to \ 
Ils. Kenichi Yamaguchi the Active Spot, and discard tif another tatum comes into play.) 
GS 197/217 « “A se esas ame an en A= 
{$2636 Pokémon / Nintendo /Creatures/ GAME FREAK"
1267,Lumiose City,"stadium, in TRAINER.) 
_Lumiose City 
ia) ey ; pf Lea, = 
E Nha any 4 Ie 3 
E ire a Final blatant’ || = 
= Pp a leit : 
= Once during each player's turn, chat player may search their = 
© deck for a Basic Pokémon and put it onto their Bench. Then, = 
© that player shuffles their deck. If a player searches their = 
© deck in this way, their turn ends. 5 
4 Sou ayy en Sem rd dng your mn Pace | 
eta ce the Ate psd ca anther Sad coe pi 
Li {©2026 Pokemon /Ninnendo (Creatures GAME FREAK 4"
