cardId,name,cardType,hp,type,weakness,resistance,retreat,basic,stage1,stage2,ex,megaEx,aceSpec,n_attacks,best_dmg,min_cost_for_best,dmg_per_energy,attacks
1,Basic {G} Energy,BASIC_ENERGY,0,GRASS,,,0,False,False,False,False,False,False,0,0,99,0,
2,Basic {R} Energy,BASIC_ENERGY,0,FIRE,,,0,False,False,False,False,False,False,0,0,99,0,
3,Basic {W} Energy,BASIC_ENERGY,0,WATER,,,0,False,False,False,False,False,False,0,0,99,0,
4,Basic {L} Energy,BASIC_ENERGY,0,LIGHTNING,,,0,False,False,False,False,False,False,0,0,99,0,
5,Basic {P} Energy,BASIC_ENERGY,0,PSYCHIC,,,0,False,False,False,False,False,False,0,0,99,0,
6,Basic {F} Energy,BASIC_ENERGY,0,FIGHTING,,,0,False,False,False,False,False,False,0,0,99,0,
7,Basic {D} Energy,BASIC_ENERGY,0,DARKNESS,,,0,False,False,False,False,False,False,0,0,99,0,
8,Basic {M} Energy,BASIC_ENERGY,0,METAL,,,0,False,False,False,False,False,False,0,0,99,0,
9,Boomerang Energy,SPECIAL_ENERGY,0,COLORLESS,,,0,False,False,False,False,False,False,0,0,99,0,
10,Neo Upper Energy,SPECIAL_ENERGY,0,COLORLESS,,,0,False,False,False,False,False,True,0,0,99,0,
11,Mist Energy,SPECIAL_ENERGY,0,COLORLESS,,,0,False,False,False,False,False,False,0,0,99,0,
12,Legacy Energy,SPECIAL_ENERGY,0,RAINBOW,,,0,False,False,False,False,False,True,0,0,99,0,
13,Enriching Energy,SPECIAL_ENERGY,0,COLORLESS,,,0,False,False,False,False,False,True,0,0,99,0,
14,Spiky Energy,SPECIAL_ENERGY,0,COLORLESS,,,0,False,False,False,False,False,False,0,0,99,0,
15,Team Rocket's Energy,SPECIAL_ENERGY,0,COLORLESS,,,0,False,False,False,False,False,False,0,0,99,0,
16,Prism Energy,SPECIAL_ENERGY,0,COLORLESS,,,0,False,False,False,False,False,False,0,0,99,0,
17,Ignition Energy,SPECIAL_ENERGY,0,COLORLESS,,,0,False,False,False,False,False,False,0,0,99,0,
18,Grow Grass Energy,SPECIAL_ENERGY,0,GRASS,,,0,False,False,False,False,False,False,0,0,99,0,
19,Telepath Psychic Energy,SPECIAL_ENERGY,0,PSYCHIC,,,0,False,False,False,False,False,False,0,0,99,0,
20,Rock Fighting Energy,SPECIAL_ENERGY,0,FIGHTING,,,0,False,False,False,False,False,False,0,0,99,0,
21,Scrafty,POKEMON,120,DARKNESS,GRASS,,1,False,True,False,False,False,False,2,100,3,33.3,Nab ’n’ Dash(0/1E:COL) | High Jump Kick(100/3E:DAR+COL+COL)
22,Hippopotas,POKEMON,90,FIGHTING,GRASS,,3,True,False,False,False,False,False,1,10,1,10.0,Push Down(10/1E:FIG)
23,Hippowdon,POKEMON,160,FIGHTING,GRASS,,4,False,True,False,False,False,False,2,150,3,50.0,Ram(60/2E:FIG+FIG) | Super Sandstorm(150/3E:FIG+FIG+COL)
24,Team Rocket's Kangaskhan ex,POKEMON,230,COLORLESS,FIGHTING,,2,True,False,False,True,False,False,2,120,3,40.0,Comet Punch(0/2E:COL+COL) | Wicked Impact(120/3E:COL+COL+COL)
25,Pinsir,POKEMON,110,GRASS,FIRE,,2,True,False,False,False,False,False,2,100,3,33.3,Slow Crunch(0/2E:GRA+COL) | Superpowered Horns(100/3E:GRA+COL+COL)
26,Leafeon,POKEMON,120,GRASS,FIRE,,1,False,True,False,False,False,False,2,70,2,35.0,Leaflet Blessings(0/1E:COL) | Solar Beam(70/2E:GRA+COL)
27,Iron Leaves,POKEMON,120,GRASS,FIRE,,1,True,False,False,False,False,False,2,100,3,33.3,Recovery Net(0/1E:GRA) | Avenging Edge(100/3E:GRA+COL+COL)
28,Poltchageist,POKEMON,30,GRASS,FIRE,,1,True,False,False,False,False,False,1,10,1,10.0,Hook(10/1E:GRA)
29,Sinistcha ex,POKEMON,240,GRASS,FIRE,,1,False,True,False,True,False,False,2,120,2,60.0,Re-Brew(0/1E:COL) | Matcha Splash(120/2E:GRA+COL)
30,Magcargo ex,POKEMON,270,FIRE,WATER,,3,False,True,False,True,False,False,2,140,3,46.7,Hot Magma(70/2E:FIR+COL) | Ground Burn(140/3E:FIR+FIR+COL)
31,Chi-Yu,POKEMON,110,FIRE,WATER,,1,True,False,False,False,False,False,2,60,2,30.0,Allure(0/1E:COL) | Ground Melter(60/2E:FIR+COL)
32,Glaceon,POKEMON,120,WATER,METAL,,1,False,True,False,False,False,False,2,70,2,35.0,Permeating Chill(30/1E:WAT) | Icicle Missile(70/2E:WAT+COL)
33,Froakie,POKEMON,60,WATER,LIGHTNING,,1,True,False,False,False,False,False,2,10,1,10.0,Flock(0/1E:WAT) | Flop(10/1E:WAT)
34,Frogadier,POKEMON,90,WATER,LIGHTNING,,1,False,True,False,False,False,False,1,20,1,20.0,Numbing Water(20/1E:WAT)
35,Walking Wake,POKEMON,130,WATER,LIGHTNING,,1,True,False,False,False,False,False,2,20,1,20.0,Aurora Gain(20/1E:WAT) | Undulating Slice(0/3E:WAT+WAT+COL)
36,Morpeko,POKEMON,70,LIGHTNING,FIGHTING,,1,True,False,False,False,False,False,1,0,1,0.0,Pick and Stick(0/1E:LIG)
37,Iron Thorns ex,POKEMON,230,LIGHTNING,FIGHTING,,4,True,False,False,True,False,False,1,140,3,46.7,Volt Cyclone(140/3E:LIG+COL+COL)
38,Girafarig,POKEMON,100,PSYCHIC,DARKNESS,FIGHTING,1,True,False,False,False,False,False,1,30,1,30.0,Dual Headbutt(30/1E:COL)
39,Enamorus,POKEMON,120,PSYCHIC,METAL,,1,True,False,False,False,False,False,2,80,3,26.7,Heart Sign(30/1E:COL) | Love Resonance(80/3E:PSY+COL+COL)
40,Greninja ex,POKEMON,310,FIGHTING,PSYCHIC,,1,False,False,True,True,False,False,2,170,1,170.0,Shinobi Blade(170/1E:WAT) | Mirage Barrage(0/3E:WAT+COL+COL)
41,Ting-Lu,POKEMON,140,FIGHTING,GRASS,,3,True,False,False,False,False,False,2,110,3,36.7,Ground Crasher(30/1E:FIG) | Hammer In(110/3E:FIG+FIG+COL)
42,Applin,POKEMON,40,DRAGON,,,1,True,False,False,False,False,False,2,30,2,15.0,Find a Friend(0/1E:COL) | Rolling Tackle(30/2E:GRA+FIR)
43,Eevee,POKEMON,50,COLORLESS,FIGHTING,,1,True,False,False,False,False,False,2,20,3,6.7,Ascension(0/1E:COL) | Quick Attack(20/3E:COL+COL+COL)
44,Bloodmoon Ursaluna ex,POKEMON,260,COLORLESS,FIGHTING,,3,True,False,False,True,False,False,1,240,5,48.0,Blood Moon(240/5E:COL+COL+COL+COL+COL)
45,Shaymin,POKEMON,70,GRASS,FIRE,,0,True,False,False,False,False,False,2,50,2,25.0,Pinpoint Dive(0/1E:GRA) | Rear Kick(50/2E:COL+COL)
46,Gouging Fire ex,POKEMON,230,FIRE,WATER,,2,True,False,False,True,False,False,2,260,3,86.7,Heat Blast(60/2E:FIR+COL) | Blaze Blitz(260/3E:FIR+FIR+COL)
47,Totodile,POKEMON,70,WATER,LIGHTNING,,1,True,False,False,False,False,False,1,10,1,10.0,Big Bite(10/1E:WAT)
48,Croconaw,POKEMON,90,WATER,LIGHTNING,,2,False,True,False,False,False,False,1,30,1,30.0,Reverse Thrust(30/1E:WAT)
49,Feraligatr,POKEMON,180,WATER,LIGHTNING,,3,False,False,True,False,False,False,1,160,2,80.0,Giant Wave(160/2E:WAT+WAT)
50,Wiglett,POKEMON,60,WATER,LIGHTNING,,1,True,False,False,False,False,False,2,40,2,20.0,Lucky Find(0/1E:WAT) | Aqua Bomb(40/2E:WAT+WAT)
51,Palafin,POKEMON,150,WATER,LIGHTNING,,2,False,True,False,False,False,False,2,130,1,130.0,Vanguard Punch(130/1E:WAT) | Double Hit(0/3E:WAT+COL+COL)
52,Wugtrio ex,POKEMON,250,LIGHTNING,FIGHTING,,1,False,True,False,True,False,False,2,120,2,60.0,Tricolor Pump(0/1E:WAT) | Numbing Hold(120/2E:WAT+WAT)
53,Marill,POKEMON,70,PSYCHIC,METAL,,2,True,False,False,False,False,False,2,40,3,13.3,Ball Roll(0/1E:COL) | Magical Shot(40/3E:PSY+COL+COL)
54,Bronzor,POKEMON,80,PSYCHIC,DARKNESS,FIGHTING,3,True,False,False,False,False,False,1,10,1,10.0,Mirror Attack(10/1E:PSY)
55,Bronzong,POKEMON,110,PSYCHIC,DARKNESS,FIGHTING,3,False,True,False,False,False,False,2,100,3,33.3,Evolution Jammer(30/1E:PSY) | Super Psy Bolt(100/3E:PSY+COL+COL)
56,Flutter Mane,POKEMON,90,PSYCHIC,METAL,,1,True,False,False,False,False,False,1,90,3,30.0,Hex Hurl(90/3E:COL+COL+COL)
57,Relicanth,POKEMON,100,FIGHTING,GRASS,,1,True,False,False,False,False,False,1,30,2,15.0,Razor Fin(30/2E:FIG+COL)
58,Great Tusk,POKEMON,140,FIGHTING,PSYCHIC,,3,True,False,False,False,False,False,2,160,4,40.0,Land Collapse(0/2E:COL+COL) | Giant Tusk(160/4E:FIG+FIG+COL+COL)
59,Gastly,POKEMON,60,DARKNESS,FIGHTING,,1,True,False,False,False,False,False,2,30,2,15.0,Mysterious Beam(0/1E:DAR) | Suffocating Gas(30/2E:DAR+DAR)
60,Haunter,POKEMON,90,DARKNESS,FIGHTING,,1,False,True,False,False,False,False,1,30,2,15.0,Super Poison Breath(30/2E:DAR+DAR)
61,Roaring Moon,POKEMON,140,DARKNESS,GRASS,,2,True,False,False,False,False,False,2,120,4,30.0,Vengeance Fletching(70/2E:DAR+DAR) | Speed Wing(120/4E:DAR+COL+COL+COL)
62,Koraidon,POKEMON,140,DRAGON,,,2,True,False,False,False,False,False,2,130,3,43.3,Primordial Beatdown(0/2E:FIG+COL) | Shred(130/3E:FIR+FIG+COL)
63,Raging Bolt ex,POKEMON,240,DRAGON,,,3,True,False,False,True,False,False,2,0,1,0.0,Burst Roar(0/1E:COL) | Bellowing Thunder(0/2E:LIG+FIG)
64,Hoothoot,POKEMON,70,COLORLESS,LIGHTNING,FIGHTING,1,True,False,False,False,False,False,1,20,2,10.0,Silent Wing(20/2E:COL+COL)
65,Dunsparce,POKEMON,60,COLORLESS,FIGHTING,,0,True,False,False,False,False,False,2,30,2,15.0,Gnaw(10/1E:COL) | Dig(30/2E:COL+COL)
66,Dudunsparce,POKEMON,140,COLORLESS,FIGHTING,,3,False,True,False,False,False,False,1,90,3,30.0,Land Crush(90/3E:COL+COL+COL)
67,Pineco,POKEMON,70,GRASS,FIRE,,2,True,False,False,False,False,False,1,50,3,16.7,Ram(50/3E:COL+COL+COL)
68,Seedot,POKEMON,60,GRASS,FIRE,,1,True,False,False,False,False,False,2,20,2,10.0,Rigidify(0/1E:GRA) | Hang Down(20/2E:COL+COL)
69,Nuzleaf,POKEMON,90,GRASS,FIRE,,1,False,True,False,False,False,False,2,20,1,20.0,Corkscrew Punch(20/1E:GRA) | Comet Slap(0/2E:COL+COL)
70,Shiftry,POKEMON,150,GRASS,FIRE,,2,False,False,True,False,False,False,2,140,2,70.0,Expelling Tornado(0/1E:GRA) | Energy Loop(140/2E:COL+COL)
71,Deerling,POKEMON,70,GRASS,FIRE,,1,True,False,False,False,False,False,2,40,3,13.3,Flop(10/1E:COL) | Leaf Litter Tackle(40/3E:GRA+COL+COL)
72,Sawsbuck,POKEMON,130,GRASS,FIRE,,2,False,True,False,False,False,False,1,110,3,36.7,Superpowered Horns(110/3E:GRA+COL+COL)
73,Rellor,POKEMON,50,GRASS,FIRE,,1,True,False,False,False,False,False,1,30,1,30.0,Slight Intrusion(30/1E:COL)
74,Rabsca,POKEMON,70,GRASS,FIRE,,1,False,True,False,False,False,False,1,10,1,10.0,Psychic(10/1E:GRA)
75,Iron Leaves ex,POKEMON,220,GRASS,FIRE,,1,True,False,False,True,False,False,1,180,3,60.0,Prism Edge(180/3E:GRA+GRA+COL)
76,Slugma,POKEMON,80,FIRE,WATER,,2,True,False,False,False,False,False,1,10,1,10.0,Roasting Heat(10/1E:FIR)
77,Litten,POKEMON,70,FIRE,WATER,,2,True,False,False,False,False,False,1,10,1,10.0,Fake Out(10/1E:FIR)
78,Torracat,POKEMON,100,FIRE,WATER,,2,False,True,False,False,False,False,2,80,3,26.7,Bite(30/1E:FIR) | Flare Strike(80/3E:FIR+COL+COL)
79,Incineroar ex,POKEMON,320,FIRE,WATER,,2,False,False,True,True,False,False,1,240,5,48.0,Blaze Blast(240/5E:FIR+COL+COL+COL+COL)
80,Iron Crown ex,POKEMON,220,PSYCHIC,DARKNESS,FIGHTING,2,True,False,False,True,False,False,1,0,3,0.0,Twin Shotels(0/3E:PSY+COL+COL)
81,Drilbur,POKEMON,70,FIGHTING,GRASS,,1,True,False,False,False,False,False,1,20,2,10.0,Sand Spray(20/2E:FIG+COL)
82,Excadrill,POKEMON,130,FIGHTING,GRASS,,2,False,True,False,False,False,False,2,180,3,60.0,Mud Shot(20/1E:COL) | Wild Tackle(180/3E:FIG+FIG+COL)
83,Farigiraf ex,POKEMON,260,DARKNESS,GRASS,,2,False,True,False,True,False,False,1,160,3,53.3,Dirty Beam(160/3E:PSY+COL+COL)
84,Scizor ex,POKEMON,270,METAL,FIRE,GRASS,2,False,True,False,True,False,False,2,70,2,35.0,Steel Wing(70/2E:COL+COL) | Cross Breaker(0/2E:MET+MET)
85,Beldum,POKEMON,70,METAL,FIRE,GRASS,1,True,False,False,False,False,False,2,50,3,16.7,Dig Claws(10/1E:MET) | Iron Tackle(50/3E:MET+COL+COL)
86,Metang,POKEMON,100,METAL,FIRE,GRASS,2,False,True,False,False,False,False,1,60,3,20.0,Beam(60/3E:MET+COL+COL)
87,Miraidon,POKEMON,110,DRAGON,,,2,True,False,False,False,False,False,2,160,3,53.3,Peak Acceleration(40/1E:COL) | Sparking Strike(160/3E:LIG+LIG+PSY)
88,Volbeat,POKEMON,70,GRASS,FIRE,,1,True,False,False,False,False,False,2,20,2,10.0,Quick Sign(0/1E:COL) | Coordinated Strike(20/2E:COL+COL)
89,Grookey,POKEMON,70,GRASS,FIRE,,1,True,False,False,False,False,False,2,30,2,15.0,Smash Kick(10/1E:GRA) | Branch Poke(30/2E:GRA+GRA)
90,Thwackey,POKEMON,100,GRASS,FIRE,,2,False,True,False,False,False,False,1,50,2,25.0,Beat(50/2E:GRA+GRA)
91,Rillaboom,POKEMON,180,GRASS,FIRE,,4,False,False,True,False,False,False,2,180,2,90.0,Drum Beating(60/1E:GRA) | Wood Hammer(180/2E:GRA+GRA)
92,Applin,POKEMON,40,GRASS,FIRE,,1,True,False,False,False,False,False,1,10,1,10.0,Tumbling Attack(10/1E:GRA)
93,Dipplin,POKEMON,80,GRASS,FIRE,,2,False,True,False,False,False,False,1,0,1,0.0,Do the Wave(0/1E:GRA)
94,Sinistcha,POKEMON,70,GRASS,FIRE,,1,False,True,False,False,False,False,2,0,1,0.0,Cursed Drop(0/1E:GRA) | Spill the Tea(0/1E:GRA)
95,Teal Mask Ogerpon,POKEMON,110,GRASS,FIRE,,1,True,False,False,False,False,False,2,20,2,10.0,Mountain Stroll(0/1E:COL) | Ogre Comeback(20/2E:GRA+COL)
96,Teal Mask Ogerpon ex,POKEMON,210,GRASS,FIRE,,1,True,False,False,True,False,False,1,30,3,10.0,Myriad Leaf Shower(30/3E:GRA+GRA+GRA)
97,Litwick,POKEMON,60,FIRE,WATER,,1,True,False,False,False,False,False,2,20,2,10.0,Call for Family(0/1E:FIR) | Live Coal(20/2E:FIR+COL)
98,Chandelure,POKEMON,130,FIRE,WATER,,2,False,False,True,False,False,False,1,0,1,0.0,Mind Ruler(0/1E:FIR)
99,Hearthflame Mask Ogerpon ex,POKEMON,210,FIRE,WATER,,1,True,False,False,True,False,False,2,140,3,46.7,Wrathful Hearth(0/3E:FIR+COL+COL) | Dynamic Blaze(140/3E:FIR+FIR+FIR)
100,Goldeen,POKEMON,50,WATER,LIGHTNING,,1,True,False,False,False,False,False,1,10,2,5.0,Whirlpool(10/2E:COL+COL)
101,Jynx,POKEMON,90,WATER,METAL,,1,True,False,False,False,False,False,2,30,1,30.0,Inviting Kiss(0/1E:COL) | Icy Snow(30/1E:WAT)
102,Milotic,POKEMON,120,WATER,LIGHTNING,,1,False,True,False,False,False,False,1,100,3,33.3,Hydro Splash(100/3E:WAT+COL+COL)
103,Snorunt,POKEMON,60,WATER,METAL,,1,True,False,False,False,False,False,1,20,2,10.0,Astonish(20/2E:WAT+COL)
104,Froslass,POKEMON,90,WATER,METAL,,1,False,True,False,False,False,False,1,60,2,30.0,Frost Smash(60/2E:WAT+COL)
105,Finizen,POKEMON,70,WATER,LIGHTNING,,1,True,False,False,False,False,False,1,30,1,30.0,Aqua Slash(30/1E:WAT)
106,Palafin,POKEMON,100,WATER,LIGHTNING,,1,False,True,False,False,False,False,1,30,2,15.0,Wave Splash(30/2E:WAT+COL)
107,Palafin ex,POKEMON,340,WATER,LIGHTNING,,2,False,True,False,True,False,False,1,250,1,250.0,Giga Impact(250/1E:WAT)
108,Wellspring Mask Ogerpon ex,POKEMON,210,WATER,LIGHTNING,,1,True,False,False,True,False,False,2,100,3,33.3,Sob(20/1E:COL) | Torrential Pump(100/3E:WAT+COL+COL)
109,Abra,POKEMON,40,PSYCHIC,DARKNESS,FIGHTING,1,True,False,False,False,False,False,1,10,1,10.0,Beam(10/1E:PSY)
110,Slurpuff,POKEMON,120,PSYCHIC,METAL,,2,False,True,False,False,False,False,1,0,2,0.0,Slurp Slurp(0/2E:PSY+COL)
111,Sandygast,POKEMON,90,PSYCHIC,DARKNESS,FIGHTING,3,True,False,False,False,False,False,2,30,3,10.0,Sand Attack(10/1E:PSY) | Spooky Shot(30/3E:PSY+COL+COL)
112,Munkidori,POKEMON,110,PSYCHIC,DARKNESS,FIGHTING,1,True,False,False,False,False,False,1,60,2,30.0,Mind Bend(60/2E:PSY+COL)
113,Timburr,POKEMON,80,FIGHTING,PSYCHIC,,2,True,False,False,False,False,False,1,40,1,40.0,Best Punch(40/1E:FIG)
114,Gurdurr,POKEMON,100,FIGHTING,PSYCHIC,,2,False,True,False,False,False,False,2,50,3,16.7,Knuckle Punch(20/1E:FIG) | Superpower(50/3E:FIG+COL+COL)
115,Conkeldurr,POKEMON,180,FIGHTING,PSYCHIC,,3,False,False,True,False,False,False,2,250,4,62.5,Tantrum(80/1E:FIG) | Gutsy Swing(250/4E:FIG+COL+COL+COL)
116,Okidogi,POKEMON,130,FIGHTING,PSYCHIC,,2,True,False,False,False,False,False,1,70,2,35.0,Good Punch(70/2E:FIG+FIG)
117,Cornerstone Mask Ogerpon ex,POKEMON,210,FIGHTING,GRASS,,1,True,False,False,True,False,False,1,140,3,46.7,Demolish(140/3E:FIG+COL+COL)
118,Heatran,POKEMON,140,METAL,FIRE,GRASS,4,True,False,False,False,False,False,1,0,3,0.0,Steel Burst(0/3E:MET+COL+COL)
119,Dreepy,POKEMON,70,DRAGON,,,1,True,False,False,False,False,False,2,40,2,20.0,Petty Grudge(10/1E:PSY) | Bite(40/2E:FIR+PSY)
120,Drakloak,POKEMON,90,DRAGON,,,1,False,True,False,False,False,False,1,70,2,35.0,Dragon Headbutt(70/2E:FIR+PSY)
121,Dragapult ex,POKEMON,320,DRAGON,,,1,False,False,True,True,False,False,2,200,2,100.0,Jet Headbutt(70/1E:COL) | Phantom Dive(200/2E:FIR+PSY)
122,Tatsugiri,POKEMON,70,DRAGON,,,1,True,False,False,False,False,False,1,50,2,25.0,Surf(50/2E:FIR+WAT)
123,Farfetch'd,POKEMON,70,COLORLESS,LIGHTNING,FIGHTING,1,True,False,False,False,False,False,1,30,1,30.0,Mach Cut(30/1E:COL)
124,Chansey,POKEMON,120,COLORLESS,FIGHTING,,2,True,False,False,False,False,False,2,80,3,26.7,Lucky Attachment(0/1E:COL) | Boundless Power(80/3E:COL+COL+COL)
125,Blissey ex,POKEMON,300,COLORLESS,FIGHTING,,4,False,True,False,True,False,False,1,180,3,60.0,Return(180/3E:COL+COL+COL)
126,Galvantula,POKEMON,100,GRASS,FIRE,,1,False,True,False,False,False,False,1,50,2,25.0,Shocking Web(50/2E:GRA+COL)
127,Rowlet,POKEMON,70,GRASS,FIRE,,1,True,False,False,False,False,False,2,10,1,10.0,Add On(0/1E:COL) | Leafage(10/1E:GRA)
128,Dartrix,POKEMON,90,GRASS,FIRE,,1,False,True,False,False,False,False,2,30,1,30.0,United Wings(0/1E:COL) | Cutting Wind(30/1E:GRA)
129,Decidueye,POKEMON,150,GRASS,FIRE,,2,False,False,True,False,False,False,2,170,1,170.0,Stock Up on Feathers(0/1E:COL) | Power Shot(170/1E:GRA)
130,Revavroom ex,POKEMON,280,LIGHTNING,FIGHTING,,1,False,True,False,True,False,False,2,250,3,83.3,Accelerator Flash(20/1E:MET) | Shattering Speed(250/3E:MET+MET+MET)
131,Duskull,POKEMON,60,PSYCHIC,DARKNESS,FIGHTING,1,True,False,False,False,False,False,2,30,2,15.0,Come and Get You(0/1E:PSY) | Mumble(30/2E:PSY+PSY)
132,Dusclops,POKEMON,90,PSYCHIC,DARKNESS,FIGHTING,2,False,True,False,False,False,False,1,50,2,25.0,Will-O-Wisp(50/2E:PSY+PSY)
133,Dusknoir,POKEMON,160,PSYCHIC,DARKNESS,FIGHTING,3,False,False,True,False,False,False,1,150,3,50.0,Shadow Bind(150/3E:PSY+PSY+COL)
134,Sylveon,POKEMON,120,PSYCHIC,METAL,,1,False,True,False,False,False,False,2,90,3,30.0,Mystical Return(0/1E:PSY) | Disarming Voice(90/3E:PSY+COL+COL)
135,Bloodmoon Ursaluna,POKEMON,150,FIGHTING,GRASS,,4,True,False,False,False,False,False,1,100,3,33.3,Mad Bite(100/3E:FIG+FIG+COL)
136,Zorua,POKEMON,70,DARKNESS,GRASS,,1,True,False,False,False,False,False,2,10,1,10.0,Stampede(10/1E:COL) | Double Scratch(0/2E:DAR+COL)
137,Zoroark,POKEMON,120,DARKNESS,GRASS,,1,False,True,False,False,False,False,2,110,3,36.7,Illusory Hijacking(0/2E:COL+COL) | Claw Slash(110/3E:DAR+COL+COL)
138,Okidogi ex,POKEMON,250,DARKNESS,FIGHTING,,3,True,False,False,True,False,False,2,130,3,43.3,Poisonous Musculature(0/1E:COL) | Chain-Crazed(130/3E:DAR+DAR+COL)
139,Munkidori ex,POKEMON,210,DARKNESS,FIGHTING,,1,True,False,False,True,False,False,1,190,3,63.3,Dirty Headbutt(190/3E:DAR+DAR+COL)
140,Fezandipiti ex,POKEMON,210,DARKNESS,FIGHTING,,1,True,False,False,True,False,False,1,0,3,0.0,Cruel Arrow(0/3E:COL+COL+COL)
141,Pecharunt ex,POKEMON,190,DARKNESS,FIGHTING,,1,True,False,False,True,False,False,1,0,2,0.0,Irritated Outburst(0/2E:DAR+DAR)
142,Genesect,POKEMON,110,METAL,FIRE,GRASS,1,True,False,False,False,False,False,1,100,3,33.3,Magnetic Blast(100/3E:MET+COL+COL)
143,Varoom,POKEMON,70,METAL,FIRE,GRASS,1,True,False,False,False,False,False,2,20,2,10.0,Rigidify(0/1E:MET) | Headbutt Bounce(20/2E:MET+MET)
144,Kyurem,POKEMON,130,DRAGON,,,2,True,False,False,False,False,False,1,0,5,0.0,Trifrost(0/5E:WAT+WAT+MET+MET+COL)
145,Eevee,POKEMON,70,COLORLESS,FIGHTING,,1,True,False,False,False,False,False,2,20,2,10.0,Colorful Catch(0/1E:COL) | Headbutt(20/2E:COL+COL)
146,Lileep,POKEMON,100,GRASS,FIRE,,2,False,True,False,False,False,False,1,50,1,50.0,Bind Down(50/1E:GRA)
147,Cradily,POKEMON,150,GRASS,FIRE,,3,False,False,True,False,False,False,1,0,1,0.0,Miasma Wind(0/1E:GRA)
148,Mow Rotom,POKEMON,90,GRASS,FIRE,,1,True,False,False,False,False,False,1,30,1,30.0,Reaping Dash(30/1E:COL)
149,Applin,POKEMON,40,GRASS,FIRE,,1,True,False,False,False,False,False,1,20,1,20.0,Spray Fluid(20/1E:GRA)
150,Hydrapple ex,POKEMON,330,GRASS,FIRE,,3,False,False,True,True,False,False,1,30,2,15.0,Syrup Storm(30/2E:COL+COL)
151,Scorbunny,POKEMON,70,FIRE,WATER,,1,True,False,False,False,False,False,1,10,1,10.0,Quick Attack(10/1E:COL)
152,Raboot,POKEMON,90,FIRE,WATER,,1,False,True,False,False,False,False,2,60,3,20.0,Low Sweep(30/1E:FIR) | Combustion(60/3E:FIR+COL+COL)
153,Cinderace ex,POKEMON,320,FIRE,WATER,,0,False,False,True,True,False,False,2,280,3,93.3,Flare Strike(280/3E:FIR+COL+COL) | Garnet Volley(0/3E:FIR+FIG+DAR)
154,Lapras ex,POKEMON,220,WATER,METAL,,2,True,False,False,True,False,False,2,0,1,0.0,Power Splash(0/1E:WAT) | Larimar Rain(0/3E:WAT+PSY+MET)
155,Carracosta,POKEMON,160,WATER,LIGHTNING,,3,False,False,True,False,False,False,1,150,2,75.0,Tidal Wave(150/2E:WAT+WAT)
156,Crabominable,POKEMON,160,WATER,METAL,,3,False,True,False,False,False,False,1,250,5,50.0,Haymaker(250/5E:WAT+COL+COL+COL+COL)
157,Chewtle,POKEMON,80,WATER,LIGHTNING,,2,True,False,False,False,False,False,1,60,3,20.0,Headbutt(60/3E:COL+COL+COL)
158,Drednaw,POKEMON,140,WATER,LIGHTNING,,3,False,True,False,False,False,False,1,80,3,26.7,Hard Crunch(80/3E:COL+COL+COL)
159,Veluza,POKEMON,130,WATER,LIGHTNING,,2,True,False,False,False,False,False,1,110,4,27.5,Sonic Edge(110/4E:COL+COL+COL+COL)
160,Joltik,POKEMON,30,LIGHTNING,FIGHTING,,1,True,False,False,False,False,False,1,0,1,0.0,Jolting Charge(0/1E:COL)
161,Galvantula ex,POKEMON,260,LIGHTNING,FIGHTING,,1,False,True,False,True,False,False,2,180,3,60.0,Charged Web(110/2E:LIG+COL) | Fulgurite(180/3E:GRA+LIG+FIG)
162,Slowpoke,POKEMON,80,PSYCHIC,DARKNESS,FIGHTING,2,True,False,False,False,False,False,2,30,2,15.0,Dangle Tail(0/1E:COL) | Tackle(30/2E:PSY+COL)
163,Slowking,POKEMON,120,PSYCHIC,DARKNESS,FIGHTING,3,False,True,False,False,False,False,2,120,3,40.0,Seek Inspiration(0/2E:PSY+COL) | Super Psy Bolt(120/3E:PSY+PSY+COL)
164,Comfey,POKEMON,70,PSYCHIC,METAL,,1,True,False,False,False,False,False,2,20,1,20.0,Flower Shower(0/1E:PSY) | Play Rough(20/1E:PSY)
165,Klink,POKEMON,60,METAL,FIRE,GRASS,2,True,False,False,False,False,False,2,20,2,10.0,Allure(0/1E:COL) | Beam(20/2E:COL+COL)
166,Klang,POKEMON,90,METAL,FIRE,GRASS,3,False,True,False,False,False,False,1,60,2,30.0,Iron Tackle(60/2E:COL+COL)
167,Klinklang,POKEMON,140,METAL,FIRE,GRASS,3,False,False,True,False,False,False,1,130,2,65.0,Hyper Ray(130/2E:COL+COL)
168,Meltan,POKEMON,70,METAL,FIRE,GRASS,1,True,False,False,False,False,False,2,30,2,15.0,Knickknack Carrying(0/1E:MET) | Ram(30/2E:MET+COL)
169,Duraludon,POKEMON,130,METAL,FIRE,GRASS,2,True,False,False,False,False,False,2,80,3,26.7,Hammer In(30/1E:MET) | Raging Hammer(80/3E:MET+MET+COL)
170,Archaludon,POKEMON,180,METAL,FIRE,GRASS,2,False,True,False,False,False,False,1,160,3,53.3,Iron Blaster(160/3E:MET+MET+COL)
171,Raging Bolt,POKEMON,130,DRAGON,,,3,True,False,False,False,False,False,2,130,3,43.3,Thunderburst Storm(0/2E:LIG+FIG) | Dragon Headbutt(130/3E:LIG+FIG+COL)
172,Hoothoot,POKEMON,70,COLORLESS,LIGHTNING,FIGHTING,1,True,False,False,False,False,False,1,0,1,0.0,Triple Stab(0/1E:COL)
173,Noctowl,POKEMON,100,COLORLESS,LIGHTNING,FIGHTING,1,False,True,False,False,False,False,1,60,2,30.0,Speed Wing(60/2E:COL+COL)
174,Fan Rotom,POKEMON,70,COLORLESS,LIGHTNING,FIGHTING,1,True,False,False,False,False,False,1,70,1,70.0,Assault Landing(70/1E:COL)
175,Bouffalant,POKEMON,100,COLORLESS,FIGHTING,,2,True,False,False,False,False,False,1,130,3,43.3,Boundless Power(130/3E:COL+COL+COL)
176,Terapagos ex,POKEMON,230,COLORLESS,FIGHTING,,2,True,False,False,True,False,False,2,180,3,60.0,Unified Beatdown(0/2E:COL+COL) | Crown Opal(180/3E:GRA+WAT+LIG)
177,Exeggcute,POKEMON,30,GRASS,FIRE,,1,True,False,False,False,False,False,1,0,1,0.0,Precocious Evolution(0/1E:COL)
178,Zarude,POKEMON,120,GRASS,FIRE,,1,True,False,False,False,False,False,2,80,3,26.7,Leaf Drain(20/1E:GRA) | Jungle Whip(80/3E:GRA+GRA+COL)
179,Black Kyurem ex,POKEMON,230,WATER,METAL,,3,True,False,False,True,False,False,2,250,4,62.5,Ice Age(90/3E:COL+COL+COL) | Black Frost(250/4E:WAT+WAT+COL+COL)
180,Bruxish,POKEMON,110,WATER,LIGHTNING,,1,True,False,False,False,False,False,1,50,2,25.0,Big Bite(50/2E:WAT+COL)
181,Quaxwell,POKEMON,100,WATER,LIGHTNING,,1,False,True,False,False,False,False,1,40,1,40.0,Aqua Edge(40/1E:WAT)
182,Quaquaval,POKEMON,170,WATER,LIGHTNING,,2,False,False,True,False,False,False,1,120,2,60.0,Hydro Splash(120/2E:WAT+COL)
183,Smoochum,POKEMON,30,PSYCHIC,DARKNESS,FIGHTING,0,True,False,False,False,False,False,1,0,0,0,Delightful Kiss(0/0E:-)
184,Latias ex,POKEMON,210,PSYCHIC,DARKNESS,FIGHTING,2,True,False,False,True,False,False,1,200,3,66.7,Eon Blade(200/3E:PSY+PSY+COL)
185,Flittle,POKEMON,40,PSYCHIC,DARKNESS,FIGHTING,1,True,False,False,False,False,False,1,10,1,10.0,Splashing Dodge(10/1E:COL)
186,Gimmighoul,POKEMON,70,PSYCHIC,DARKNESS,FIGHTING,2,True,False,False,False,False,False,2,50,3,16.7,Minor Errand-Running(0/1E:COL) | Tackle(50/3E:COL+COL+COL)
187,Trapinch,POKEMON,60,FIGHTING,GRASS,,1,True,False,False,False,False,False,2,20,2,10.0,Call for Family(0/1E:COL) | Bite(20/2E:FIG+COL)
188,Vibrava,POKEMON,90,FIGHTING,GRASS,,1,False,True,False,False,False,False,2,50,2,25.0,Screech(0/1E:COL) | Cutting Wind(50/2E:FIG+COL)
189,Flygon ex,POKEMON,310,FIGHTING,GRASS,,1,False,False,True,True,False,False,2,130,1,130.0,Reversing Storm(130/1E:FIG) | Sonic Peridot(0/3E:WAT+FIG+MET)
190,Archaludon ex,POKEMON,300,METAL,FIRE,GRASS,2,False,True,False,True,False,False,1,220,3,73.3,Metal Defender(220/3E:MET+MET+MET)
191,Gholdengo,POKEMON,130,METAL,FIRE,GRASS,2,False,True,False,False,False,False,2,100,3,33.3,Strike It Rich(30/1E:MET) | Surf Back(100/3E:COL+COL+COL)
192,Iron Crown,POKEMON,130,METAL,FIRE,GRASS,2,True,False,False,False,False,False,2,100,3,33.3,Deleting Slash(40/2E:MET+COL) | Slicing Blade(100/3E:MET+COL+COL)
193,Alolan Exeggutor ex,POKEMON,300,DRAGON,,,3,False,True,False,True,False,False,2,150,2,75.0,Tropical Frenzy(150/2E:GRA+WAT) | Swinging Sphene(0/3E:GRA+WAT+FIG)
194,Altaria,POKEMON,120,DRAGON,,,1,False,True,False,False,False,False,2,100,2,50.0,Humming Charge(0/1E:WAT) | Cotton Wings(100/2E:WAT+MET)
195,Dialga,POKEMON,130,DRAGON,,,2,True,False,False,False,False,False,2,160,3,53.3,Time Manipulation(0/1E:COL) | Buster Tail(160/3E:PSY+MET+COL)
196,Turtonator,POKEMON,120,DRAGON,,,3,True,False,False,False,False,False,2,100,3,33.3,Fully Singe(0/1E:FIR) | Steaming Stomp(100/3E:FIG+COL+COL)
197,Swablu,POKEMON,50,COLORLESS,LIGHTNING,FIGHTING,1,True,False,False,False,False,False,1,10,1,10.0,Disarming Voice(10/1E:COL)
198,Durant ex,POKEMON,190,GRASS,FIRE,,2,True,False,False,True,False,False,1,120,3,40.0,Vengeful Crush(120/3E:GRA+COL+COL)
199,Scatterbug,POKEMON,40,GRASS,FIRE,,1,True,False,False,False,False,False,1,0,1,0.0,Call for Family(0/1E:COL)
200,Spewpa,POKEMON,80,GRASS,FIRE,,3,False,True,False,False,False,False,2,30,1,30.0,Wander About(0/1E:COL) | Tackle(30/1E:GRA)
201,Wo-Chien,POKEMON,130,GRASS,FIRE,,3,True,False,False,False,False,False,2,130,3,43.3,Hazardous Greed(20/2E:GRA+COL) | Entangling Whip(130/3E:GRA+GRA+COL)
202,Victini,POKEMON,70,FIRE,WATER,,1,True,False,False,False,False,False,1,30,2,15.0,Flare(30/2E:FIR+COL)
203,Skeledirge,POKEMON,180,FIRE,WATER,,3,False,False,True,False,False,False,1,60,2,30.0,Torcherto(60/2E:FIR+COL)
204,Charcadet,POKEMON,80,FIRE,WATER,,2,True,False,False,False,False,False,2,70,3,23.3,Light Punch(10/1E:FIR) | Flamethrower(70/3E:FIR+FIR+COL)
205,Scovillain ex,POKEMON,260,FIRE,WATER,,2,False,True,False,True,False,False,1,10,2,5.0,Spicy Rage(10/2E:FIR+FIR)
206,Feebas,POKEMON,30,WATER,LIGHTNING,,1,True,False,False,False,False,False,1,0,1,0.0,Leap Out(0/1E:COL)
207,Milotic ex,POKEMON,270,WATER,LIGHTNING,,2,False,True,False,True,False,False,1,160,3,53.3,Hypno Splash(160/3E:WAT+COL+COL)
208,Shellos,POKEMON,70,WATER,LIGHTNING,,2,True,False,False,False,False,False,1,30,2,15.0,Sprinkle Water(30/2E:COL+COL)
209,Chien-Pao,POKEMON,120,WATER,METAL,,1,True,False,False,False,False,False,1,120,3,40.0,Icicle Loop(120/3E:WAT+WAT+COL)
210,Pikachu ex,POKEMON,200,LIGHTNING,FIGHTING,,1,True,False,False,True,False,False,1,300,3,100.0,Topaz Bolt(300/3E:GRA+LIG+MET)
211,Magneton,POKEMON,100,LIGHTNING,FIGHTING,,1,False,True,False,False,False,False,1,40,2,20.0,Electric Ball(40/2E:LIG+COL)
212,Rotom,POKEMON,80,LIGHTNING,FIGHTING,,1,True,False,False,False,False,False,2,0,1,0.0,Crushing Pulse(0/1E:LIG) | Energy Short(0/1E:LIG)
213,Tapu Koko,POKEMON,120,LIGHTNING,FIGHTING,,1,True,False,False,False,False,False,2,90,3,30.0,Summon Lightning(0/1E:COL) | Prize Count(90/3E:LIG+LIG+COL)
214,Togekiss,POKEMON,140,PSYCHIC,METAL,,1,False,False,True,False,False,False,1,140,3,46.7,Speed Wing(140/3E:COL+COL+COL)
215,Uxie,POKEMON,70,PSYCHIC,DARKNESS,FIGHTING,1,True,False,False,False,False,False,1,0,1,0.0,Painful Memories(0/1E:PSY)
216,Mesprit,POKEMON,70,PSYCHIC,DARKNESS,FIGHTING,1,True,False,False,False,False,False,2,160,2,80.0,Full Heart(0/1E:COL) | Guardian Burst(160/2E:PSY+PSY)
217,Azelf,POKEMON,70,PSYCHIC,DARKNESS,FIGHTING,1,True,False,False,False,False,False,1,10,2,5.0,Neurokinesis(10/2E:PSY+COL)
218,Yamask,POKEMON,70,PSYCHIC,DARKNESS,FIGHTING,2,True,False,False,False,False,False,2,20,2,10.0,Mumble(10/1E:PSY) | Petty Grudge(20/2E:PSY+COL)
219,Cofagrigus,POKEMON,120,PSYCHIC,DARKNESS,FIGHTING,2,False,True,False,False,False,False,2,100,3,33.3,Law of the Underworld(0/1E:PSY) | Spooky Shot(100/3E:PSY+COL+COL)
220,Espurr,POKEMON,60,PSYCHIC,DARKNESS,FIGHTING,1,True,False,False,False,False,False,2,20,2,10.0,See Through(0/1E:COL) | Psyshot(20/2E:PSY+COL)
221,Meowstic,POKEMON,90,PSYCHIC,DARKNESS,FIGHTING,1,False,True,False,False,False,False,1,80,3,26.7,Psyshot(80/3E:PSY+COL+COL)
222,Dedenne,POKEMON,70,PSYCHIC,METAL,,1,True,False,False,False,False,False,2,30,1,30.0,Electromagnetic Sonar(0/1E:COL) | Gnaw(30/1E:PSY)
223,PalossandEX,POKEMON,280,PSYCHIC,DARKNESS,FIGHTING,4,False,True,False,True,False,False,2,160,3,53.3,Sand Tomb(160/3E:COL+COL+COL) | Barite Jail(0/3E:WAT+PSY+FIG)
224,Annihilape,POKEMON,140,FIGHTING,PSYCHIC,,2,False,False,True,False,False,False,2,130,1,130.0,Tantrum(130/1E:FIG) | Destined Fight(0/2E:FIG+COL)
225,Gastrodon,POKEMON,130,FIGHTING,GRASS,,3,False,True,False,False,False,False,1,80,3,26.7,Mud Shot(80/3E:FIG+COL+COL)
226,Koraidon,POKEMON,130,FIGHTING,PSYCHIC,,2,True,False,False,False,False,False,2,110,3,36.7,Unrelenting Onslaught(30/2E:COL+COL) | Hammer In(110/3E:FIG+FIG+COL)
227,Deino,POKEMON,70,DARKNESS,GRASS,,1,True,False,False,False,False,False,2,20,2,10.0,Stomp Off(0/1E:DAR) | Bite(20/2E:DAR+COL)
228,Zweilous,POKEMON,100,DARKNESS,GRASS,,2,False,True,False,False,False,False,2,60,3,20.0,Stomp Off(0/1E:DAR) | Darkness Fang(60/3E:DAR+COL+COL)
229,Hydreigon ex,POKEMON,330,DARKNESS,GRASS,,3,False,False,True,True,False,False,2,200,2,100.0,Crashing Headbutt(200/2E:DAR+COL) | Obsidian(130/4E:PSY+DAR+MET+COL)
230,Pecharunt,POKEMON,80,DARKNESS,FIGHTING,,1,True,False,False,False,False,False,1,10,2,5.0,Poison Chain(10/2E:DAR+COL)
231,Tatsugiri ex,POKEMON,160,DRAGON,,,1,True,False,False,True,False,False,2,100,2,50.0,Surprise Pump(100/2E:FIR+WAT) | Cinnabar Lure(0/3E:FIR+WAT+DAR)
232,Slaking ex,POKEMON,340,COLORLESS,FIGHTING,,4,False,False,True,True,False,False,1,280,2,140.0,Great Swing(280/2E:COL+COL)
233,Bouffalant,POKEMON,130,COLORLESS,FIGHTING,,2,True,False,False,False,False,False,2,150,4,37.5,Ready to Ram(40/2E:COL+COL) | Smashing Headbutt(150/4E:COL+COL+COL+COL)
234,Terapagos,POKEMON,120,COLORLESS,FIGHTING,,2,True,False,False,False,False,False,2,100,3,33.3,Prism Charge(0/1E:COL) | Hard Tackle(100/3E:COL+COL+COL)
235,Budew,POKEMON,30,GRASS,FIRE,,0,True,False,False,False,False,False,1,10,0,0,Itchy Pollen(10/0E:-)
236,Leafeon ex,POKEMON,270,GRASS,FIRE,,2,False,True,False,True,False,False,2,230,3,76.7,Verdant Storm(0/2E:GRA+COL) | Moss Agate(230/3E:GRA+FIR+WAT)
237,Cottonee,POKEMON,60,GRASS,FIRE,,1,True,False,False,False,False,False,1,0,1,0.0,Triple Spin(0/1E:GRA)
238,Whimsicott,POKEMON,100,GRASS,FIRE,,1,False,True,False,False,False,False,1,40,1,40.0,Seed Bomb(40/1E:GRA)
239,Flareon ex,POKEMON,270,FIRE,WATER,,2,False,True,False,True,False,False,2,280,3,93.3,Burning Charge(130/2E:FIR+COL) | Carnelian(280/3E:FIR+WAT+LIG)
240,Seaking,POKEMON,110,WATER,LIGHTNING,,1,False,True,False,False,False,False,1,60,1,60.0,Rapid Draw(60/1E:COL)
241,Vaporeon ex,POKEMON,280,WATER,LIGHTNING,,2,False,True,False,True,False,False,2,280,3,93.3,Severe Squall(0/2E:WAT+COL) | Aquamarine(280/3E:FIR+WAT+LIG)
242,Feebas,POKEMON,30,WATER,LIGHTNING,,1,True,False,False,False,False,False,1,0,1,0.0,Flail(0/1E:WAT)
243,Glaceon ex,POKEMON,270,WATER,METAL,,1,False,True,False,True,False,False,2,110,2,55.0,Frost Bullet(110/2E:WAT+COL) | Euclase(0/3E:GRA+WAT+DAR)
244,Jolteon ex,POKEMON,260,LIGHTNING,FIGHTING,,0,False,True,False,True,False,False,2,280,3,93.3,Flashing Spear(60/2E:LIG+COL) | Dravite(280/3E:FIR+WAT+LIG)
245,Alakazam,POKEMON,140,PSYCHIC,DARKNESS,FIGHTING,1,False,False,True,False,False,False,2,10,1,10.0,Strange Hacking(0/1E:PSY) | Psychic(10/1E:PSY)
246,Espeon ex,POKEMON,270,PSYCHIC,DARKNESS,FIGHTING,1,False,True,False,True,False,False,2,160,3,53.3,Psych Out(160/3E:PSY+COL+COL) | Amazez(0/3E:GRA+PSY+DAR)
247,Swirlix,POKEMON,50,PSYCHIC,METAL,,1,True,False,False,False,False,False,1,0,1,0.0,Sneaky Placement(0/1E:PSY)
248,Umbreon ex,POKEMON,280,DARKNESS,GRASS,,2,False,True,False,True,False,False,2,160,3,53.3,Moon Mirage(160/3E:DAR+COL+COL) | Onyx(0/3E:LIG+PSY+DAR)
249,Eevee ex,POKEMON,200,COLORLESS,FIGHTING,,1,True,False,False,True,False,False,1,200,3,66.7,Coruscating Quartz(200/3E:FIR+WAT+LIG)
250,Hoothoot,POKEMON,80,COLORLESS,LIGHTNING,FIGHTING,2,True,False,False,False,False,False,1,20,2,10.0,Tackle(20/2E:COL+COL)
251,Regigigas,POKEMON,160,COLORLESS,FIGHTING,,4,True,False,False,False,False,False,1,100,4,25.0,Jewel Breaker(100/4E:COL+COL+COL+COL)
252,Caterpie,POKEMON,50,GRASS,FIRE,,1,True,False,False,False,False,False,1,20,1,20.0,Bug Bite(20/1E:GRA)
253,Metapod,POKEMON,90,GRASS,FIRE,,3,False,True,False,False,False,False,1,0,1,0.0,Harden(0/1E:GRA)
254,Butterfree,POKEMON,120,GRASS,FIRE,,1,False,False,True,False,False,False,1,0,1,0.0,Scale Hurricane(0/1E:GRA)
255,Maractus,POKEMON,110,GRASS,FIRE,,2,True,False,False,False,False,False,1,20,1,20.0,Corner(20/1E:COL)
256,Magmortar,POKEMON,130,FIRE,WATER,,2,False,True,False,False,False,False,1,90,3,30.0,Searing Flame(90/3E:FIR+FIR+COL)
257,N’s Darumaka,POKEMON,80,FIRE,WATER,,2,True,False,False,False,False,False,2,50,3,16.7,Rolling Tackle(20/2E:COL+COL) | Flare(50/3E:FIR+FIR+COL)
258,N’s Darmanitan,POKEMON,140,FIRE,WATER,,3,False,True,False,False,False,False,2,90,3,30.0,Back Draft(0/2E:COL+COL) | Flamebody Cannon(90/3E:FIR+FIR+COL)
259,Volcanion ex,POKEMON,220,FIRE,WATER,,3,True,False,False,True,False,False,1,160,3,53.3,Scorching Cyclone(160/3E:FIR+FIR+COL)
260,Lotad,POKEMON,60,WATER,LIGHTNING,,1,True,False,False,False,False,False,1,20,1,20.0,Water Gun(20/1E:WAT)
261,Lombre,POKEMON,90,WATER,LIGHTNING,,1,False,True,False,False,False,False,1,70,2,35.0,Aqua Slash(70/2E:WAT+WAT)
262,Ludicolo,POKEMON,140,WATER,LIGHTNING,,2,False,False,True,False,False,False,1,130,3,43.3,Hydro Splash(130/3E:WAT+WAT+COL)
263,Wailmer,POKEMON,130,WATER,LIGHTNING,,3,True,False,False,False,False,False,1,60,3,20.0,Surf(60/3E:COL+COL+COL)
264,Wailord,POKEMON,240,WATER,LIGHTNING,,4,False,True,False,False,False,False,1,10,4,2.5,Hydro Pump(10/4E:COL+COL+COL+COL)
265,Iono’s Voltorb,POKEMON,70,LIGHTNING,FIGHTING,,1,True,False,False,False,False,False,1,20,2,10.0,Voltaic Chain(20/2E:COL+COL)
266,Iono’s Electrode,POKEMON,100,LIGHTNING,FIGHTING,,0,False,True,False,False,False,False,2,100,3,33.3,Thump-Thump Boom(0/2E:LIG+LIG) | Electric Ball(100/3E:LIG+LIG+COL)
267,N’s Joltik,POKEMON,40,LIGHTNING,FIGHTING,,1,True,False,False,False,False,False,1,30,2,15.0,Zapping Short(30/2E:COL+COL)
268,Iono’s Tadbulb,POKEMON,60,LIGHTNING,FIGHTING,,2,True,False,False,False,False,False,1,30,2,15.0,Tiny Charge(30/2E:LIG+COL)
269,Iono’s Bellibolt ex,POKEMON,280,LIGHTNING,FIGHTING,,2,False,True,False,True,False,False,1,230,4,57.5,Thunderous Bolt(230/4E:LIG+LIG+LIG+COL)
270,Iono’s Wattrel,POKEMON,60,LIGHTNING,LIGHTNING,FIGHTING,1,True,False,False,False,False,False,1,10,1,10.0,Quick Attack(10/1E:LIG)
271,Iono’s Kilowattrel,POKEMON,120,LIGHTNING,LIGHTNING,FIGHTING,1,False,True,False,False,False,False,1,70,3,23.3,Mach Bolt(70/3E:LIG+COL+COL)
272,Lillie’s Clefairy ex,POKEMON,190,PSYCHIC,METAL,,1,True,False,False,True,False,False,1,20,2,10.0,Full Moon Rondo(20/2E:PSY+COL)
273,Banette,POKEMON,90,PSYCHIC,DARKNESS,FIGHTING,1,False,True,False,False,False,False,2,70,2,35.0,Cursed Words(0/1E:PSY) | Spooky Shot(70/2E:PSY+COL)
274,Beldum,POKEMON,60,PSYCHIC,DARKNESS,FIGHTING,1,True,False,False,False,False,False,2,30,2,15.0,Spinning Attack(10/1E:PSY) | Beam(30/2E:PSY+PSY)
275,Metang,POKEMON,100,PSYCHIC,DARKNESS,FIGHTING,2,False,True,False,False,False,False,2,50,2,25.0,Psypunch(30/1E:PSY) | Zen Headbutt(50/2E:PSY+PSY)
276,Metagross,POKEMON,170,PSYCHIC,DARKNESS,FIGHTING,3,False,False,True,False,False,False,2,130,2,65.0,Wrack Down(60/1E:PSY) | Conjoined Beams(130/2E:PSY+PSY)
277,N’s Sigilyph,POKEMON,110,PSYCHIC,LIGHTNING,FIGHTING,1,True,False,False,False,False,False,2,20,1,20.0,Psychic Sphere(20/1E:PSY) | Victory Symbol(0/3E:PSY+COL+COL)
278,Lillie’s Cutiefly,POKEMON,30,PSYCHIC,METAL,,0,True,False,False,False,False,False,1,0,1,0.0,Hold Still(0/1E:PSY)
279,Lillie’s Ribombee,POKEMON,70,PSYCHIC,METAL,,0,False,True,False,False,False,False,1,50,1,50.0,Magical Shot(50/1E:PSY)
280,Lillie’s Comfey,POKEMON,70,PSYCHIC,METAL,,1,True,False,False,False,False,False,2,30,1,30.0,Inviting Flowers(0/1E:COL) | Fade Out(30/1E:PSY)
281,Swinub,POKEMON,70,FIGHTING,GRASS,,2,True,False,False,False,False,False,2,10,1,10.0,Call for Family(0/1E:COL) | Lunge Out(10/1E:FIG)
282,Piloswine,POKEMON,100,FIGHTING,GRASS,,3,False,True,False,False,False,False,2,50,2,25.0,Strength(20/1E:COL) | Impaling Tusk(50/2E:FIG+FIG)
283,Mamoswine ex,POKEMON,340,FIGHTING,GRASS,,4,False,False,True,True,False,False,1,180,2,90.0,Rumbling March(180/2E:FIG+FIG)
284,Larvitar,POKEMON,70,FIGHTING,GRASS,,1,True,False,False,False,False,False,1,20,2,10.0,Crunch(20/2E:COL+COL)
285,Pupitar,POKEMON,90,FIGHTING,GRASS,,1,False,True,False,False,False,False,1,60,2,30.0,Take Down(60/2E:COL+COL)
286,Rockruff,POKEMON,70,FIGHTING,GRASS,,1,True,False,False,False,False,False,2,20,2,10.0,Dig It Up(0/1E:COL) | Stampede(20/2E:COL+COL)
287,Lycanroc,POKEMON,120,FIGHTING,GRASS,,2,False,True,False,False,False,False,1,40,3,13.3,Clamping Fangs(40/3E:COL+COL+COL)
288,Hop’s Silicobra,POKEMON,80,FIGHTING,GRASS,,2,True,False,False,False,False,False,2,20,2,10.0,Turf Maker(0/1E:COL) | Gnaw(20/2E:FIG+COL)
289,Hop’s Sandaconda,POKEMON,140,FIGHTING,GRASS,,3,False,True,False,False,False,False,2,140,3,46.7,Rumble(30/2E:FIG+COL) | Break Ground(140/3E:FIG+COL+COL)
290,Tyranitar,POKEMON,190,DARKNESS,GRASS,,3,False,False,True,False,False,False,1,150,2,75.0,Cracking Stomp(150/2E:DAR+COL)
291,N’s Purrloin,POKEMON,70,DARKNESS,GRASS,,1,True,False,False,False,False,False,1,30,2,15.0,Thieving Swipe(30/2E:DAR+COL)
292,N’s Zorua,POKEMON,70,DARKNESS,GRASS,,1,True,False,False,False,False,False,1,20,1,20.0,Scratch(20/1E:DAR)
293,N’s Zoroark ex,POKEMON,280,DARKNESS,GRASS,,2,False,True,False,True,False,False,1,0,2,0.0,Night Joker(0/2E:DAR+DAR)
294,N’s Klink,POKEMON,60,METAL,FIRE,GRASS,1,True,False,False,False,False,False,1,0,1,0.0,Double Spin(0/1E:COL)
295,N’s Klang,POKEMON,90,METAL,FIRE,GRASS,3,False,True,False,False,False,False,2,40,2,20.0,Spinning Gears(20/1E:COL) | Confront(40/2E:MET+COL)
296,N’s Klinklang,POKEMON,160,METAL,FIRE,GRASS,3,False,False,True,False,False,False,2,50,1,50.0,Magnetic Blast(50/1E:COL) | Triple Smash(0/3E:MET+MET+COL)
297,Magearna,POKEMON,90,METAL,FIRE,GRASS,1,True,False,False,False,False,False,1,20,1,20.0,Spike Draw(20/1E:COL)
298,Hop’s Corviknight,POKEMON,170,METAL,LIGHTNING,FIGHTING,2,False,False,True,False,False,False,2,150,3,50.0,Shoot Through(50/1E:COL) | Steel Wing(150/3E:MET+MET+COL)
299,Hop’s Zacian ex,POKEMON,230,METAL,FIRE,GRASS,2,True,False,False,True,False,False,2,240,4,60.0,Insta-Strike(30/1E:COL) | Brave Slash(240/4E:MET+MET+MET+COL)
300,Bagon,POKEMON,70,DRAGON,,,2,True,False,False,False,False,False,2,50,2,25.0,Bite(10/1E:COL) | Reckless Charge(50/2E:FIR+WAT)
301,Shelgon,POKEMON,100,DRAGON,,,2,False,True,False,False,False,False,2,80,3,26.7,Guard Press(30/2E:COL+COL) | Heavy Impact(80/3E:FIR+WAT+COL)
302,Salamence ex,POKEMON,320,DRAGON,,,2,False,False,True,True,False,False,2,300,4,75.0,Wide Blast(0/3E:FIR+COL+COL) | Dragon Impact(300/4E:FIR+WAT+COL+COL)
303,N’s Reshiram,POKEMON,130,DRAGON,,,2,True,False,False,False,False,False,2,170,4,42.5,Powerful Rage(0/2E:FIR+LIG) | Virtuous Flame(170/4E:FIR+FIR+LIG+COL)
304,Hop’s Snorlax,POKEMON,150,COLORLESS,FIGHTING,,4,True,False,False,False,False,False,1,140,3,46.7,Dynamic Press(140/3E:COL+COL+COL)
305,Dunsparce,POKEMON,70,COLORLESS,FIGHTING,,1,True,False,False,False,False,False,2,20,2,10.0,Trading Places(0/1E:COL) | Ram(20/2E:COL+COL)
306,Dudunsparce ex,POKEMON,270,COLORLESS,FIGHTING,,3,False,True,False,True,False,False,2,150,3,50.0,Tenacious Tail(0/1E:COL) | Destructive Drill(150/3E:COL+COL+COL)
307,Hop’s Rookidee,POKEMON,60,COLORLESS,LIGHTNING,FIGHTING,1,True,False,False,False,False,False,2,20,2,10.0,Intimidating Stare(0/1E:COL) | Peck(20/2E:COL+COL)
308,Hop’s Corvisquire,POKEMON,90,COLORLESS,LIGHTNING,FIGHTING,1,False,True,False,False,False,False,2,80,3,26.7,Speed Dive(30/1E:COL) | Razor Wing(80/3E:COL+COL+COL)
309,Hop’s Wooloo,POKEMON,70,COLORLESS,FIGHTING,,1,True,False,False,False,False,False,1,50,3,16.7,Smash Kick(50/3E:COL+COL+COL)
310,Hop’s Dubwool,POKEMON,120,COLORLESS,FIGHTING,,2,False,True,False,False,False,False,1,80,3,26.7,Headbutt(80/3E:COL+COL+COL)
311,Hop’s Cramorant,POKEMON,110,COLORLESS,LIGHTNING,FIGHTING,1,True,False,False,False,False,False,1,120,1,120.0,Fickle Spitting(120/1E:COL)
312,Sandy Shocks,POKEMON,120,FIGHTING,GRASS,,2,True,False,False,False,False,False,2,60,2,30.0,Magnetic Burst(20/1E:FIG) | Power Gem(60/2E:FIG+COL)
313,Miraidon ex,POKEMON,220,DRAGON,,,1,True,False,False,True,False,False,2,220,3,73.3,Repulsion Bolt(60/2E:LIG+PSY) | Cyber Drive(220/3E:LIG+PSY+COL)
314,Marill,POKEMON,70,WATER,LIGHTNING,,1,True,False,False,False,False,False,1,10,1,10.0,Rollout(10/1E:COL)
315,Azumarill,POKEMON,120,PSYCHIC,METAL,,2,False,True,False,False,False,False,1,230,4,57.5,Double-Edge(230/4E:PSY+PSY+PSY+PSY)
316,Sylveon ex,POKEMON,270,PSYCHIC,METAL,,2,False,True,False,True,False,False,2,160,3,53.3,Magical Charm(160/3E:PSY+COL+COL) | Angelite(0/3E:WAT+LIG+PSY)
317,Eevee,POKEMON,50,COLORLESS,FIGHTING,,1,True,False,False,False,False,False,1,30,2,15.0,Reckless Charge(30/2E:COL+COL)
318,Ho-Oh,POKEMON,130,FIRE,LIGHTNING,FIGHTING,2,True,False,False,False,False,False,2,100,3,33.3,Flap(50/2E:FIR+COL) | Shining Blaze(100/3E:FIR+FIR+COL)
319,Charcadet,POKEMON,70,FIRE,WATER,,1,True,False,False,False,False,False,1,20,1,20.0,Will-O-Wisp(20/1E:FIR)
320,Ceruledge ex,POKEMON,270,FIRE,WATER,,2,False,True,False,True,False,False,2,280,3,93.3,Abyssal Flames(30/1E:FIR) | Raging Amethyst(280/3E:FIR+PSY+MET)
321,Petilil,POKEMON,50,GRASS,FIRE,,1,True,False,False,False,False,False,1,30,2,15.0,Leaf Step(30/2E:GRA+COL)
322,Lilligant,POKEMON,110,GRASS,FIRE,,2,False,True,False,False,False,False,1,60,3,20.0,Spinning Attack(60/3E:GRA+COL+COL)
323,Nymble,POKEMON,50,GRASS,FIRE,,1,True,False,False,False,False,False,1,20,1,20.0,Rear Kick(20/1E:COL)
324,Torchic,POKEMON,60,FIRE,WATER,,1,True,False,False,False,False,False,1,30,2,15.0,Scratch(30/2E:FIR+COL)
325,Combusken,POKEMON,90,FIRE,WATER,,2,False,True,False,False,False,False,1,50,2,25.0,Slash(50/2E:FIR+COL)
326,Blaziken ex,POKEMON,320,FIRE,WATER,,2,False,False,True,True,False,False,1,200,2,100.0,Smolder-sault(200/2E:FIR+COL)
327,Slowpoke,POKEMON,70,WATER,LIGHTNING,,2,True,False,False,False,False,False,2,30,2,15.0,Water Gun(10/1E:WAT) | Tail Whap(30/2E:WAT+COL)
328,Pikachu ex,POKEMON,190,LIGHTNING,FIGHTING,,1,True,False,False,True,False,False,2,220,3,73.3,Tail Whap(30/1E:COL) | Thunder(220/3E:LIG+LIG+COL)
329,Tapu Koko ex,POKEMON,200,LIGHTNING,FIGHTING,,0,True,False,False,True,False,False,1,60,2,30.0,Linked Lightning(60/2E:LIG+COL)
330,Sylveon,POKEMON,120,PSYCHIC,METAL,,1,False,True,False,False,False,False,1,100,3,33.3,Magical Shot(100/3E:PSY+COL+COL)
331,XerneasEX,POKEMON,210,PSYCHIC,METAL,,1,True,False,False,True,False,False,2,120,3,40.0,Aurora Beam(50/2E:PSY+COL) | Rising Horns(120/3E:PSY+PSY+COL)
332,Dhelmise,POKEMON,130,PSYCHIC,DARKNESS,FIGHTING,3,True,False,False,False,False,False,2,130,4,32.5,Bind Down(60/3E:PSY+COL+COL) | Anchor Smash(130/4E:PSY+PSY+COL+COL)
333,Riolu,POKEMON,70,FIGHTING,PSYCHIC,,1,True,False,False,False,False,False,1,10,1,10.0,Quick Attack(10/1E:FIG)
334,Sneasel,POKEMON,60,DARKNESS,GRASS,,0,True,False,False,False,False,False,1,20,1,20.0,Claw Slash(20/1E:DAR)
335,Bronzor,POKEMON,70,METAL,FIRE,GRASS,1,True,False,False,False,False,False,1,20,2,10.0,Hammer In(20/2E:MET+COL)
336,Zacian ex,POKEMON,220,METAL,FIRE,GRASS,2,True,False,False,True,False,False,2,210,3,70.0,Steel Armament(20/1E:COL) | Slashing Strike(210/3E:MET+MET+COL)
337,LugiaEX,POKEMON,220,COLORLESS,LIGHTNING,FIGHTING,2,True,False,False,True,False,False,1,140,3,46.7,Hyper Whirlpool(140/3E:COL+COL+COL)
338,Ethan's Pinsir,POKEMON,120,GRASS,FIRE,,2,True,False,False,False,False,False,2,70,3,23.3,Vise Grip(20/1E:GRA) | Rallying Horn(70/3E:COL+COL+COL)
339,Yanma,POKEMON,70,GRASS,LIGHTNING,FIGHTING,1,True,False,False,False,False,False,2,30,2,15.0,Whirlwind(0/1E:COL) | Razor Wing(30/2E:GRA+COL)
340,Yanmega ex,POKEMON,280,GRASS,LIGHTNING,FIGHTING,1,False,True,False,True,False,False,1,210,4,52.5,Jet Cyclone(210/4E:GRA+GRA+GRA+COL)
341,Cynthia's Roselia,POKEMON,70,GRASS,FIRE,,1,True,False,False,False,False,False,1,20,1,20.0,Spike Sting(20/1E:COL)
342,Cynthia's Roserade,POKEMON,130,GRASS,FIRE,,1,False,True,False,False,False,False,1,80,3,26.7,Leaf Step(80/3E:GRA+COL+COL)
343,Shaymin,POKEMON,80,GRASS,FIRE,,1,True,False,False,False,False,False,1,30,2,15.0,Smash Kick(30/2E:COL+COL)
344,Dwebble,POKEMON,70,GRASS,FIRE,,2,True,False,False,False,False,False,1,0,1,0.0,Ascension(0/1E:COL)
345,Crustle,POKEMON,150,GRASS,FIRE,,3,False,True,False,False,False,False,1,120,3,40.0,Superb Scissors(120/3E:GRA+COL+COL)
346,Applin,POKEMON,40,GRASS,FIRE,,1,True,False,False,False,False,False,1,10,1,10.0,Mini Drain(10/1E:GRA)
347,Dipplin,POKEMON,90,GRASS,FIRE,,3,False,True,False,False,False,False,1,50,1,50.0,Energy Loop(50/1E:GRA)
348,Hydrapple,POKEMON,170,GRASS,FIRE,,3,False,False,True,False,False,False,2,140,3,46.7,Hydra Breath(0/1E:GRA) | Whip Smash(140/3E:GRA+COL+COL)
349,Teal Mask Ogerpon,POKEMON,110,GRASS,FIRE,,1,True,False,False,False,False,False,2,120,3,40.0,Grass Kagura(0/1E:COL) | Ogre’s Hammer(120/3E:GRA+GRA+COL)
350,Ponyta,POKEMON,70,FIRE,WATER,,1,True,False,False,False,False,False,1,0,1,0.0,Double Headbutt(0/1E:COL)
351,Rapidash,POKEMON,110,FIRE,WATER,,1,False,True,False,False,False,False,1,60,2,30.0,Fire Mane(60/2E:FIR+COL)
352,Ethan's Cyndaquil,POKEMON,70,FIRE,WATER,,1,True,False,False,False,False,False,1,30,1,30.0,Ember(30/1E:FIR)
353,Ethan's Quilava,POKEMON,100,FIRE,WATER,,1,False,True,False,False,False,False,1,40,1,40.0,Combustion(40/1E:FIR)
354,Ethan's Typhlosion,POKEMON,170,FIRE,WATER,,2,False,False,True,False,False,False,2,160,3,53.3,Buddy Blast(40/1E:FIR) | Steam Artillery(160/3E:FIR+FIR+COL)
355,Ethan's Slugma,POKEMON,80,FIRE,WATER,,2,True,False,False,False,False,False,1,20,1,20.0,Steady Firebreathing(20/1E:FIR)
356,Ethan's Magcargo,POKEMON,130,FIRE,WATER,,3,False,True,False,False,False,False,1,0,3,0.0,Lava Burst(0/3E:FIR+FIR+FIR)
357,Ethan's Ho-Oh ex,POKEMON,230,FIRE,WATER,,2,True,False,False,True,False,False,1,160,4,40.0,Shining Feathers(160/4E:FIR+FIR+FIR+FIR)
358,Hearthflame Mask Ogerpon,POKEMON,110,FIRE,WATER,,1,True,False,False,False,False,False,2,80,3,26.7,Fire Kagura(0/1E:COL) | Searing Flame(80/3E:FIR+FIR+COL)
359,Misty's Psyduck,POKEMON,70,WATER,LIGHTNING,,1,True,False,False,False,False,False,1,30,1,30.0,Sprinkle Water(30/1E:WAT)
360,Misty's Staryu,POKEMON,70,WATER,LIGHTNING,,1,True,False,False,False,False,False,1,20,1,20.0,Bubble Beam(20/1E:WAT)
361,Misty's Starmie,POKEMON,100,WATER,LIGHTNING,,1,False,True,False,False,False,False,1,60,1,60.0,Abrupt Flash(60/1E:WAT)
362,Misty's Magikarp,POKEMON,30,WATER,LIGHTNING,,1,True,False,False,False,False,False,1,10,1,10.0,Splash(10/1E:WAT)
363,Misty's Gyarados,POKEMON,180,WATER,LIGHTNING,,4,False,True,False,False,False,False,2,120,3,40.0,Splashing Panic(0/1E:WAT) | Waterfall(120/3E:WAT+WAT+COL)
364,Misty's Lapras,POKEMON,110,WATER,LIGHTNING,,1,True,False,False,False,False,False,2,60,2,30.0,Swim Together(0/1E:WAT) | Surf(60/2E:WAT+COL)
365,Cynthia's Feebas,POKEMON,30,WATER,LIGHTNING,,1,True,False,False,False,False,False,1,10,1,10.0,Undulate(10/1E:COL)
366,Cynthia's Milotic,POKEMON,130,WATER,LIGHTNING,,2,False,True,False,False,False,False,1,60,2,30.0,Aqua Split(60/2E:WAT+COL)
367,Buizel,POKEMON,70,WATER,LIGHTNING,,1,True,False,False,False,False,False,2,30,3,10.0,Tail Whap(10/1E:COL) | Wave Splash(30/3E:WAT+COL+COL)
368,Floatzel,POKEMON,120,WATER,LIGHTNING,,1,False,True,False,False,False,False,2,140,3,46.7,Whirlpool(30/2E:COL+COL) | Aqua Slash(140/3E:WAT+COL+COL)
369,Dondozo ex,POKEMON,260,WATER,LIGHTNING,,4,True,False,False,True,False,False,2,120,4,30.0,Avenging Billow(30/2E:WAT+COL) | Dynamic Dive(120/4E:WAT+WAT+COL+COL)
370,Wellspring Mask Ogerpon,POKEMON,110,WATER,LIGHTNING,,1,True,False,False,False,False,False,2,100,3,33.3,Water Kagura(0/1E:COL) | Bubble Drain(100/3E:WAT+WAT+COL)
371,Electabuzz,POKEMON,90,LIGHTNING,FIGHTING,,2,True,False,False,False,False,False,1,50,2,25.0,Electroslug(50/2E:LIG+COL)
372,Electivire ex,POKEMON,280,LIGHTNING,FIGHTING,,4,False,True,False,True,False,False,2,180,3,60.0,Dual Bolt(0/2E:LIG+COL) | High-Voltage Press(180/3E:LIG+LIG+COL)
373,Ethan's Pichu,POKEMON,30,LIGHTNING,FIGHTING,,0,True,False,False,False,False,False,1,30,0,0,Zapping Draw(30/0E:-)
374,Electrike,POKEMON,60,LIGHTNING,FIGHTING,,1,True,False,False,False,False,False,2,30,2,15.0,Rear Kick(10/1E:COL) | Tiny Bolt(30/2E:LIG+COL)
375,Manectric,POKEMON,120,LIGHTNING,FIGHTING,,1,False,True,False,False,False,False,2,120,2,60.0,Zap Kick(30/1E:COL) | Flash Impact(120/2E:LIG+COL)
376,Rotom,POKEMON,60,LIGHTNING,FIGHTING,,1,True,False,False,False,False,False,2,20,1,20.0,Astonish(20/1E:LIG) | Gadget Show(0/2E:COL+COL)
377,Zeraora,POKEMON,100,LIGHTNING,FIGHTING,,1,True,False,False,False,False,False,2,20,1,20.0,Scratch(20/1E:COL) | Thunder Raid(0/3E:LIG+LIG+LIG)
378,Ethan's Sudowoodo,POKEMON,110,FIGHTING,GRASS,,1,True,False,False,False,False,False,2,20,1,20.0,Impound(20/1E:FIG) | Try to Imitate(0/2E:COL+COL)
379,Cynthia's Gible,POKEMON,70,FIGHTING,GRASS,,1,True,False,False,False,False,False,1,20,1,20.0,Rock Hurl(20/1E:FIG)
380,Cynthia's Gabite,POKEMON,100,FIGHTING,GRASS,,1,False,True,False,False,False,False,1,40,1,40.0,Dragonslice(40/1E:FIG)
381,Cynthia's Garchomp ex,POKEMON,330,FIGHTING,GRASS,,0,False,False,True,True,False,False,2,260,2,130.0,Corkscrew Dive(100/1E:FIG) | Draconic Buster(260/2E:FIG+FIG)
382,Mudbray,POKEMON,90,FIGHTING,GRASS,,3,True,False,False,False,False,False,1,0,2,0.0,Running Charge(0/2E:FIG+COL)
383,Mudsdale,POKEMON,150,FIGHTING,GRASS,,3,False,True,False,False,False,False,1,130,3,43.3,Heavy Impact(130/3E:FIG+FIG+COL)
384,Arven's Toedscool,POKEMON,70,FIGHTING,GRASS,,1,True,False,False,False,False,False,1,30,1,30.0,Slight Intrusion(30/1E:COL)
385,Arven's Toedscruel,POKEMON,140,FIGHTING,GRASS,,2,False,True,False,False,False,False,2,120,3,40.0,Pull(0/1E:COL) | Reckless Charge(120/3E:COL+COL+COL)
386,Cornerstone Mask Ogerpon,POKEMON,110,FIGHTING,GRASS,,1,True,False,False,False,False,False,2,100,3,33.3,Rock Kagura(0/1E:COL) | Mountain Ramming(100/3E:FIG+FIG+COL)
387,Cynthia's Spiritomb,POKEMON,70,DARKNESS,GRASS,,1,True,False,False,False,False,False,1,0,1,0.0,Raging Curse(0/1E:COL)
388,Arven's Maschiff,POKEMON,70,DARKNESS,GRASS,,2,True,False,False,False,False,False,2,50,3,16.7,Stampede(10/1E:COL) | Confront(50/3E:COL+COL+COL)
389,Arven's Mabosstiff ex,POKEMON,270,DARKNESS,GRASS,,3,False,True,False,True,False,False,2,210,3,70.0,Vigorous Tackle(30/1E:COL) | Boss Headbutt(210/3E:COL+COL+COL)
390,Tauros,POKEMON,130,COLORLESS,FIGHTING,,2,True,False,False,False,False,False,2,50,2,25.0,Horn Attack(30/1E:COL) | Clean Hit(50/2E:COL+COL)
391,Arven's Skwovet,POKEMON,60,COLORLESS,FIGHTING,,1,True,False,False,False,False,False,1,10,1,10.0,Gnaw Through(10/1E:COL)
392,Arven's Greedent,POKEMON,120,COLORLESS,FIGHTING,,2,False,True,False,False,False,False,1,50,2,25.0,Rolling Tackle(50/2E:COL+COL)
393,Pineco,POKEMON,70,GRASS,FIRE,,2,True,False,False,False,False,False,1,10,1,10.0,Hang Down(10/1E:COL)
394,Shroomish,POKEMON,60,GRASS,FIRE,,1,True,False,False,False,False,False,1,30,2,15.0,Rolling Tackle(30/2E:COL+COL)
395,Breloom,POKEMON,120,GRASS,FIRE,,2,False,True,False,False,False,False,2,90,3,30.0,Damage Rush(30/2E:COL+COL) | Mega Drain(90/3E:GRA+COL+COL)
396,Mow Rotom,POKEMON,70,GRASS,FIRE,,1,True,False,False,False,False,False,2,20,1,20.0,Trimming Mower(20/1E:GRA) | Gadget Show(0/2E:COL+COL)
397,Fomantis,POKEMON,60,GRASS,FIRE,,1,True,False,False,False,False,False,1,20,1,20.0,Cut Up(20/1E:GRA)
398,Lurantis,POKEMON,120,GRASS,FIRE,,1,False,True,False,False,False,False,2,130,1,130.0,Razor Leaf(30/1E:COL) | Petal Blade Dance(130/1E:GRA)
399,Team Rocket's Blipbug,POKEMON,60,GRASS,FIRE,,1,True,False,False,False,False,False,1,0,1,0.0,Searching Eyes(0/1E:COL)
400,Team Rocket's Tarountula,POKEMON,50,GRASS,FIRE,,1,True,False,False,False,False,False,1,30,1,30.0,Take Down(30/1E:GRA)
401,Team Rocket's Spidops,POKEMON,130,GRASS,FIRE,,2,False,True,False,False,False,False,1,0,2,0.0,Rocket Rush(0/2E:GRA+COL)
402,Smoliv,POKEMON,60,GRASS,FIRE,,1,True,False,False,False,False,False,1,10,1,10.0,Ram(10/1E:COL)
403,Dolliv,POKEMON,90,GRASS,FIRE,,1,False,True,False,False,False,False,2,40,2,20.0,Nutrients(0/1E:GRA) | Tackle(40/2E:COL+COL)
404,Arboliva ex,POKEMON,310,GRASS,FIRE,,2,False,False,True,True,False,False,2,160,3,53.3,Oil Salvo(0/1E:GRA) | Aroma Shot(160/3E:COL+COL+COL)
405,Growlithe,POKEMON,80,FIRE,WATER,,2,True,False,False,False,False,False,2,20,2,10.0,Live Coal(10/1E:FIR) | Dig Claws(20/2E:COL+COL)
406,Arcanine,POKEMON,140,FIRE,WATER,,3,False,True,False,False,False,False,2,100,3,33.3,Flare(50/2E:COL+COL) | Punishing Fang(100/3E:FIR+COL+COL)
407,Team Rocket's Moltres ex,POKEMON,220,FIRE,LIGHTNING,FIGHTING,2,True,False,False,True,False,False,2,110,3,36.7,Flame Screen(110/3E:FIR+COL+COL) | Evil Incineration(0/4E:FIR+COL+COL+COL)
408,Team Rocket's Houndour,POKEMON,70,FIRE,WATER,,1,True,False,False,False,False,False,1,20,1,20.0,Steady Firebreathing(20/1E:FIR)
409,Team Rocket's Houndoom,POKEMON,130,FIRE,WATER,,2,False,True,False,False,False,False,2,120,2,60.0,Cruel Coal(0/1E:FIR) | Scorching Fire(120/2E:FIR+COL)
410,Torchic,POKEMON,70,FIRE,WATER,,1,True,False,False,False,False,False,2,10,1,10.0,Collect(0/1E:COL) | Combustion(10/1E:FIR)
411,Combusken,POKEMON,100,FIRE,WATER,,2,False,True,False,False,False,False,2,20,1,20.0,Combustion(20/1E:COL) | Double Kick(0/2E:FIR+COL)
412,Blaziken,POKEMON,170,FIRE,WATER,,2,False,False,True,False,False,False,2,120,3,40.0,Heat Blast(70/2E:COL+COL) | Inferno Kick Flurry(120/3E:FIR+FIR+COL)
413,Heat Rotom,POKEMON,80,FIRE,WATER,,2,True,False,False,False,False,False,2,0,1,0.0,Singe(0/1E:FIR) | Gadget Show(0/2E:COL+COL)
414,Team Rocket's Articuno,POKEMON,120,WATER,LIGHTNING,FIGHTING,1,True,False,False,False,False,False,1,60,3,20.0,Dark Frost(60/3E:WAT+COL+COL)
415,Clamperl,POKEMON,60,WATER,LIGHTNING,,2,True,False,False,False,False,False,1,10,1,10.0,Shell Press(10/1E:WAT)
416,Huntail,POKEMON,110,WATER,LIGHTNING,,1,False,True,False,False,False,False,1,80,3,26.7,Wave Splash(80/3E:WAT+COL+COL)
417,Gorebyss,POKEMON,90,WATER,LIGHTNING,,1,False,True,False,False,False,False,1,0,1,0.0,Crescendo Wave(0/1E:WAT)
418,Snover,POKEMON,90,WATER,METAL,,3,True,False,False,False,False,False,2,50,3,16.7,Light Punch(20/2E:COL+COL) | Icicle(50/3E:WAT+COL+COL)
419,Abomasnow,POKEMON,150,WATER,METAL,,4,False,True,False,False,False,False,2,120,4,30.0,Lunge Out(90/3E:COL+COL+COL) | Frozen Wood(120/4E:WAT+WAT+WAT+COL)
420,Wash Rotom,POKEMON,80,WATER,LIGHTNING,,2,True,False,False,False,False,False,2,20,1,20.0,Manual Wash(20/1E:WAT) | Gadget Show(0/2E:COL+COL)
421,Arrokuda,POKEMON,70,WATER,LIGHTNING,,1,True,False,False,False,False,False,1,30,1,30.0,Reckless Charge(30/1E:WAT)
422,Barraskewda,POKEMON,130,WATER,LIGHTNING,,1,False,True,False,False,False,False,2,60,2,30.0,Sharp Fin(40/1E:WAT) | Dive(60/2E:WAT+WAT)
423,Cetoddle,POKEMON,100,WATER,METAL,,3,True,False,False,False,False,False,2,80,4,20.0,Gentle Slap(30/2E:WAT+COL) | Frost Smash(80/4E:WAT+WAT+WAT+COL)
424,Cetitan ex,POKEMON,300,WATER,METAL,,4,False,True,False,True,False,False,1,140,4,35.0,Crushing Press(140/4E:WAT+WAT+WAT+COL)
425,Team Rocket's Zapdos,POKEMON,120,LIGHTNING,LIGHTNING,FIGHTING,1,True,False,False,False,False,False,2,60,3,20.0,Jamming Wing(30/2E:COL+COL) | Wicked Thunder(60/3E:LIG+COL+COL)
426,Team Rocket's Mareep,POKEMON,60,LIGHTNING,FIGHTING,,1,True,False,False,False,False,False,2,10,1,10.0,Procurement(0/1E:COL) | Tiny Bolt(10/1E:LIG)
427,Team Rocket's Flaaffy,POKEMON,90,LIGHTNING,FIGHTING,,2,False,True,False,False,False,False,1,50,2,25.0,Thunder Shock(50/2E:LIG+COL)
428,Team Rocket's Ampharos,POKEMON,140,LIGHTNING,FIGHTING,,2,False,False,True,False,False,False,1,140,3,46.7,Head Bolt(140/3E:LIG+COL+COL)
429,Team Rocket's Drowzee,POKEMON,80,PSYCHIC,DARKNESS,FIGHTING,2,True,False,False,False,False,False,1,10,1,10.0,Hypnotic Ray(10/1E:PSY)
430,Team Rocket's Hypno,POKEMON,130,PSYCHIC,DARKNESS,FIGHTING,2,False,True,False,False,False,False,2,40,1,40.0,Psyshot(40/1E:PSY) | Bench Manipulation(0/3E:PSY+PSY+PSY)
431,Team Rocket's Mewtwo ex,POKEMON,280,PSYCHIC,DARKNESS,FIGHTING,3,True,False,False,True,False,False,1,160,3,53.3,Erasure Ball(160/3E:PSY+PSY+COL)
432,Team Rocket's Wobbuffet,POKEMON,110,PSYCHIC,DARKNESS,FIGHTING,2,True,False,False,False,False,False,2,70,3,23.3,Rocket Mirror(0/2E:PSY+COL) | Headbutt Bounce(70/3E:PSY+COL+COL)
433,Team Rocket's Chingling,POKEMON,30,PSYCHIC,DARKNESS,FIGHTING,0,True,False,False,False,False,False,1,0,0,0,Chiming Commotion(0/0E:-)
434,Team Rocket's Mimikyu,POKEMON,60,PSYCHIC,DARKNESS,FIGHTING,0,True,False,False,False,False,False,1,0,2,0.0,Gemstone Mimicry(0/2E:PSY+COL)
435,Team Rocket's Dottler,POKEMON,80,PSYCHIC,DARKNESS,FIGHTING,2,False,True,False,False,False,False,2,30,2,15.0,Disruptive Radar(0/1E:COL) | Super Psy Bolt(30/2E:PSY+COL)
436,Team Rocket's Orbeetle,POKEMON,130,PSYCHIC,DARKNESS,FIGHTING,2,False,False,True,False,False,False,1,40,3,13.3,Psychic(40/3E:PSY+COL+COL)
437,Mankey,POKEMON,70,FIGHTING,PSYCHIC,,1,True,False,False,False,False,False,1,30,1,30.0,Wild Kick(30/1E:FIG)
438,Primeape,POKEMON,110,FIGHTING,PSYCHIC,,2,False,True,False,False,False,False,1,0,1,0.0,Drag Off(0/1E:FIG)
439,Annihilape,POKEMON,150,FIGHTING,PSYCHIC,,2,False,False,True,False,False,False,1,160,2,80.0,Impact Blow(160/2E:FIG+FIG)
440,Team Rocket's Larvitar,POKEMON,70,FIGHTING,GRASS,,1,True,False,False,False,False,False,1,10,1,10.0,Mountain Munch(10/1E:COL)
441,Team Rocket's Pupitar,POKEMON,100,FIGHTING,GRASS,,2,False,True,False,False,False,False,1,30,1,30.0,Explosive Ascension(30/1E:COL)
442,Team Rocket's Tyranitar,POKEMON,180,FIGHTING,GRASS,,3,False,False,True,False,False,False,1,180,4,45.0,Demolition Tackle(180/4E:FIG+COL+COL+COL)
443,Nosepass,POKEMON,80,FIGHTING,GRASS,,3,True,False,False,False,False,False,2,40,3,13.3,Headbutt(20/1E:FIG) | Rock Throw(40/3E:COL+COL+COL)
444,Probopass,POKEMON,140,FIGHTING,GRASS,,3,False,True,False,False,False,False,2,70,3,23.3,Power Gem(40/1E:FIG) | Mountain Drop(70/3E:COL+COL+COL)
445,Meditite,POKEMON,70,FIGHTING,PSYCHIC,,1,True,False,False,False,False,False,1,10,1,10.0,Steady Punch(10/1E:FIG)
446,Medicham,POKEMON,120,FIGHTING,PSYCHIC,,1,False,True,False,False,False,False,1,50,1,50.0,Harmonious Spirit Palm(50/1E:FIG)
447,Regirock ex,POKEMON,230,FIGHTING,GRASS,,3,True,False,False,True,False,False,2,140,4,35.0,Regi Charge(0/1E:COL) | Giant Rock(140/4E:FIG+COL+COL+COL)
448,Team Rocket's Ekans,POKEMON,70,DARKNESS,FIGHTING,,1,True,False,False,False,False,False,2,10,1,10.0,Drag Down(0/1E:COL) | Gnaw(10/1E:DAR)
449,Team Rocket's Arbok,POKEMON,130,DARKNESS,FIGHTING,,2,False,True,False,False,False,False,1,0,3,0.0,Spinning Tail(0/3E:DAR+DAR+DAR)
450,Team Rocket's Nidoran♀,POKEMON,70,DARKNESS,FIGHTING,,1,True,False,False,False,False,False,1,30,1,30.0,Surprise Attack(30/1E:DAR)
451,Team Rocket's Nidorina,POKEMON,90,DARKNESS,FIGHTING,,2,False,True,False,False,False,False,2,50,2,25.0,Dark Awakening(0/1E:DAR) | Scratch(50/2E:DAR+DAR)
452,Team Rocket's Nidoqueen,POKEMON,170,DARKNESS,FIGHTING,,3,False,False,True,False,False,False,2,130,2,65.0,Love Impact(60/1E:DAR) | Mega Kick(130/2E:DAR+DAR)
453,Team Rocket's Nidoran♂,POKEMON,70,DARKNESS,FIGHTING,,1,True,False,False,False,False,False,2,30,2,15.0,Pierce(10/1E:DAR) | Hammer In(30/2E:DAR+COL)
454,Team Rocket's Nidorino,POKEMON,100,DARKNESS,FIGHTING,,2,False,True,False,False,False,False,2,60,3,20.0,Hammer In(30/2E:DAR+COL) | Horn Rend(60/3E:DAR+DAR+COL)
455,Team Rocket's Nidoking ex,POKEMON,330,DARKNESS,FIGHTING,,3,False,False,True,True,False,False,2,240,4,60.0,Tainted Horn(100/3E:DAR+DAR+COL) | Kingly Impact(240/4E:DAR+DAR+DAR+COL)
456,Team Rocket's Zubat,POKEMON,50,DARKNESS,LIGHTNING,FIGHTING,1,True,False,False,False,False,False,1,0,1,0.0,Poison Spray(0/1E:DAR)
457,Team Rocket's Golbat,POKEMON,80,DARKNESS,LIGHTNING,FIGHTING,1,False,True,False,False,False,False,1,30,1,30.0,Confuse Ray(30/1E:DAR)
458,Team Rocket's Crobat ex,POKEMON,310,DARKNESS,LIGHTNING,FIGHTING,1,False,False,True,True,False,False,1,120,2,60.0,Assassin’s Return(120/2E:DAR+DAR)
459,Team Rocket's Grimer,POKEMON,80,DARKNESS,FIGHTING,,3,True,False,False,False,False,False,1,0,2,0.0,Corrosive Sludge(0/2E:DAR+COL)
460,Team Rocket's Muk,POKEMON,150,DARKNESS,FIGHTING,,4,False,True,False,False,False,False,2,40,2,20.0,Gooped Up(40/2E:DAR+COL) | Hazardous Venom(0/3E:DAR+DAR+COL)
461,Team Rocket's Koffing,POKEMON,70,DARKNESS,FIGHTING,,1,True,False,False,False,False,False,1,30,2,15.0,Leaking Gas(30/2E:DAR+COL)
462,Team Rocket's Weezing,POKEMON,130,DARKNESS,FIGHTING,,2,False,True,False,False,False,False,1,0,2,0.0,Explode Together Now(0/2E:DAR+COL)
463,Team Rocket's Murkrow,POKEMON,80,DARKNESS,LIGHTNING,FIGHTING,1,True,False,False,False,False,False,2,30,2,15.0,Deceit(0/1E:COL) | Torment(30/2E:DAR+COL)
464,Team Rocket's Sneasel,POKEMON,80,DARKNESS,GRASS,,1,True,False,False,False,False,False,2,20,1,20.0,Scratch(20/1E:DAR) | Strike the Sleeper(0/2E:DAR+DAR)
465,Forretress,POKEMON,130,METAL,FIRE,GRASS,2,False,True,False,False,False,False,2,20,1,20.0,Iron Shake-Up(20/1E:COL) | Hurricane of Needles(0/4E:MET+COL+COL+COL)
466,Skarmory,POKEMON,110,METAL,LIGHTNING,FIGHTING,1,True,False,False,False,False,False,2,60,2,30.0,Roost(0/1E:COL) | Metal Claw(60/2E:MET+COL)
467,Zamazenta,POKEMON,130,METAL,FIRE,GRASS,2,True,False,False,False,False,False,1,70,3,23.3,Strong Bash(70/3E:MET+MET+COL)
468,Team Rocket's Rattata,POKEMON,50,COLORLESS,FIGHTING,,1,True,False,False,False,False,False,1,10,1,10.0,Dangerous Incisors(10/1E:COL)
469,Team Rocket's Raticate,POKEMON,90,COLORLESS,FIGHTING,,1,False,True,False,False,False,False,1,90,1,90.0,Reckless Abandon(90/1E:COL)
470,Team Rocket's Meowth,POKEMON,70,COLORLESS,FIGHTING,,1,True,False,False,False,False,False,2,0,1,0.0,Paw-cket Pilfer(0/1E:COL) | Fury Swipes(0/2E:COL+COL)
471,Team Rocket's Persian ex,POKEMON,260,COLORLESS,FIGHTING,,2,False,True,False,True,False,False,2,140,3,46.7,Haughty Order(0/2E:COL+COL) | Cruel Slash(140/3E:COL+COL+COL)
472,Kangaskhan,POKEMON,120,COLORLESS,FIGHTING,,2,True,False,False,False,False,False,2,50,2,25.0,Gentle Slap(50/2E:COL+COL) | Dizzy Punch(0/3E:COL+COL+COL)
473,Team Rocket's Porygon,POKEMON,60,COLORLESS,FIGHTING,,1,True,False,False,False,False,False,1,0,1,0.0,Hacking(0/1E:COL)
474,Team Rocket's Porygon2,POKEMON,90,COLORLESS,FIGHTING,,1,False,True,False,False,False,False,1,0,3,0.0,R Command(0/3E:COL+COL+COL)
475,Team Rocket's Porygon-Z,POKEMON,140,COLORLESS,FIGHTING,,1,False,False,True,False,False,False,1,0,2,0.0,R Command(0/2E:COL+COL)
476,Taillow,POKEMON,60,COLORLESS,LIGHTNING,FIGHTING,1,True,False,False,False,False,False,1,20,1,20.0,Wing Attack(20/1E:COL)
477,Swellow,POKEMON,100,COLORLESS,LIGHTNING,FIGHTING,0,False,True,False,False,False,False,2,70,2,35.0,Add On(0/1E:COL) | Speed Wing(70/2E:COL+COL)
478,Squawkabilly,POKEMON,70,COLORLESS,LIGHTNING,FIGHTING,1,True,False,False,False,False,False,1,20,1,20.0,Push Down(20/1E:COL)
479,Snivy,POKEMON,70,GRASS,FIRE,,1,True,False,False,False,False,False,2,30,2,15.0,Tackle(10/1E:GRA) | Vine Whip(30/2E:GRA+GRA)
480,Servine,POKEMON,100,GRASS,FIRE,,1,False,True,False,False,False,False,2,60,3,20.0,Wrap(20/1E:GRA) | Vine Whip(60/3E:GRA+COL+COL)
481,Serperior ex,POKEMON,320,GRASS,FIRE,,2,False,False,True,True,False,False,1,150,4,37.5,Command the Grass(150/4E:GRA+COL+COL+COL)
482,Pansage,POKEMON,70,GRASS,FIRE,,1,True,False,False,False,False,False,2,30,2,15.0,Collect(0/1E:COL) | Scratch(30/2E:COL+COL)
483,Simisage,POKEMON,100,GRASS,FIRE,,1,False,True,False,False,False,False,1,70,2,35.0,Gentle Slap(70/2E:COL+COL)
484,Petilil,POKEMON,60,GRASS,FIRE,,1,True,False,False,False,False,False,2,10,1,10.0,Hide(0/1E:COL) | Leafage(10/1E:GRA)
485,Lilligant,POKEMON,100,GRASS,FIRE,,1,False,True,False,False,False,False,2,70,3,23.3,Bemusing Aroma(30/1E:GRA) | Cut(70/3E:GRA+COL+COL)
486,Maractus,POKEMON,100,GRASS,FIRE,,1,True,False,False,False,False,False,2,50,2,25.0,Lively Needles(20/1E:GRA) | Pierce(50/2E:GRA+COL)
487,Karrablast,POKEMON,60,GRASS,FIRE,,1,True,False,False,False,False,False,1,10,1,10.0,Horn Attack(10/1E:COL)
488,Foongus,POKEMON,50,GRASS,FIRE,,1,True,False,False,False,False,False,1,0,1,0.0,Toxic Spore(0/1E:COL)
489,Amoonguss,POKEMON,120,GRASS,FIRE,,2,False,True,False,False,False,False,2,60,2,30.0,Dangerous Reaction(30/1E:COL) | Seed Bomb(60/2E:GRA+COL)
490,Victini,POKEMON,80,FIRE,WATER,,1,True,False,False,False,False,False,1,120,2,60.0,V-Force(120/2E:FIR+FIR)
491,Darumaka,POKEMON,80,FIRE,WATER,,2,True,False,False,False,False,False,1,30,2,15.0,Will-O-Wisp(30/2E:FIR+COL)
492,Darmanitan,POKEMON,140,FIRE,WATER,,2,False,True,False,False,False,False,2,180,4,45.0,Searing Flame(50/2E:FIR+COL) | Smashing Headbutt(180/4E:FIR+COL+COL+COL)
493,Litwick,POKEMON,60,FIRE,WATER,,1,True,False,False,False,False,False,1,0,1,0.0,Brighten and Burn(0/1E:FIR)
494,Lampent,POKEMON,80,FIRE,WATER,,1,False,True,False,False,False,False,1,50,1,50.0,Fire Blast(50/1E:FIR)
495,Chandelure,POKEMON,150,FIRE,WATER,,2,False,False,True,False,False,False,2,180,2,90.0,Incendiary Pillar(50/1E:FIR) | Burn It All Up(180/2E:FIR+FIR)
496,Larvesta,POKEMON,60,FIRE,WATER,,1,True,False,False,False,False,False,1,10,1,10.0,Peck Off(10/1E:COL)
497,Volcarona,POKEMON,120,FIRE,WATER,,1,False,True,False,False,False,False,1,70,3,23.3,Fire Wing(70/3E:FIR+COL+COL)
498,Panpour,POKEMON,70,WATER,LIGHTNING,,1,True,False,False,False,False,False,2,30,2,15.0,Collect(0/1E:COL) | Scratch(30/2E:COL+COL)
499,Simipour,POKEMON,100,WATER,LIGHTNING,,1,False,True,False,False,False,False,1,70,2,35.0,Gentle Slap(70/2E:COL+COL)
500,Tympole,POKEMON,60,WATER,LIGHTNING,,1,True,False,False,False,False,False,1,0,2,0.0,Round(0/2E:COL+COL)
501,Palpitoad,POKEMON,90,WATER,LIGHTNING,,2,False,True,False,False,False,False,2,60,3,20.0,Round(0/2E:COL+COL) | Wave Splash(60/3E:WAT+COL+COL)
502,Seismitoad,POKEMON,170,WATER,LIGHTNING,,3,False,False,True,False,False,False,2,160,4,40.0,Round(0/3E:COL+COL+COL) | Hyper Voice(160/4E:WAT+COL+COL+COL)
503,Tirtouga,POKEMON,100,WATER,LIGHTNING,,3,False,True,False,False,False,False,2,80,3,26.7,Ancient Seaweed(0/1E:WAT) | Surf(80/3E:WAT+COL+COL)
504,Carracosta,POKEMON,180,WATER,LIGHTNING,,3,False,False,True,False,False,False,1,150,3,50.0,Big Bite(150/3E:WAT+COL+COL)
505,Alomomola,POKEMON,110,WATER,LIGHTNING,,1,True,False,False,False,False,False,1,70,3,23.3,Waterfall(70/3E:WAT+COL+COL)
506,Cubchoo,POKEMON,70,WATER,METAL,,2,True,False,False,False,False,False,1,10,1,10.0,Snotted Up(10/1E:WAT)
507,Beartic,POKEMON,150,WATER,METAL,,3,False,True,False,False,False,False,2,150,4,37.5,Continuous Headbutt(0/1E:COL) | Sheer Cold(150/4E:WAT+WAT+WAT+COL)
508,Cryogonal,POKEMON,90,WATER,METAL,,1,True,False,False,False,False,False,2,30,1,30.0,Drag Off(0/1E:WAT) | Icicle(30/1E:WAT)
509,Kyurem ex,POKEMON,230,WATER,METAL,,2,True,False,False,True,False,False,2,130,3,43.3,Slash(50/2E:COL+COL) | Blizzard Burst(130/3E:WAT+WAT+COL)
510,Emolga,POKEMON,70,LIGHTNING,FIGHTING,,0,True,False,False,False,False,False,2,20,1,20.0,Call for Family(0/1E:COL) | Static Shock(20/1E:LIG)
511,Tynamo,POKEMON,40,LIGHTNING,FIGHTING,,0,True,False,False,False,False,False,1,0,1,0.0,Hold Still(0/1E:COL)
512,Eelektrik,POKEMON,90,LIGHTNING,FIGHTING,,2,False,True,False,False,False,False,1,50,3,16.7,Electric Ball(50/3E:LIG+LIG+COL)
513,Eelektross,POKEMON,160,LIGHTNING,FIGHTING,,3,False,False,True,False,False,False,2,60,1,60.0,Thunder Fang(60/1E:LIG) | Buzz Flip(0/4E:LIG+LIG+LIG+COL)
514,Thundurus,POKEMON,120,LIGHTNING,FIGHTING,,1,True,False,False,False,False,False,2,110,3,36.7,Charge(0/1E:COL) | Disaster Volt(110/3E:LIG+COL+COL)
515,Zekrom ex,POKEMON,230,LIGHTNING,FIGHTING,,2,True,False,False,True,False,False,2,130,3,43.3,Slash(50/2E:COL+COL) | Voltage Burst(130/3E:LIG+LIG+COL)
516,Munna,POKEMON,70,PSYCHIC,DARKNESS,FIGHTING,1,True,False,False,False,False,False,2,10,1,10.0,Rest(0/1E:COL) | Mumble(10/1E:PSY)
517,Musharna,POKEMON,120,PSYCHIC,DARKNESS,FIGHTING,2,False,True,False,False,False,False,2,50,1,50.0,Dream Calling(0/1E:COL) | Sleep Pulse(50/1E:PSY)
518,Solosis,POKEMON,40,PSYCHIC,DARKNESS,FIGHTING,1,True,False,False,False,False,False,1,10,1,10.0,Rollout(10/1E:COL)
519,Duosion,POKEMON,70,PSYCHIC,DARKNESS,FIGHTING,1,False,True,False,False,False,False,2,30,1,30.0,Cellular Evolution(0/1E:COL) | Spray Fluid(30/1E:COL)
520,Reuniclus,POKEMON,140,PSYCHIC,DARKNESS,FIGHTING,1,False,False,True,False,False,False,2,40,1,40.0,Cellular Ascension(0/1E:COL) | Evo-Lariat(40/1E:COL)
521,Elgyem,POKEMON,60,PSYCHIC,DARKNESS,FIGHTING,1,True,False,False,False,False,False,2,40,3,13.3,Slight Shift(0/1E:PSY) | Beam(40/3E:COL+COL+COL)
522,Beheeyem,POKEMON,90,PSYCHIC,DARKNESS,FIGHTING,1,False,True,False,False,False,False,2,80,3,26.7,Calm Mind(0/1E:PSY) | Psychic(80/3E:COL+COL+COL)
523,Golett,POKEMON,90,PSYCHIC,DARKNESS,FIGHTING,3,True,False,False,False,False,False,1,60,2,30.0,Best Punch(60/2E:COL+COL)
524,Golurk,POKEMON,160,PSYCHIC,DARKNESS,FIGHTING,4,False,True,False,False,False,False,2,200,5,40.0,Double Smash(0/3E:COL+COL+COL) | Golurk Hammer(200/5E:PSY+PSY+COL+COL+COL)
525,Meloetta ex,POKEMON,200,PSYCHIC,DARKNESS,FIGHTING,1,True,False,False,True,False,False,1,30,1,30.0,Echoed Voice(30/1E:PSY)
526,Drilbur,POKEMON,70,FIGHTING,GRASS,,1,True,False,False,False,False,False,2,30,2,15.0,Mud-Slap(10/1E:FIG) | Corkscrew Punch(30/2E:FIG+FIG)
527,Excadrill ex,POKEMON,270,FIGHTING,GRASS,,3,False,True,False,True,False,False,2,200,3,66.7,Piercing Drill(60/2E:FIG+FIG) | Rock Tumble(200/3E:FIG+FIG+FIG)
528,Timburr,POKEMON,70,FIGHTING,PSYCHIC,,2,True,False,False,False,False,False,2,50,3,16.7,Low Kick(10/1E:FIG) | Strength(50/3E:FIG+COL+COL)
529,Gurdurr,POKEMON,100,FIGHTING,PSYCHIC,,3,False,True,False,False,False,False,2,60,3,20.0,Low Kick(30/1E:FIG) | Hammer Arm(60/3E:FIG+COL+COL)
530,Conkeldurr,POKEMON,140,FIGHTING,PSYCHIC,,3,False,False,True,False,False,False,1,100,4,25.0,Swing Around(100/4E:FIG+COL+COL+COL)
531,Throh,POKEMON,130,FIGHTING,PSYCHIC,,2,True,False,False,False,False,False,1,120,2,60.0,Shoulder Throw(120/2E:FIG+COL)
532,Dwebble,POKEMON,70,FIGHTING,GRASS,,2,True,False,False,False,False,False,2,20,2,10.0,Flail(0/1E:COL) | Dig Claws(20/2E:COL+COL)
533,Crustle,POKEMON,150,FIGHTING,GRASS,,3,False,True,False,False,False,False,1,80,3,26.7,Stone Edge(80/3E:FIG+COL+COL)
534,Landorus,POKEMON,130,FIGHTING,GRASS,,2,True,False,False,False,False,False,2,110,3,36.7,Abundant Harvest(0/1E:COL) | Earthquake(110/3E:FIG+COL+COL)
535,Venipede,POKEMON,80,DARKNESS,FIGHTING,,3,True,False,False,False,False,False,1,0,1,0.0,Poison Spray(0/1E:COL)
536,Whirlipede,POKEMON,100,DARKNESS,FIGHTING,,3,False,True,False,False,False,False,1,30,1,30.0,Venoshock(30/1E:COL)
537,Scolipede,POKEMON,160,DARKNESS,FIGHTING,,3,False,False,True,False,False,False,1,90,2,45.0,Venoshock(90/2E:DAR+COL)
538,Sandile,POKEMON,70,DARKNESS,GRASS,,2,True,False,False,False,False,False,1,10,1,10.0,Tighten Up(10/1E:DAR)
539,Krokorok,POKEMON,100,DARKNESS,GRASS,,2,False,True,False,False,False,False,1,40,2,20.0,Tighten Up(40/2E:DAR+COL)
540,Krookodile,POKEMON,170,DARKNESS,GRASS,,3,False,False,True,False,False,False,2,120,3,40.0,Tighten Up(60/2E:DAR+COL) | Cursed Slug(120/3E:DAR+DAR+COL)
541,Vullaby,POKEMON,70,DARKNESS,LIGHTNING,FIGHTING,1,True,False,False,False,False,False,1,10,1,10.0,Playful Kick(10/1E:COL)
542,Mandibuzz,POKEMON,110,DARKNESS,LIGHTNING,FIGHTING,1,False,True,False,False,False,False,1,90,3,30.0,Cutting Wind(90/3E:COL+COL+COL)
543,Escavalier,POKEMON,130,METAL,FIRE,GRASS,3,False,True,False,False,False,False,1,90,1,90.0,Wild Lances(90/1E:MET)
544,Pawniard,POKEMON,60,METAL,FIRE,GRASS,1,True,False,False,False,False,False,1,10,1,10.0,Corner(10/1E:MET)
545,Bisharp,POKEMON,120,METAL,FIRE,GRASS,2,False,True,False,False,False,False,2,60,2,30.0,Cut Up(40/1E:MET) | Finishing Blow(60/2E:MET+COL)
546,Cobalion,POKEMON,120,METAL,FIRE,GRASS,2,True,False,False,False,False,False,2,80,3,26.7,Righteous Edge(20/1E:MET) | Metal Arms(80/3E:MET+MET+COL)
547,Genesect ex,POKEMON,220,METAL,FIRE,GRASS,2,True,False,False,True,False,False,1,150,3,50.0,Protect Charge(150/3E:MET+MET+COL)
548,Axew,POKEMON,70,DRAGON,,,2,True,False,False,False,False,False,1,0,1,0.0,Gather Strength(0/1E:COL)
549,Fraxure,POKEMON,100,DRAGON,,,2,False,True,False,False,False,False,2,90,2,45.0,Bite(30/1E:COL) | Boundless Power(90/2E:FIG+MET)
550,Haxorus,POKEMON,170,DRAGON,,,3,False,False,True,False,False,False,2,80,2,40.0,Cross-Cut(80/2E:COL+COL) | Axe Blast(0/3E:FIG+MET+COL)
551,Pidove,POKEMON,60,COLORLESS,LIGHTNING,FIGHTING,1,True,False,False,False,False,False,2,10,1,10.0,Scout(0/1E:COL) | Stampede(10/1E:COL)
552,Tranquill,POKEMON,80,COLORLESS,LIGHTNING,FIGHTING,0,False,True,False,False,False,False,1,40,1,40.0,Fly(40/1E:COL)
553,Unfezant,POKEMON,150,COLORLESS,LIGHTNING,FIGHTING,0,False,False,True,False,False,False,2,120,2,60.0,Add On(0/1E:COL) | Swift Flight(120/2E:COL+COL)
554,Audino,POKEMON,100,COLORLESS,FIGHTING,,1,True,False,False,False,False,False,1,30,1,30.0,Return(30/1E:COL)
555,Minccino,POKEMON,60,COLORLESS,FIGHTING,,1,True,False,False,False,False,False,1,0,1,0.0,Tail Slap(0/1E:COL)
556,Cinccino,POKEMON,100,COLORLESS,FIGHTING,,1,False,True,False,False,False,False,1,20,1,20.0,Do the Wave(20/1E:COL)
557,Sewaddle,POKEMON,50,GRASS,FIRE,,1,True,False,False,False,False,False,1,20,1,20.0,Bug Bite(20/1E:GRA)
558,Swadloon,POKEMON,80,GRASS,FIRE,,2,False,True,False,False,False,False,1,40,2,20.0,Bug Buzz(40/2E:GRA+COL)
559,Leavanny,POKEMON,130,GRASS,FIRE,,1,False,False,True,False,False,False,2,90,2,45.0,Healing Wrapping(0/1E:COL) | X-Scissor(90/2E:GRA+COL)
560,Cottonee,POKEMON,60,GRASS,FIRE,,1,True,False,False,False,False,False,1,10,1,10.0,Absorb(10/1E:GRA)
561,Whimsicott ex,POKEMON,230,GRASS,FIRE,,0,False,True,False,True,False,False,2,0,1,0.0,Energy Gift(0/1E:GRA) | Wondrous Cotton(0/1E:GRA)
562,Deerling,POKEMON,70,GRASS,FIRE,,1,True,False,False,False,False,False,1,30,2,15.0,Rear Kick(30/2E:COL+COL)
563,Sawsbuck,POKEMON,130,GRASS,FIRE,,2,False,True,False,False,False,False,2,100,3,33.3,Push Down(50/2E:COL+COL) | Solar Beam(100/3E:GRA+COL+COL)
564,Shelmet,POKEMON,60,GRASS,FIRE,,3,True,False,False,False,False,False,1,10,1,10.0,Headbutt Bounce(10/1E:COL)
565,Accelgor,POKEMON,100,GRASS,FIRE,,1,False,True,False,False,False,False,1,50,1,50.0,Acid Spray(50/1E:GRA)
566,Virizion,POKEMON,120,GRASS,FIRE,,1,True,False,False,False,False,False,2,130,3,43.3,Giga Drain(30/1E:GRA) | Emerald Blade(130/3E:GRA+GRA+COL)
567,Tepig,POKEMON,70,FIRE,WATER,,1,True,False,False,False,False,False,2,30,2,15.0,Tackle(10/1E:FIR) | Rollout(30/2E:FIR+FIR)
568,Pignite,POKEMON,110,FIRE,WATER,,3,False,True,False,False,False,False,2,80,3,26.7,Combustion(30/1E:FIR) | Heat Crash(80/3E:FIR+FIR+COL)
569,Emboar,POKEMON,180,FIRE,WATER,,4,False,False,True,False,False,False,1,120,4,30.0,Heat Crash(120/4E:FIR+FIR+FIR+COL)
570,Pansear,POKEMON,70,FIRE,WATER,,1,True,False,False,False,False,False,2,30,2,15.0,Collect(0/1E:COL) | Scratch(30/2E:COL+COL)
571,Simisear,POKEMON,100,FIRE,WATER,,1,False,True,False,False,False,False,1,70,2,35.0,Gentle Slap(70/2E:COL+COL)
572,Heatmor,POKEMON,120,FIRE,WATER,,2,True,False,False,False,False,False,2,60,2,30.0,Licking Catch(0/1E:FIR) | Fire Claws(60/2E:FIR+FIR)
573,Reshiram ex,POKEMON,230,FIRE,WATER,,2,True,False,False,True,False,False,2,130,3,43.3,Slash(50/2E:COL+COL) | Blazing Burst(130/3E:FIR+FIR+COL)
574,Oshawott,POKEMON,70,WATER,LIGHTNING,,1,True,False,False,False,False,False,2,30,2,15.0,Tackle(10/1E:WAT) | Water Gun(30/2E:WAT+WAT)
575,Dewott,POKEMON,100,WATER,LIGHTNING,,1,False,True,False,False,False,False,1,0,1,0.0,Energized Shell(0/1E:WAT)
576,Samurott,POKEMON,160,WATER,LIGHTNING,,2,False,False,True,False,False,False,1,30,1,30.0,Energized Slash(30/1E:WAT)
577,Basculin,POKEMON,90,WATER,LIGHTNING,,1,True,False,False,False,False,False,2,50,1,50.0,Bite(10/1E:COL) | Bared Fangs(50/1E:WAT)
578,Ducklett,POKEMON,70,WATER,LIGHTNING,FIGHTING,1,True,False,False,False,False,False,2,20,2,10.0,Firefighting(0/1E:COL) | Wing Attack(20/2E:COL+COL)
579,Swanna,POKEMON,120,WATER,LIGHTNING,FIGHTING,1,False,True,False,False,False,False,2,120,3,40.0,Flap(30/1E:COL) | Air Slash(120/3E:COL+COL+COL)
580,Vanillite,POKEMON,60,WATER,METAL,,1,True,False,False,False,False,False,2,20,2,10.0,Beat(10/1E:COL) | Ice Edge(20/2E:WAT+COL)
581,Vanillish,POKEMON,90,WATER,METAL,,2,False,True,False,False,False,False,2,50,3,16.7,Ram(30/2E:COL+COL) | Ice Beam(50/3E:WAT+COL+COL)
582,Vanilluxe,POKEMON,150,WATER,METAL,,2,False,False,True,False,False,False,2,60,2,30.0,Ram(60/2E:COL+COL) | Double Freeze(0/3E:WAT+COL+COL)
583,Keldeo ex,POKEMON,210,WATER,LIGHTNING,,2,True,False,False,True,False,False,2,120,3,40.0,Gale Thrust(30/2E:WAT+COL) | Sonic Edge(120/3E:WAT+COL+COL)
584,Blitzle,POKEMON,60,LIGHTNING,FIGHTING,,1,True,False,False,False,False,False,2,30,2,15.0,Smash Kick(10/1E:COL) | Zap Kick(30/2E:LIG+COL)
585,Zebstrika,POKEMON,120,LIGHTNING,FIGHTING,,1,False,True,False,False,False,False,2,100,3,33.3,Smash Kick(30/1E:COL) | Electrobullet(100/3E:LIG+LIG+COL)
586,Joltik,POKEMON,40,LIGHTNING,FIGHTING,,1,True,False,False,False,False,False,1,30,1,30.0,Surprise Attack(30/1E:LIG)
587,Galvantula,POKEMON,90,LIGHTNING,FIGHTING,,1,False,True,False,False,False,False,1,0,1,0.0,Discharge(0/1E:LIG)
588,Stunfisk,POKEMON,110,LIGHTNING,FIGHTING,,2,True,False,False,False,False,False,2,50,2,25.0,Muddy Bolt(20/1E:COL) | Flop(50/2E:LIG+COL)
589,Woobat,POKEMON,60,PSYCHIC,LIGHTNING,FIGHTING,1,True,False,False,False,False,False,1,10,1,10.0,Heart Stamp(10/1E:COL)
590,Swoobat,POKEMON,90,PSYCHIC,LIGHTNING,FIGHTING,1,False,True,False,False,False,False,2,50,2,25.0,Happy Return(0/1E:COL) | Gust(50/2E:COL+COL)
591,Sigilyph,POKEMON,120,PSYCHIC,LIGHTNING,FIGHTING,1,True,False,False,False,False,False,2,0,1,0.0,Reflect(0/1E:COL) | Telekinesis(0/3E:PSY+COL+COL)
592,Yamask,POKEMON,70,PSYCHIC,DARKNESS,FIGHTING,2,True,False,False,False,False,False,1,20,2,10.0,Focused Wish(20/2E:PSY+COL)
593,Cofagrigus,POKEMON,120,PSYCHIC,DARKNESS,FIGHTING,2,False,True,False,False,False,False,2,60,3,20.0,Extended Damagriiigus(0/2E:PSY+COL) | Perplex(60/3E:PSY+COL+COL)
594,Gothita,POKEMON,70,PSYCHIC,DARKNESS,FIGHTING,1,True,False,False,False,False,False,1,20,1,20.0,Super Psy Bolt(20/1E:PSY)
595,Gothorita,POKEMON,90,PSYCHIC,DARKNESS,FIGHTING,1,False,True,False,False,False,False,2,40,2,20.0,Fortunate Eye(0/1E:PSY) | Psyshot(40/2E:PSY+COL)
596,Gothitelle,POKEMON,150,PSYCHIC,DARKNESS,FIGHTING,2,False,False,True,False,False,False,1,90,2,45.0,Synchro Shot(90/2E:PSY+COL)
597,Frillish,POKEMON,80,PSYCHIC,DARKNESS,FIGHTING,3,True,False,False,False,False,False,1,20,1,20.0,Oceanic Gloom(20/1E:PSY)
598,Jellicent ex,POKEMON,270,PSYCHIC,DARKNESS,FIGHTING,3,False,True,False,True,False,False,1,80,2,40.0,Power Press(80/2E:PSY+COL)
599,Roggenrola,POKEMON,80,FIGHTING,GRASS,,2,True,False,False,False,False,False,2,30,2,15.0,Harden(0/1E:FIG) | Rolling Rocks(30/2E:FIG+FIG)
600,Boldore,POKEMON,110,FIGHTING,GRASS,,3,False,True,False,False,False,False,2,90,3,30.0,Smack Down(30/1E:FIG) | Power Gem(90/3E:FIG+FIG+FIG)
601,Gigalith,POKEMON,170,FIGHTING,GRASS,,3,False,False,True,False,False,False,2,160,3,53.3,Vengeful Cannon(0/1E:FIG) | Heavy Impact(160/3E:FIG+FIG+FIG)
602,Sawk,POKEMON,110,FIGHTING,PSYCHIC,,1,True,False,False,False,False,False,2,90,1,90.0,Elbow Strike(30/1E:FIG) | Rising Chop(90/1E:FIG)
603,Archen,POKEMON,80,FIGHTING,GRASS,,1,False,True,False,False,False,False,1,30,2,15.0,Acrobatics(30/2E:FIG+COL)
604,Archeops,POKEMON,140,FIGHTING,GRASS,,1,False,False,True,False,False,False,1,100,2,50.0,Rock Throw(100/2E:FIG+COL)
605,Mienfoo,POKEMON,60,FIGHTING,PSYCHIC,,1,True,False,False,False,False,False,1,20,1,20.0,Kick(20/1E:FIG)
606,Mienshao,POKEMON,100,FIGHTING,PSYCHIC,,1,False,True,False,False,False,False,2,80,2,40.0,Low Sweep(40/1E:FIG) | Smash Uppercut(80/2E:FIG+FIG)
607,Terrakion,POKEMON,140,FIGHTING,GRASS,,3,True,False,False,False,False,False,2,100,3,33.3,Retaliate(50/2E:FIG+COL) | Land Crush(100/3E:FIG+FIG+COL)
608,Purrloin,POKEMON,60,DARKNESS,GRASS,,1,True,False,False,False,False,False,1,0,1,0.0,Invite Evil(0/1E:DAR)
609,Liepard,POKEMON,110,DARKNESS,GRASS,,1,False,True,False,False,False,False,1,50,1,50.0,Knock Off(50/1E:DAR)
610,Scraggy,POKEMON,70,DARKNESS,GRASS,,1,True,False,False,False,False,False,2,30,2,15.0,Headbutt(10/1E:DAR) | Invade(30/2E:DAR+DAR)
611,Scrafty,POKEMON,120,DARKNESS,GRASS,,2,False,True,False,False,False,False,1,0,2,0.0,Ruffians Attack(0/2E:DAR+DAR)
612,Trubbish,POKEMON,70,DARKNESS,FIGHTING,,2,True,False,False,False,False,False,2,20,2,10.0,Drool(10/1E:DAR) | Sludge Bomb(20/2E:DAR+COL)
613,Garbodor,POKEMON,140,DARKNESS,FIGHTING,,3,False,True,False,False,False,False,2,120,3,40.0,Suffocating Gas(40/1E:DAR) | Gunk Shot(120/3E:DAR+DAR+COL)
614,Zorua,POKEMON,70,DARKNESS,GRASS,,1,True,False,False,False,False,False,1,30,1,30.0,Take Down(30/1E:DAR)
615,Zoroark,POKEMON,120,DARKNESS,GRASS,,1,False,True,False,False,False,False,2,0,1,0.0,Mind Jack(0/1E:DAR) | Foul Play(0/3E:COL+COL+COL)
616,Deino,POKEMON,80,DARKNESS,GRASS,,2,True,False,False,False,False,False,2,50,3,16.7,Body Slam(20/2E:COL+COL) | Darkness Fang(50/3E:DAR+COL+COL)
617,Zweilous,POKEMON,110,DARKNESS,GRASS,,3,False,True,False,False,False,False,2,100,4,25.0,Double Hit(0/2E:COL+COL) | Pitch-Black Fangs(100/4E:DAR+DAR+COL+COL)
618,Hydreigon ex,POKEMON,330,DARKNESS,GRASS,,3,False,False,True,True,False,False,1,200,5,40.0,Dark Bite(200/5E:DAR+DAR+DAR+COL+COL)
619,Ferroseed,POKEMON,70,METAL,FIRE,GRASS,2,True,False,False,False,False,False,2,40,3,13.3,Zzzt(10/1E:MET) | Metal Claw(40/3E:MET+COL+COL)
620,Ferrothorn,POKEMON,140,METAL,FIRE,GRASS,3,False,True,False,False,False,False,2,130,4,32.5,Power Whip(0/1E:MET) | Metal Claw(130/4E:MET+COL+COL+COL)
621,Klink,POKEMON,60,METAL,FIRE,GRASS,1,True,False,False,False,False,False,1,10,1,10.0,Hard Gears(10/1E:MET)
622,Klang,POKEMON,90,METAL,FIRE,GRASS,2,False,True,False,False,False,False,1,50,2,25.0,Hard Gears(50/2E:MET+COL)
623,Klinklang,POKEMON,150,METAL,FIRE,GRASS,3,False,False,True,False,False,False,1,120,3,40.0,Hammer In(120/3E:MET+COL+COL)
624,Durant,POKEMON,110,METAL,FIRE,GRASS,1,True,False,False,False,False,False,2,50,2,25.0,Bite Together(20/1E:COL) | Vise Grip(50/2E:MET+COL)
625,Druddigon,POKEMON,120,DRAGON,,,2,True,False,False,False,False,False,2,90,3,30.0,Shred(40/1E:COL) | Ambush(90/3E:FIR+WAT+COL)
626,Patrat,POKEMON,60,COLORLESS,FIGHTING,,1,True,False,False,False,False,False,2,10,1,10.0,Procurement(0/1E:COL) | Gnaw(10/1E:COL)
627,Watchog,POKEMON,90,COLORLESS,FIGHTING,,1,False,True,False,False,False,False,2,80,1,80.0,Focus Energy(0/1E:COL) | Hyper Fang(80/1E:COL)
628,Lillipup,POKEMON,60,COLORLESS,FIGHTING,,1,True,False,False,False,False,False,1,10,1,10.0,Play Rough(10/1E:COL)
629,Herdier,POKEMON,90,COLORLESS,FIGHTING,,1,False,True,False,False,False,False,2,70,3,23.3,Roar(0/1E:COL) | Lunge Out(70/3E:COL+COL+COL)
630,Stoutland,POKEMON,160,COLORLESS,FIGHTING,,3,False,False,True,False,False,False,2,100,4,25.0,Odor Sleuth(0/2E:COL+COL) | Special Fang(100/4E:COL+COL+COL+COL)
631,Bouffalant ex,POKEMON,220,COLORLESS,FIGHTING,,2,True,False,False,True,False,False,1,100,3,33.3,Gold Breaker(100/3E:COL+COL+COL)
632,Rufflet,POKEMON,70,COLORLESS,LIGHTNING,FIGHTING,1,True,False,False,False,False,False,2,20,2,10.0,Peck(10/1E:COL) | Glide(20/2E:COL+COL)
633,Braviary,POKEMON,140,COLORLESS,LIGHTNING,FIGHTING,1,False,True,False,False,False,False,2,130,4,32.5,Aerial Ace(40/1E:COL) | Speed Wing(130/4E:COL+COL+COL+COL)
634,Tornadus,POKEMON,120,COLORLESS,LIGHTNING,FIGHTING,1,True,False,False,False,False,False,2,100,3,33.3,Wrapped in Wind(0/1E:COL) | Hurricane(100/3E:COL+COL+COL)
635,Steven's Baltoy,POKEMON,60,PSYCHIC,DARKNESS,FIGHTING,1,True,False,False,False,False,False,2,20,1,20.0,Summoning Sign(0/1E:COL) | Psychic Sphere(20/1E:PSY)
636,Steven's Claydol,POKEMON,120,PSYCHIC,DARKNESS,FIGHTING,2,False,True,False,False,False,False,2,220,3,73.3,Eerie Light(20/1E:PSY) | Clay Blast(220/3E:PSY+PSY+COL)
637,Steven's Carbink,POKEMON,80,PSYCHIC,METAL,,2,True,False,False,False,False,False,1,80,3,26.7,Magical Shot(80/3E:PSY+COL+COL)
638,Steven's Skarmory,POKEMON,120,METAL,LIGHTNING,FIGHTING,1,True,False,False,False,False,False,2,30,2,15.0,Razor Wing(30/2E:COL+COL) | Sonic Double(0/3E:MET+MET+COL)
639,Steven's Beldum,POKEMON,70,METAL,FIRE,GRASS,1,True,False,False,False,False,False,1,30,2,15.0,Ram(30/2E:MET+COL)
640,Steven's Metang,POKEMON,100,METAL,FIRE,GRASS,2,False,True,False,False,False,False,1,70,2,35.0,Metal Slash(70/2E:MET+COL)
641,Steven's Metagross ex,POKEMON,340,METAL,FIRE,GRASS,3,False,False,True,True,False,False,1,200,3,66.7,Metal Stomp(200/3E:MET+COL+COL)
642,Marnie's Purrloin,POKEMON,60,DARKNESS,GRASS,,1,True,False,False,False,False,False,1,20,1,20.0,Pointy Nails(20/1E:DAR)
643,Marnie's Liepard,POKEMON,100,DARKNESS,GRASS,,1,False,True,False,False,False,False,1,70,2,35.0,Pointy Claws(70/2E:DAR+DAR)
644,Marnie's Scraggy,POKEMON,70,DARKNESS,GRASS,,1,True,False,False,False,False,False,1,50,3,16.7,Crunch(50/3E:DAR+DAR+COL)
645,Marnie's Scrafty,POKEMON,120,DARKNESS,GRASS,,2,False,True,False,False,False,False,2,160,3,53.3,Rear Kick(40/1E:DAR) | Wild Tackle(160/3E:DAR+DAR+COL)
646,Marnie's Impidimp,POKEMON,70,DARKNESS,GRASS,,1,True,False,False,False,False,False,2,10,1,10.0,Filch(0/1E:COL) | Corkscrew Punch(10/1E:DAR)
647,Marnie's Morgrem,POKEMON,100,DARKNESS,GRASS,,1,False,True,False,False,False,False,1,60,2,30.0,Corkscrew Punch(60/2E:DAR+DAR)
648,Marnie's Grimmsnarl ex,POKEMON,320,DARKNESS,GRASS,,2,False,False,True,True,False,False,1,180,2,90.0,Shadow Bullet(180/2E:DAR+DAR)
649,Marnie's Morpeko,POKEMON,70,DARKNESS,GRASS,,0,True,False,False,False,False,False,1,20,3,6.7,Spiky Wheel(20/3E:COL+COL+COL)
650,Bulbasaur,POKEMON,80,GRASS,FIRE,,2,True,False,False,False,False,False,1,10,1,10.0,Bind Down(10/1E:GRA)
651,Ivysaur,POKEMON,110,GRASS,FIRE,,3,False,True,False,False,False,False,1,60,2,30.0,Razor Leaf(60/2E:GRA+GRA)
652,Mega Venusaur ex,POKEMON,380,GRASS,FIRE,,4,False,False,True,False,True,False,1,240,4,60.0,Jungle Dump(240/4E:GRA+GRA+GRA+GRA)
653,Exeggcute,POKEMON,60,GRASS,FIRE,,1,True,False,False,False,False,False,1,0,1,0.0,Jam-Packed(0/1E:COL)
654,Exeggutor,POKEMON,140,GRASS,FIRE,,2,False,True,False,False,False,False,2,60,3,20.0,Guard Press(30/1E:GRA) | Stomping Wood(60/3E:COL+COL+COL)
655,Celebi,POKEMON,80,GRASS,FIRE,,1,True,False,False,False,False,False,2,30,1,30.0,Traverse Time(0/1E:GRA) | Solar Cutter(30/1E:GRA)
656,Seedot,POKEMON,60,GRASS,FIRE,,1,True,False,False,False,False,False,2,20,2,10.0,Nap(0/1E:COL) | Seed Bomb(20/2E:GRA+COL)
657,Nuzleaf,POKEMON,100,GRASS,FIRE,,2,False,True,False,False,False,False,2,50,2,25.0,Pound(30/1E:GRA) | Low Kick(50/2E:GRA+COL)
658,Shiftry,POKEMON,160,GRASS,FIRE,,2,False,False,True,False,False,False,2,100,2,50.0,Reversing Gust(0/1E:GRA) | Perplex(100/2E:GRA+COL)
659,Vulpix,POKEMON,70,FIRE,WATER,,1,True,False,False,False,False,False,2,20,2,10.0,Stampede(10/1E:COL) | Combustion(20/2E:FIR+COL)
660,Ninetales,POKEMON,120,FIRE,WATER,,1,False,True,False,False,False,False,2,60,2,30.0,Supernatural Shapeshifter(0/1E:COL) | Combustion(60/2E:FIR+COL)
661,Numel,POKEMON,80,FIRE,WATER,,2,True,False,False,False,False,False,2,30,3,10.0,Call for Family(0/1E:FIR) | Flare(30/3E:FIR+COL+COL)
662,Mega Camerupt ex,POKEMON,340,FIRE,WATER,,4,False,True,False,False,True,False,2,280,4,70.0,Roasting Heat(80/1E:FIR) | Volcanic Meteor(280/4E:FIR+COL+COL+COL)
663,Volcanion,POKEMON,130,FIRE,WATER,,2,True,False,False,False,False,False,2,130,3,43.3,Singe(0/1E:FIR) | Backfire(130/3E:FIR+FIR+COL)
664,Scorbunny,POKEMON,70,FIRE,WATER,,1,True,False,False,False,False,False,1,30,1,30.0,Wild Kick(30/1E:COL)
665,Raboot,POKEMON,100,FIRE,WATER,,1,False,True,False,False,False,False,1,0,1,0.0,Jumping Kick(0/1E:COL)
666,Cinderace,POKEMON,160,FIRE,WATER,,0,False,False,True,False,False,False,1,50,1,50.0,Turbo Flare(50/1E:COL)
667,Corphish,POKEMON,80,WATER,LIGHTNING,,2,True,False,False,False,False,False,2,30,2,15.0,Vise Grip(10/1E:COL) | Take Down(30/2E:COL+COL)
668,Gimmighoul,POKEMON,70,PSYCHIC,DARKNESS,FIGHTING,2,True,False,False,False,False,False,1,10,1,10.0,Slap(10/1E:COL)
669,Sandshrew,POKEMON,70,FIGHTING,GRASS,,1,True,False,False,False,False,False,2,20,2,10.0,Dig Claws(10/1E:COL) | Mud-Slap(20/2E:FIG+COL)
670,Sandslash,POKEMON,120,FIGHTING,GRASS,,1,False,True,False,False,False,False,2,100,3,33.3,Sand Attack(50/2E:COL+COL) | Mud Shot(100/3E:FIG+COL+COL)
671,Onix,POKEMON,120,FIGHTING,GRASS,,4,True,False,False,False,False,False,2,100,4,25.0,Bind(30/2E:COL+COL) | Strength(100/4E:COL+COL+COL+COL)
672,Tyrogue,POKEMON,30,FIGHTING,PSYCHIC,,0,True,False,False,False,False,False,1,10,0,0,Pow-Pow Punching(10/0E:-)
673,Makuhita,POKEMON,80,FIGHTING,PSYCHIC,,2,True,False,False,False,False,False,2,30,2,15.0,Corkscrew Punch(10/1E:FIG) | Confront(30/2E:FIG+FIG)
674,Hariyama,POKEMON,150,FIGHTING,PSYCHIC,,3,False,True,False,False,False,False,1,210,3,70.0,Wild Press(210/3E:FIG+FIG+FIG)
675,Lunatone,POKEMON,110,FIGHTING,GRASS,,1,True,False,False,False,False,False,1,50,2,25.0,Power Gem(50/2E:FIG+FIG)
676,Solrock,POKEMON,110,FIGHTING,GRASS,,1,True,False,False,False,False,False,1,70,1,70.0,Cosmic Beam(70/1E:FIG)
677,Riolu,POKEMON,80,FIGHTING,PSYCHIC,,2,True,False,False,False,False,False,1,30,1,30.0,Accelerating Stab(30/1E:FIG)
678,Mega Lucario ex,POKEMON,340,FIGHTING,PSYCHIC,,2,False,True,False,False,True,False,2,270,2,135.0,Aura Jab(130/1E:FIG) | Mega Brave(270/2E:FIG+FIG)
679,Croagunk,POKEMON,70,FIGHTING,PSYCHIC,,1,True,False,False,False,False,False,1,20,1,20.0,Smack(20/1E:FIG)
680,Toxicroak,POKEMON,130,FIGHTING,PSYCHIC,,1,False,True,False,False,False,False,1,70,1,70.0,Reckless Charge(70/1E:FIG)
681,Marshadow,POKEMON,90,FIGHTING,PSYCHIC,,1,True,False,False,False,False,False,1,60,2,30.0,Shadowy Side Kick(60/2E:FIG+FIG)
682,Stonjourner,POKEMON,130,FIGHTING,GRASS,,2,True,False,False,False,False,False,2,140,3,46.7,Stony Kick(20/1E:FIG) | Boundless Power(140/3E:FIG+FIG+COL)
683,Nacli,POKEMON,70,FIGHTING,GRASS,,2,True,False,False,False,False,False,1,10,1,10.0,Ram(10/1E:COL)
684,Naclstack,POKEMON,110,FIGHTING,GRASS,,3,False,True,False,False,False,False,1,50,2,25.0,Rock Hurl(50/2E:FIG+COL)
685,Garganacl,POKEMON,180,FIGHTING,GRASS,,4,False,False,True,False,False,False,1,130,3,43.3,Hammer In(130/3E:FIG+FIG+COL)
686,Crawdaunt,POKEMON,130,DARKNESS,GRASS,,3,False,True,False,False,False,False,2,130,3,43.3,Vise Grip(30/1E:COL) | Cutting Riposte(130/3E:DAR+DAR+COL)
687,Mega Absol ex,POKEMON,280,DARKNESS,GRASS,,2,True,False,False,False,True,False,2,200,3,66.7,Terminal Period(0/2E:DAR+COL) | Claw of Darkness(200/3E:DAR+DAR+COL)
688,Spiritomb,POKEMON,80,DARKNESS,GRASS,,1,True,False,False,False,False,False,1,10,1,10.0,Mountain Breaker(10/1E:DAR)
689,Yveltal,POKEMON,110,DARKNESS,LIGHTNING,FIGHTING,0,True,False,False,False,False,False,2,110,3,36.7,Clutch(20/1E:DAR) | Dark Feather(110/3E:DAR+DAR+COL)
690,Nickit,POKEMON,70,DARKNESS,GRASS,,1,True,False,False,False,False,False,1,20,1,20.0,Darkness Fang(20/1E:DAR)
691,Thievul,POKEMON,120,DARKNESS,GRASS,,1,False,True,False,False,False,False,2,60,2,30.0,Greedy Hunt(20/1E:COL) | Pitch-Black Fangs(60/2E:DAR+COL)
692,Shroodle,POKEMON,60,DARKNESS,FIGHTING,,1,True,False,False,False,False,False,1,20,2,10.0,Poison Jab(20/2E:DAR+COL)
693,Grafaiai,POKEMON,100,DARKNESS,FIGHTING,,1,False,True,False,False,False,False,1,90,2,45.0,Miraculous Paint(90/2E:DAR+COL)
694,Steelix,POKEMON,200,METAL,FIRE,GRASS,4,False,True,False,False,False,False,2,140,4,35.0,Welcoming Tail(40/2E:COL+COL) | Skull Bash(140/4E:MET+MET+COL+COL)
695,Mega Mawile ex,POKEMON,270,METAL,FIRE,GRASS,2,True,False,False,False,True,False,2,260,3,86.7,Gobble Down(0/2E:MET+MET) | Huge Bite(260/3E:MET+MET+COL)
696,Dialga,POKEMON,140,METAL,FIRE,GRASS,2,True,False,False,False,False,False,2,80,3,26.7,Beam(30/1E:MET) | Chrono Burst(80/3E:MET+MET+COL)
697,Tinkatink,POKEMON,70,METAL,FIRE,GRASS,1,True,False,False,False,False,False,1,20,1,20.0,Beat(20/1E:MET)
698,Tinkatuff,POKEMON,90,METAL,FIRE,GRASS,2,False,True,False,False,False,False,1,30,1,30.0,Light Punch(30/1E:MET)
699,Tinkaton,POKEMON,160,METAL,FIRE,GRASS,2,False,False,True,False,False,False,1,240,1,240.0,Windup Swing(240/1E:MET)
700,Gholdengo,POKEMON,130,METAL,FIRE,GRASS,2,False,True,False,False,False,False,2,100,3,33.3,All-You-Can-Grab(0/1E:COL) | Speed Attack(100/3E:MET+COL+COL)
701,Spearow,POKEMON,60,COLORLESS,LIGHTNING,FIGHTING,1,True,False,False,False,False,False,1,10,1,10.0,Pluck(10/1E:COL)
702,Fearow,POKEMON,100,COLORLESS,LIGHTNING,FIGHTING,1,False,True,False,False,False,False,1,0,1,0.0,Repeating Drill(0/1E:COL)
703,Miltank,POKEMON,120,COLORLESS,FIGHTING,,2,True,False,False,False,False,False,2,60,3,20.0,Bellyful of Milk(0/2E:COL+COL) | Tackle(60/3E:COL+COL+COL)
704,Yungoos,POKEMON,70,COLORLESS,FIGHTING,,1,True,False,False,False,False,False,2,20,2,10.0,Collect(0/1E:COL) | Gnaw(20/2E:COL+COL)
705,Gumshoos,POKEMON,100,COLORLESS,FIGHTING,,1,False,True,False,False,False,False,1,50,2,25.0,Bite(50/2E:COL+COL)
706,Tangela,POKEMON,80,GRASS,FIRE,,2,True,False,False,False,False,False,2,30,3,10.0,Poison Powder(0/1E:GRA) | Hook(30/3E:GRA+COL+COL)
707,Tangrowth,POKEMON,150,GRASS,FIRE,,4,False,True,False,False,False,False,2,120,4,30.0,Absorb(30/2E:GRA+COL) | Pumped-Up Whip(120/4E:GRA+GRA+COL+COL)
708,Chikorita,POKEMON,70,GRASS,FIRE,,1,True,False,False,False,False,False,1,20,1,20.0,Razor Leaf(20/1E:GRA)
709,Bayleef,POKEMON,110,GRASS,FIRE,,2,False,True,False,False,False,False,1,50,2,25.0,Push Down(50/2E:GRA+COL)
710,Meganium,POKEMON,160,GRASS,FIRE,,2,False,False,True,False,False,False,1,140,4,35.0,Solar Beam(140/4E:GRA+GRA+COL+COL)
711,Shuckle,POKEMON,80,GRASS,FIRE,,1,True,False,False,False,False,False,1,30,2,15.0,Rollout(30/2E:GRA+COL)
712,Nincada,POKEMON,50,GRASS,FIRE,,1,True,False,False,False,False,False,1,20,1,20.0,Scratch(20/1E:COL)
713,Ninjask,POKEMON,80,GRASS,FIRE,,0,False,True,False,False,False,False,1,90,2,45.0,U-turn(90/2E:GRA+COL)
714,Dhelmise,POKEMON,120,GRASS,FIRE,,2,True,False,False,False,False,False,1,30,2,15.0,Earthen Power(30/2E:GRA+COL)
715,Litleo,POKEMON,70,FIRE,WATER,,2,True,False,False,False,False,False,1,30,2,15.0,Flare(30/2E:FIR+COL)
716,Pyroar,POKEMON,130,FIRE,WATER,,2,False,True,False,False,False,False,1,70,3,23.3,Searing Flame(70/3E:FIR+COL+COL)
717,Sizzlipede,POKEMON,80,FIRE,WATER,,2,True,False,False,False,False,False,2,50,3,16.7,Ram(10/1E:FIR) | Combustion(50/3E:FIR+FIR+COL)
718,Centiskorch,POKEMON,140,FIRE,WATER,,3,False,True,False,False,False,False,2,140,4,35.0,Coiling Crush(50/2E:COL+COL) | Heat Crawler(140/4E:FIR+FIR+COL+COL)
719,Chi-Yu,POKEMON,110,FIRE,WATER,,1,True,False,False,False,False,False,1,40,1,40.0,Scorching Earth(40/1E:FIR)
720,Mantine,POKEMON,110,WATER,LIGHTNING,,1,True,False,False,False,False,False,2,50,2,25.0,Call for Family(0/1E:COL) | Waterfall(50/2E:WAT+COL)
721,Kyogre,POKEMON,150,WATER,LIGHTNING,,3,True,False,False,False,False,False,2,130,3,43.3,Riptide(0/1E:WAT) | Swirling Waves(130/3E:WAT+WAT+COL)
722,Snover,POKEMON,90,WATER,METAL,,3,True,False,False,False,False,False,2,30,2,15.0,Beat(10/1E:WAT) | Icy Snow(30/2E:WAT+WAT)
723,Mega Abomasnow ex,POKEMON,350,WATER,METAL,,4,False,True,False,False,True,False,2,200,3,66.7,Hammer-lanche(0/2E:WAT+WAT) | Frost Barrier(200/3E:WAT+WAT+WAT)
724,Clauncher,POKEMON,80,WATER,LIGHTNING,,2,True,False,False,False,False,False,1,50,2,25.0,Wave Splash(50/2E:WAT+WAT)
725,Clawitzer,POKEMON,130,WATER,LIGHTNING,,2,False,True,False,False,False,False,1,210,3,70.0,Aqua Launcher(210/3E:WAT+WAT+WAT)
726,Sobble,POKEMON,70,WATER,LIGHTNING,,1,True,False,False,False,False,False,1,30,1,30.0,Surprise Attack(30/1E:WAT)
727,Drizzile,POKEMON,100,WATER,LIGHTNING,,1,False,True,False,False,False,False,1,0,1,0.0,Double Stab(0/1E:WAT)
728,Inteleon,POKEMON,150,WATER,LIGHTNING,,1,False,False,True,False,False,False,2,110,1,110.0,Bring Down(0/1E:WAT) | Water Shot(110/1E:WAT)
729,Snom,POKEMON,50,WATER,METAL,,1,True,False,False,False,False,False,1,0,1,0.0,Hide(0/1E:WAT)
730,Frosmoth,POKEMON,110,WATER,METAL,,2,False,True,False,False,False,False,1,0,1,0.0,Chilling Wings(0/1E:WAT)
731,Eiscue,POKEMON,110,WATER,METAL,,1,True,False,False,False,False,False,2,90,3,30.0,Freezing Headbutt(20/1E:COL) | Tackle(90/3E:WAT+COL+COL)
732,Magnemite,POKEMON,70,LIGHTNING,FIGHTING,,1,True,False,False,False,False,False,1,10,1,10.0,Beam(10/1E:LIG)
733,Magneton,POKEMON,90,LIGHTNING,FIGHTING,,2,False,True,False,False,False,False,1,30,1,30.0,Thunder Shock(30/1E:LIG)
734,Magnezone,POKEMON,160,LIGHTNING,FIGHTING,,3,False,False,True,False,False,False,2,160,2,80.0,Upper Spark(50/1E:LIG) | Flashing Bolt(160/2E:LIG+LIG)
735,Raikou,POKEMON,120,LIGHTNING,FIGHTING,,1,True,False,False,False,False,False,1,30,2,15.0,Electro Fall(30/2E:LIG+LIG)
736,Electrike,POKEMON,70,LIGHTNING,FIGHTING,,1,True,False,False,False,False,False,1,30,1,30.0,Thunder Jolt(30/1E:LIG)
737,Mega Manectric ex,POKEMON,330,LIGHTNING,FIGHTING,,0,False,True,False,False,True,False,2,200,3,66.7,Flash Ray(120/2E:LIG+LIG) | Riotous Blasting(200/3E:LIG+LIG+LIG)
738,Pachirisu,POKEMON,70,LIGHTNING,FIGHTING,,1,True,False,False,False,False,False,1,10,1,10.0,Electrified Incisors(10/1E:LIG)
739,Helioptile,POKEMON,70,LIGHTNING,FIGHTING,,1,True,False,False,False,False,False,1,0,1,0.0,Double Scratch(0/1E:COL)
740,Heliolisk,POKEMON,120,LIGHTNING,FIGHTING,,1,False,True,False,False,False,False,2,70,2,35.0,Dazzle Blast(20/1E:COL) | Head Bolt(70/2E:LIG+COL)
741,Abra,POKEMON,50,PSYCHIC,DARKNESS,FIGHTING,1,True,False,False,False,False,False,1,10,1,10.0,Teleportation Attack(10/1E:PSY)
742,Kadabra,POKEMON,80,PSYCHIC,DARKNESS,FIGHTING,1,False,True,False,False,False,False,1,30,1,30.0,Super Psy Bolt(30/1E:PSY)
743,Alakazam,POKEMON,140,PSYCHIC,DARKNESS,FIGHTING,1,False,False,True,False,False,False,1,0,1,0.0,Powerful Hand(0/1E:PSY)
744,Jynx,POKEMON,110,PSYCHIC,DARKNESS,FIGHTING,1,True,False,False,False,False,False,1,30,2,15.0,Psychic(30/2E:PSY+PSY)
745,Ralts,POKEMON,70,PSYCHIC,DARKNESS,FIGHTING,1,True,False,False,False,False,False,2,10,1,10.0,Collect(0/1E:COL) | Headbutt(10/1E:PSY)
746,Kirlia,POKEMON,100,PSYCHIC,DARKNESS,FIGHTING,1,False,True,False,False,False,False,2,30,1,30.0,Call Sign(0/1E:PSY) | Psyshot(30/1E:PSY)
747,Mega Gardevoir ex,POKEMON,360,PSYCHIC,DARKNESS,FIGHTING,2,False,False,True,False,True,False,2,0,1,0.0,Overflowing Wishes(0/1E:PSY) | Mega Symphonia(0/1E:PSY)
748,Shedinja,POKEMON,60,PSYCHIC,DARKNESS,FIGHTING,0,False,True,False,False,False,False,1,0,1,0.0,Damage Beat(0/1E:PSY)
749,Spoink,POKEMON,70,PSYCHIC,DARKNESS,FIGHTING,1,True,False,False,False,False,False,1,0,1,0.0,Triple Spin(0/1E:PSY)
750,Grumpig,POKEMON,120,PSYCHIC,DARKNESS,FIGHTING,2,False,True,False,False,False,False,1,60,3,20.0,Psychic Sphere(60/3E:PSY+COL+COL)
751,Xerneas,POKEMON,120,PSYCHIC,METAL,,1,True,False,False,False,False,False,2,120,3,40.0,Geo Gate(0/1E:PSY) | Bright Horns(120/3E:PSY+PSY+COL)
752,Greavard,POKEMON,80,PSYCHIC,DARKNESS,FIGHTING,3,True,False,False,False,False,False,2,40,2,20.0,Stampede(10/1E:PSY) | Take Down(40/2E:PSY+COL)
753,Houndstone,POKEMON,140,PSYCHIC,DARKNESS,FIGHTING,3,False,True,False,False,False,False,2,130,3,43.3,Horrifying Bite(30/1E:PSY) | Hammer In(130/3E:PSY+PSY+COL)
754,Mega Latias ex,POKEMON,280,DRAGON,,,1,True,False,False,False,True,False,2,300,3,100.0,Strafe(40/1E:COL) | Illusory Impulse(300/3E:FIR+PSY+COL)
755,Latios,POKEMON,130,DRAGON,,,1,True,False,False,False,False,False,1,130,3,43.3,Dragon Claw(130/3E:WAT+PSY+COL)
756,Mega Kangaskhan ex,POKEMON,300,COLORLESS,FIGHTING,,3,True,False,False,False,True,False,1,200,3,66.7,Rapid-Fire Combo(200/3E:COL+COL+COL)
757,Delibird,POKEMON,90,COLORLESS,LIGHTNING,FIGHTING,1,True,False,False,False,False,False,2,30,2,15.0,Quick Gift(0/1E:COL) | Gentle Slap(30/2E:COL+COL)
758,Buneary,POKEMON,70,COLORLESS,FIGHTING,,1,True,False,False,False,False,False,2,10,1,10.0,Charm(0/1E:COL) | Skip(10/1E:COL)
759,Lopunny,POKEMON,110,COLORLESS,FIGHTING,,1,False,True,False,False,False,False,2,60,2,30.0,Dashing Kick(0/1E:COL) | Spiral Kick(60/2E:COL+COL)
760,Stufful,POKEMON,70,COLORLESS,FIGHTING,,2,True,False,False,False,False,False,2,20,2,10.0,Light Punch(10/1E:COL) | Flop(20/2E:COL+COL)
761,Bewear,POKEMON,130,COLORLESS,FIGHTING,,3,False,True,False,False,False,False,2,100,3,33.3,Knuckle Punch(50/2E:COL+COL) | Hyper Lariat(100/3E:COL+COL+COL)
762,Snubbull,POKEMON,70,PSYCHIC,METAL,,1,True,False,False,False,False,False,1,20,2,10.0,Tackle(20/2E:PSY+COL)
763,Granbull,POKEMON,130,PSYCHIC,METAL,,2,False,True,False,False,False,False,2,90,3,30.0,Bite(50/2E:PSY+COL) | Finishing Blow(90/3E:PSY+PSY+COL)
764,Cresselia,POKEMON,120,PSYCHIC,DARKNESS,FIGHTING,1,True,False,False,False,False,False,2,90,3,30.0,Swelling Light(0/1E:PSY) | Aurora Beam(90/3E:PSY+PSY+COL)
765,Meloetta,POKEMON,90,PSYCHIC,DARKNESS,FIGHTING,1,True,False,False,False,False,False,2,50,2,25.0,Soothing Melody(0/1E:PSY) | Magical Shot(50/2E:PSY+COL)
766,Mega Diancie ex,POKEMON,270,PSYCHIC,METAL,,1,True,False,False,False,True,False,1,0,2,0.0,Garland Ray(0/2E:PSY+PSY)
767,Mimikyu,POKEMON,70,PSYCHIC,METAL,,1,True,False,False,False,False,False,2,20,1,20.0,Call for Family(0/1E:COL) | Scratch(20/1E:PSY)
768,Milcery,POKEMON,50,PSYCHIC,METAL,,1,True,False,False,False,False,False,1,10,1,10.0,Draining Kiss(10/1E:PSY)
769,Alcremie,POKEMON,90,PSYCHIC,METAL,,1,False,True,False,False,False,False,1,0,1,0.0,Sweet Circle(0/1E:PSY)
770,Gastly,POKEMON,70,DARKNESS,FIGHTING,,1,True,False,False,False,False,False,1,10,1,10.0,Petty Grudge(10/1E:DAR)
771,Haunter,POKEMON,100,DARKNESS,FIGHTING,,1,False,True,False,False,False,False,1,40,1,40.0,Spooky Shot(40/1E:DAR)
772,Mega Gengar ex,POKEMON,350,DARKNESS,FIGHTING,,2,False,False,True,False,True,False,1,230,2,115.0,Void Gale(230/2E:DAR+DAR)
773,Murkrow,POKEMON,60,DARKNESS,LIGHTNING,FIGHTING,1,True,False,False,False,False,False,1,10,1,10.0,Ambush(10/1E:DAR)
774,Honchkrow,POKEMON,130,DARKNESS,LIGHTNING,FIGHTING,1,False,True,False,False,False,False,2,30,1,30.0,Wind of Darkness(30/1E:DAR) | Sniping Feathers(0/3E:DAR+DAR+COL)
775,Sableye,POKEMON,80,DARKNESS,GRASS,,1,True,False,False,False,False,False,1,20,1,20.0,Cocky Claw(20/1E:DAR)
776,Absol,POKEMON,110,DARKNESS,GRASS,,1,True,False,False,False,False,False,2,60,2,30.0,Allure(0/1E:COL) | Dark Cutter(60/2E:DAR+COL)
777,Eternatus,POKEMON,150,DARKNESS,FIGHTING,,2,True,False,False,False,False,False,2,130,3,43.3,Shatter(50/2E:DAR+DAR) | Power Rush(130/3E:DAR+DAR+DAR)
778,Oddish,POKEMON,50,GRASS,FIRE,,1,True,False,False,False,False,False,1,20,1,20.0,Seed Bomb(20/1E:GRA)
779,Gloom,POKEMON,70,GRASS,FIRE,,1,False,True,False,False,False,False,1,20,1,20.0,Disperse Drool(20/1E:GRA)
780,Vileplume,POKEMON,150,GRASS,FIRE,,2,False,False,True,False,False,False,2,60,1,60.0,Pollen Bomb(30/1E:GRA) | Lively Flower(60/1E:GRA)
781,Mega Heracross ex,POKEMON,280,GRASS,FIRE,,2,True,False,False,False,True,False,2,170,3,56.7,Juggernaut Horn(100/2E:GRA+GRA) | Mountain Ramming(170/3E:GRA+GRA+GRA)
782,Lotad,POKEMON,70,GRASS,FIRE,,1,True,False,False,False,False,False,1,30,2,15.0,Headbutt(30/2E:GRA+COL)
783,Lombre,POKEMON,90,GRASS,FIRE,,1,False,True,False,False,False,False,1,30,2,15.0,Mega Drain(30/2E:GRA+COL)
784,Ludicolo,POKEMON,160,GRASS,FIRE,,2,False,False,True,False,False,False,1,120,2,60.0,Lunge Out(120/2E:GRA+COL)
785,Genesect,POKEMON,120,GRASS,FIRE,,2,True,False,False,False,False,False,2,110,3,36.7,Bug’s Cannon(0/1E:GRA) | Speed Attack(110/3E:GRA+GRA+COL)
786,Nymble,POKEMON,50,GRASS,FIRE,,1,True,False,False,False,False,False,1,0,1,0.0,Flail Around(0/1E:GRA)
787,Lokix,POKEMON,120,GRASS,FIRE,,1,False,True,False,False,False,False,2,150,3,50.0,Low Kick(30/1E:GRA) | Jumping Shot(150/3E:COL+COL+COL)
788,Charmander,POKEMON,80,FIRE,WATER,,2,True,False,False,False,False,False,1,20,1,20.0,Live Coal(20/1E:FIR)
789,Charmeleon,POKEMON,110,FIRE,WATER,,2,False,True,False,False,False,False,1,40,1,40.0,Steady Firebreathing(40/1E:FIR)
790,Mega Charizard X ex,POKEMON,360,FIRE,WATER,,2,False,False,True,False,True,False,1,0,2,0.0,Inferno X(0/2E:FIR+FIR)
791,Moltres,POKEMON,120,FIRE,WATER,,1,True,False,False,False,False,False,1,20,1,20.0,Fighting Wings(20/1E:FIR)
792,Darumaka,POKEMON,80,FIRE,WATER,,2,True,False,False,False,False,False,1,10,3,3.3,Blaze Ball(10/3E:COL+COL+COL)
793,Darmanitan,POKEMON,150,FIRE,WATER,,3,False,True,False,False,False,False,1,40,4,10.0,Blaze Ball(40/4E:COL+COL+COL+COL)
794,Reshiram,POKEMON,130,FIRE,WATER,,2,True,False,False,False,False,False,2,240,4,60.0,Combustion(30/1E:FIR) | Burning Flare(240/4E:FIR+FIR+FIR+FIR)
795,Oricorio ex,POKEMON,190,FIRE,WATER,,1,True,False,False,True,False,False,1,110,3,36.7,Fire Wing(110/3E:FIR+FIR+COL)
796,Charcadet,POKEMON,70,FIRE,WATER,,2,True,False,False,False,False,False,2,10,1,10.0,Gather Strength(0/1E:FIR) | Chop(10/1E:FIR)
797,Ceruledge,POKEMON,140,FIRE,WATER,,2,False,True,False,False,False,False,1,220,1,220.0,Infernal Slash(220/1E:FIR)
798,Seel,POKEMON,80,WATER,LIGHTNING,,2,True,False,False,False,False,False,1,20,2,10.0,Bubble Drain(20/2E:WAT+COL)
799,Dewgong,POKEMON,130,WATER,LIGHTNING,,2,False,True,False,False,False,False,1,0,2,0.0,Slam(0/2E:WAT+COL)
800,Swinub,POKEMON,70,WATER,METAL,,2,True,False,False,False,False,False,2,20,2,10.0,Stampede(10/1E:COL) | Icy Snow(20/2E:WAT+COL)
801,Piloswine,POKEMON,100,WATER,METAL,,3,False,True,False,False,False,False,2,70,3,23.3,Rising Lunge(30/2E:COL+COL) | Frost Smash(70/3E:WAT+COL+COL)
802,Mamoswine,POKEMON,180,WATER,METAL,,4,False,False,True,False,False,False,2,200,4,50.0,Wreck(120/3E:COL+COL+COL) | Blizzard Edge(200/4E:WAT+COL+COL+COL)
803,Suicune,POKEMON,130,WATER,LIGHTNING,,2,True,False,False,False,False,False,1,30,2,15.0,Crystal Fall(30/2E:WAT+WAT)
804,Piplup,POKEMON,70,WATER,LIGHTNING,,1,True,False,False,False,False,False,2,20,2,10.0,Call for Support(0/1E:COL) | Tackle(20/2E:COL+COL)
805,Prinplup,POKEMON,100,WATER,LIGHTNING,,2,False,True,False,False,False,False,2,20,1,20.0,Peck(20/1E:COL) | Targeted Dive(0/3E:COL+COL+COL)
806,Rotom ex,POKEMON,190,LIGHTNING,FIGHTING,,1,True,False,False,True,False,False,1,130,2,65.0,Thunderbolt(130/2E:LIG+COL)
807,Yamper,POKEMON,70,LIGHTNING,FIGHTING,,1,True,False,False,False,False,False,1,20,2,10.0,Play Rough(20/2E:LIG+COL)
808,Boltund,POKEMON,130,LIGHTNING,FIGHTING,,1,False,True,False,False,False,False,1,70,2,35.0,Electric Run(70/2E:LIG+COL)
809,Pawmi,POKEMON,60,LIGHTNING,FIGHTING,,1,True,False,False,False,False,False,2,10,1,10.0,Growl(0/1E:LIG) | Tiny Charge(10/1E:LIG)
810,Pawmo,POKEMON,90,LIGHTNING,FIGHTING,,1,False,True,False,False,False,False,1,60,2,30.0,Electric Punch(60/2E:LIG+LIG)
811,Pawmot,POKEMON,140,LIGHTNING,FIGHTING,,1,False,False,True,False,False,False,1,130,2,65.0,Voltaic Fist(130/2E:LIG+LIG)
812,Misdreavus,POKEMON,70,PSYCHIC,DARKNESS,FIGHTING,1,True,False,False,False,False,False,1,20,1,20.0,Petty Grudge(20/1E:PSY)
813,Mismagius ex,POKEMON,260,PSYCHIC,DARKNESS,FIGHTING,1,False,True,False,True,False,False,1,150,2,75.0,Hexa-Magic(150/2E:PSY+PSY)
814,Cottonee,POKEMON,60,PSYCHIC,METAL,,1,True,False,False,False,False,False,1,0,1,0.0,Collect(0/1E:COL)
815,Whimsicott,POKEMON,90,PSYCHIC,METAL,,1,False,True,False,False,False,False,2,50,1,50.0,Healing Fluff(0/1E:COL) | U-turn(50/1E:PSY)
816,Zacian,POKEMON,130,PSYCHIC,METAL,,2,True,False,False,False,False,False,1,50,2,25.0,Limit Break(50/2E:PSY+COL)
817,Bramblin,POKEMON,50,PSYCHIC,DARKNESS,FIGHTING,1,True,False,False,False,False,False,1,0,1,0.0,Sneaky Placement(0/1E:PSY)
818,Brambleghast,POKEMON,100,PSYCHIC,DARKNESS,FIGHTING,2,False,True,False,False,False,False,1,80,3,26.7,Psychic Sphere(80/3E:PSY+COL+COL)
819,Paldean Tauros,POKEMON,130,FIGHTING,PSYCHIC,,2,True,False,False,False,False,False,2,70,2,35.0,Raging Charge(0/1E:FIG) | Double-Edge(70/2E:FIG+FIG)
820,Gligar,POKEMON,70,FIGHTING,GRASS,,1,True,False,False,False,False,False,1,10,1,10.0,Poison Jab(10/1E:FIG)
821,Gliscor,POKEMON,120,FIGHTING,GRASS,,1,False,True,False,False,False,False,1,50,1,50.0,Poison Ring(50/1E:FIG)
822,Trapinch,POKEMON,70,FIGHTING,GRASS,,1,True,False,False,False,False,False,1,0,1,0.0,Double Headbutt(0/1E:FIG)
823,Vibrava,POKEMON,90,FIGHTING,GRASS,,1,False,True,False,False,False,False,1,60,2,30.0,Super Vibration(60/2E:FIG+FIG)
824,Flygon,POKEMON,150,FIGHTING,GRASS,,1,False,False,True,False,False,False,1,130,2,65.0,Cutting Wind(130/2E:FIG+FIG)
825,Sneasel,POKEMON,70,DARKNESS,GRASS,,1,True,False,False,False,False,False,2,30,2,15.0,Dig Claws(10/1E:DAR) | Scratch(30/2E:DAR+DAR)
826,Weavile,POKEMON,90,DARKNESS,GRASS,,1,False,True,False,False,False,False,2,60,2,30.0,Retaliatory Claw(20/2E:DAR+DAR) | Cut(60/2E:DAR+DAR)
827,Carvanha,POKEMON,70,DARKNESS,GRASS,,1,True,False,False,False,False,False,1,30,1,30.0,Reckless Charge(30/1E:DAR)
828,Mega Sharpedo ex,POKEMON,330,DARKNESS,GRASS,,0,False,True,False,False,True,False,2,120,2,60.0,Greedy Fang(70/1E:DAR) | Hungry Jaws(120/2E:DAR+DAR)
829,Seviper,POKEMON,120,DARKNESS,FIGHTING,,1,True,False,False,False,False,False,1,120,3,40.0,Pitch-Black Fangs(120/3E:DAR+DAR+DAR)
830,Sandile,POKEMON,70,DARKNESS,GRASS,,2,True,False,False,False,False,False,2,20,2,10.0,Ram(10/1E:DAR) | Rear Kick(20/2E:DAR+COL)
831,Krokorok,POKEMON,100,DARKNESS,GRASS,,2,False,True,False,False,False,False,2,60,3,20.0,Bite(30/1E:DAR) | Confront(60/3E:DAR+COL+COL)
832,Krookodile,POKEMON,170,DARKNESS,GRASS,,3,False,False,True,False,False,False,2,160,4,40.0,Vengeful Fang(60/1E:DAR) | Hammer In(160/4E:DAR+COL+COL+COL)
833,Toxel,POKEMON,70,DARKNESS,FIGHTING,,1,True,False,False,False,False,False,2,20,2,10.0,Call for Family(0/1E:DAR) | Playful Kick(20/2E:DAR+COL)
834,Toxtricity,POKEMON,140,DARKNESS,FIGHTING,,2,False,True,False,False,False,False,1,100,3,33.3,Gentle Slap(100/3E:DAR+DAR+COL)
835,Empoleon ex,POKEMON,320,METAL,FIRE,GRASS,2,False,False,True,True,False,False,1,210,3,70.0,Iron Feathers(210/3E:MET+MET+COL)
836,Bronzor,POKEMON,80,METAL,FIRE,GRASS,2,True,False,False,False,False,False,2,30,3,10.0,Iron Defense(0/1E:COL) | Rollout(30/3E:COL+COL+COL)
837,Bronzong,POKEMON,140,METAL,FIRE,GRASS,3,False,True,False,False,False,False,2,0,1,0.0,Triple Draw(0/1E:COL) | Tool Drop(0/3E:COL+COL+COL)
838,Togedemaru,POKEMON,80,METAL,FIRE,GRASS,1,True,False,False,False,False,False,2,30,1,30.0,Find a Friend(0/1E:COL) | Gnaw(30/1E:MET)
839,Duraludon,POKEMON,130,METAL,FIRE,GRASS,2,True,False,False,False,False,False,1,70,3,23.3,Hyper Beam(70/3E:MET+MET+MET)
840,Archaludon,POKEMON,180,METAL,FIRE,GRASS,2,False,True,False,False,False,False,1,120,3,40.0,Coated Attack(120/3E:MET+MET+MET)
841,Jigglypuff,POKEMON,70,COLORLESS,FIGHTING,,1,True,False,False,False,False,False,1,0,1,0.0,Ball Roll(0/1E:COL)
842,Wigglytuff,POKEMON,120,COLORLESS,FIGHTING,,2,False,True,False,False,False,False,2,100,3,33.3,Round(0/2E:COL+COL) | Seismic Toss(100/3E:COL+COL+COL)
843,Aipom,POKEMON,70,COLORLESS,FIGHTING,,1,True,False,False,False,False,False,1,20,2,10.0,Astonish(20/2E:COL+COL)
844,Ambipom,POKEMON,110,COLORLESS,FIGHTING,,1,False,True,False,False,False,False,2,50,2,25.0,Slap(50/2E:COL+COL) | Dual Tail(0/3E:COL+COL+COL)
845,Smeargle,POKEMON,80,COLORLESS,FIGHTING,,1,True,False,False,False,False,False,2,40,2,20.0,Energizing Sketch(0/1E:COL) | Hook(40/2E:COL+COL)
846,Zigzagoon,POKEMON,70,COLORLESS,FIGHTING,,1,True,False,False,False,False,False,1,30,1,30.0,Surprise Attack(30/1E:COL)
847,Linoone,POKEMON,100,COLORLESS,FIGHTING,,1,False,True,False,False,False,False,1,70,1,70.0,Slash(70/1E:COL)
848,Buneary,POKEMON,70,COLORLESS,FIGHTING,,1,True,False,False,False,False,False,2,20,2,10.0,Run Around(0/1E:COL) | Kick(20/2E:COL+COL)
849,Mega Lopunny ex,POKEMON,330,COLORLESS,FIGHTING,,1,False,True,False,False,True,False,2,160,2,80.0,Gale Thrust(60/1E:COL) | Spiky Hopper(160/2E:COL+COL)
850,Wurmple,POKEMON,60,GRASS,FIRE,,1,True,False,False,False,False,False,1,20,1,20.0,Bug Bite(20/1E:GRA)
851,Silcoon,POKEMON,90,GRASS,FIRE,,3,False,True,False,False,False,False,1,30,1,30.0,Tackle(30/1E:GRA)
852,Beautifly,POKEMON,130,GRASS,FIRE,,1,False,False,True,False,False,False,2,40,1,40.0,Stun Spore(40/1E:GRA) | Energy Straw(0/1E:GRA)
853,Cascoon,POKEMON,90,GRASS,FIRE,,3,False,True,False,False,False,False,1,0,1,0.0,Trading Places(0/1E:GRA)
854,Dustox,POKEMON,140,GRASS,FIRE,,1,False,False,True,False,False,False,1,100,2,50.0,Twilight Poison(100/2E:GRA+GRA)
855,Entei,POKEMON,140,FIRE,WATER,,3,True,False,False,False,False,False,1,30,2,15.0,Flare Fall(30/2E:FIR+FIR)
856,Numel,POKEMON,80,FIRE,WATER,,3,True,False,False,False,False,False,1,20,2,10.0,Combustion(20/2E:FIR+COL)
857,Camerupt,POKEMON,140,FIRE,WATER,,3,False,True,False,False,False,False,2,170,4,42.5,Roasting Burn(110/1E:FIR) | Power Stomp(170/4E:FIR+COL+COL+COL)
858,Psyduck,POKEMON,70,WATER,LIGHTNING,,1,True,False,False,False,False,False,1,20,2,10.0,Ram(20/2E:COL+COL)
859,Golduck,POKEMON,120,WATER,LIGHTNING,,1,False,True,False,False,False,False,1,60,3,20.0,Hydro Pump(60/3E:COL+COL+COL)
860,Snorunt,POKEMON,70,WATER,METAL,,1,True,False,False,False,False,False,1,10,1,10.0,Chilly(10/1E:WAT)
861,Mega Froslass ex,POKEMON,310,WATER,METAL,,1,False,True,False,False,True,False,2,150,3,50.0,Resentful Refrain(0/1E:WAT) | Absolute Snow(150/3E:WAT+COL+COL)
862,N's Vanillite,POKEMON,60,WATER,METAL,,1,True,False,False,False,False,False,2,20,2,10.0,Call for Family(0/1E:COL) | Icy Snow(20/2E:WAT+COL)
863,N's Vanillish,POKEMON,100,WATER,METAL,,1,False,True,False,False,False,False,2,60,3,20.0,Flop(20/1E:COL) | Sheer Cold(60/3E:WAT+COL+COL)
864,N's Vanilluxe,POKEMON,150,WATER,METAL,,2,False,False,True,False,False,False,2,120,3,40.0,Snow Coating(0/2E:COL+COL) | Blizzard(120/3E:WAT+COL+COL)
865,Snom,POKEMON,50,WATER,METAL,,1,True,False,False,False,False,False,1,20,1,20.0,Icicle(20/1E:WAT)
866,Frosmoth,POKEMON,110,WATER,METAL,,2,False,True,False,False,False,False,1,90,2,45.0,Cold Cyclone(90/2E:WAT+WAT)
867,Glastrier,POKEMON,130,WATER,METAL,,2,True,False,False,False,False,False,2,130,3,43.3,Ice Shot(20/1E:WAT) | Frosty Typhoon(130/3E:WAT+WAT+WAT)
868,Mega Eelektross ex,POKEMON,350,LIGHTNING,FIGHTING,,2,False,False,True,False,True,False,2,190,3,63.3,Split Bomb(0/2E:LIG+LIG) | Disaster Shock(190/3E:LIG+LIG+LIG)
869,Stunfisk,POKEMON,110,LIGHTNING,FIGHTING,,2,True,False,False,False,False,False,1,30,1,30.0,Pouncing Trap(30/1E:LIG)
870,Helioptile,POKEMON,70,LIGHTNING,FIGHTING,,1,True,False,False,False,False,False,1,30,2,15.0,Zap Kick(30/2E:LIG+COL)
871,Heliolisk,POKEMON,120,LIGHTNING,FIGHTING,,1,False,True,False,False,False,False,1,0,3,0.0,Powerful Bolt(0/3E:LIG+COL+COL)
872,Tapu Koko,POKEMON,120,LIGHTNING,FIGHTING,,1,True,False,False,False,False,False,2,130,3,43.3,Fast Flight(0/1E:LIG) | Thunder Blast(130/3E:LIG+LIG+COL)
873,Team Rocket's Exeggcute,POKEMON,60,PSYCHIC,DARKNESS,FIGHTING,1,True,False,False,False,False,False,1,10,1,10.0,Focused Wish(10/1E:PSY)
874,Team Rocket's Exeggutor,POKEMON,140,PSYCHIC,DARKNESS,FIGHTING,3,False,True,False,False,False,False,2,150,3,50.0,Tri Kinesis(0/2E:COL+COL) | Double-Edge(150/3E:PSY+COL+COL)
875,Misdreavus,POKEMON,60,PSYCHIC,DARKNESS,FIGHTING,1,True,False,False,False,False,False,1,0,1,0.0,Ascension(0/1E:PSY)
876,Mismagius,POKEMON,110,PSYCHIC,DARKNESS,FIGHTING,1,False,True,False,False,False,False,1,60,2,30.0,Assassin’s Magic(60/2E:PSY+COL)
877,Rotom,POKEMON,60,PSYCHIC,DARKNESS,FIGHTING,1,True,False,False,False,False,False,2,0,1,0.0,Roto Call(0/1E:COL) | Gadget Show(0/2E:COL+COL)
878,Hop's Phantump,POKEMON,70,PSYCHIC,DARKNESS,FIGHTING,2,True,False,False,False,False,False,1,10,1,10.0,Splashing Dodge(10/1E:COL)
879,Hop's Trevenant,POKEMON,140,PSYCHIC,DARKNESS,FIGHTING,2,False,True,False,False,False,False,2,90,3,30.0,Horrifying Revenge(30/1E:COL) | Corner(90/3E:PSY+COL+COL)
880,Spectrier,POKEMON,120,PSYCHIC,DARKNESS,FIGHTING,1,True,False,False,False,False,False,2,30,1,30.0,Spooky Shot(30/1E:PSY) | Phantasmal Barrage(0/3E:PSY+PSY+COL)
881,Team Rocket's Diglett,POKEMON,60,FIGHTING,GRASS,,1,True,False,False,False,False,False,1,0,1,0.0,Relentless Burrowing(0/1E:FIG)
882,Team Rocket's Dugtrio,POKEMON,100,FIGHTING,GRASS,,1,False,True,False,False,False,False,1,50,2,25.0,Mud Shot(50/2E:FIG+COL)
883,Meditite,POKEMON,70,FIGHTING,PSYCHIC,,1,True,False,False,False,False,False,2,10,1,10.0,Collect(0/1E:COL) | Gentle Slap(10/1E:FIG)
884,Medicham,POKEMON,120,FIGHTING,PSYCHIC,,1,False,True,False,False,False,False,1,150,1,150.0,Seventh Kick(150/1E:FIG)
885,Pancham,POKEMON,70,FIGHTING,PSYCHIC,,2,True,False,False,False,False,False,1,20,1,20.0,Reckless Charge(20/1E:COL)
886,Mega Hawlucha ex,POKEMON,250,FIGHTING,PSYCHIC,,1,True,False,False,False,True,False,1,120,3,40.0,Somersault Dive(120/3E:FIG+FIG+COL)
887,Rolycoly,POKEMON,80,FIGHTING,GRASS,,3,True,False,False,False,False,False,1,20,1,20.0,Mud-Slap(20/1E:FIG)
888,Carkol,POKEMON,110,FIGHTING,GRASS,,3,False,True,False,False,False,False,2,60,3,20.0,Guard Press(20/1E:FIG) | Power Gem(60/3E:FIG+COL+COL)
889,Coalossal,POKEMON,180,FIGHTING,GRASS,,4,False,False,True,False,False,False,2,220,4,55.0,Tar Cannon(0/1E:FIG) | Bulky Bump(220/4E:FIG+COL+COL+COL)
890,Okidogi,POKEMON,140,FIGHTING,PSYCHIC,,3,True,False,False,False,False,False,2,80,3,26.7,Light Punch(20/1E:FIG) | Settle the Score(80/3E:FIG+FIG+COL)
891,Team Rocket's Honchkrow,POKEMON,130,DARKNESS,LIGHTNING,FIGHTING,1,False,True,False,False,False,False,2,100,3,33.3,Rocket Feathers(0/2E:COL+COL) | Hammer In(100/3E:DAR+COL+COL)
892,Galarian Zigzagoon,POKEMON,70,DARKNESS,GRASS,,1,True,False,False,False,False,False,1,10,1,10.0,Gnaw(10/1E:DAR)
893,Galarian Linoone,POKEMON,90,DARKNESS,GRASS,,2,False,True,False,False,False,False,2,50,2,25.0,Gnaw(20/1E:DAR) | Claw Slash(50/2E:DAR+COL)
894,Galarian Obstagoon,POKEMON,170,DARKNESS,GRASS,,2,False,False,True,False,False,False,2,160,3,53.3,Scarring Shout(0/2E:DAR+COL) | Punk Smash(160/3E:DAR+COL+COL)
895,Scraggy,POKEMON,80,DARKNESS,GRASS,,2,True,False,False,False,False,False,1,20,2,10.0,Knock Off(20/2E:DAR+COL)
896,Mega Scrafty ex,POKEMON,330,DARKNESS,GRASS,,2,False,True,False,False,True,False,1,160,3,53.3,Outlaw Leg(160/3E:DAR+DAR+COL)
897,Pangoro,POKEMON,140,DARKNESS,GRASS,,3,False,True,False,False,False,False,2,80,3,26.7,Corkscrew Punch(40/1E:DAR) | Master’s Punch(80/3E:DAR+DAR+COL)
898,Pecharunt,POKEMON,80,DARKNESS,FIGHTING,,1,True,False,False,False,False,False,1,20,1,20.0,Mochi Rush(20/1E:DAR)
899,Pawniard,POKEMON,70,METAL,FIRE,GRASS,1,True,False,False,False,False,False,1,10,1,10.0,Push Down(10/1E:MET)
900,Bisharp,POKEMON,120,METAL,FIRE,GRASS,1,False,True,False,False,False,False,1,50,1,50.0,Rapid Draw(50/1E:MET)
901,Kingambit,POKEMON,170,METAL,FIRE,GRASS,3,False,False,True,False,False,False,1,180,2,90.0,Double-Edged Slash(180/2E:MET+MET)
902,Dratini,POKEMON,80,DRAGON,,,2,True,False,False,False,False,False,1,30,2,15.0,Headbutt(30/2E:WAT+LIG)
903,Dragonair,POKEMON,100,DRAGON,,,2,False,True,False,False,False,False,1,60,2,30.0,Tail Snap(60/2E:WAT+LIG)
904,Mega Dragonite ex,POKEMON,370,DRAGON,,,2,False,False,True,False,True,False,1,330,3,110.0,Ryuno Glide(330/3E:WAT+LIG+LIG)
905,Rayquaza,POKEMON,120,DRAGON,,,1,True,False,False,False,False,False,2,130,3,43.3,Breakthrough Assault(20/2E:LIG+COL) | Dragon Claw(130/3E:FIR+LIG+COL)
906,N's Zekrom,POKEMON,130,DRAGON,,,2,True,False,False,False,False,False,2,250,4,62.5,Shred(70/3E:COL+COL+COL) | Rampaging Thunder(250/4E:FIR+LIG+LIG+COL)
907,Noibat,POKEMON,70,DRAGON,,,1,True,False,False,False,False,False,2,30,2,15.0,Knickknack Carrying(0/1E:COL) | Bite(30/2E:PSY+DAR)
908,Noivern,POKEMON,120,DRAGON,,,0,False,True,False,False,False,False,2,70,2,35.0,Agility(40/2E:COL+COL) | Enhanced Blade(70/2E:PSY+DAR)
909,Erika's Oddish,POKEMON,60,GRASS,FIRE,,1,True,False,False,False,False,False,1,30,1,30.0,Reckless Charge(30/1E:GRA)
910,Erika's Gloom,POKEMON,90,GRASS,FIRE,,1,False,True,False,False,False,False,1,50,2,25.0,Poison Spray(50/2E:GRA+COL)
911,Erika's Vileplume ex,POKEMON,310,GRASS,FIRE,,2,False,False,True,True,False,False,1,160,3,53.3,Bloom Powder(160/3E:GRA+GRA+COL)
912,Erika's Bellsprout,POKEMON,60,GRASS,FIRE,,1,True,False,False,False,False,False,1,20,1,20.0,Vine Slap(20/1E:GRA)
913,Erika's Weepinbell,POKEMON,90,GRASS,FIRE,,2,False,True,False,False,False,False,2,70,2,35.0,Melt(30/1E:GRA) | Leafy Cyclone(70/2E:GRA+COL)
914,Erika's Victreebel,POKEMON,150,GRASS,FIRE,,3,False,False,True,False,False,False,2,130,3,43.3,Flower Garden Rondo(0/2E:GRA+COL) | Solar Beam(130/3E:GRA+GRA+COL)
915,Erika's Tangela,POKEMON,80,GRASS,FIRE,,2,True,False,False,False,False,False,1,50,2,25.0,Bind(50/2E:GRA+COL)
916,Scyther,POKEMON,90,GRASS,FIRE,,1,True,False,False,False,False,False,2,60,2,30.0,Cut Up(10/1E:COL) | Slashing Strike(60/2E:COL+COL)
917,Chikorita,POKEMON,70,GRASS,FIRE,,1,True,False,False,False,False,False,2,30,2,15.0,Growl(0/1E:COL) | Seed Bomb(30/2E:GRA+GRA)
918,Bayleef,POKEMON,100,GRASS,FIRE,,2,False,True,False,False,False,False,1,60,2,30.0,Leaf Step(60/2E:GRA+GRA)
919,Mega Meganium ex,POKEMON,360,GRASS,FIRE,,2,False,False,True,False,True,False,1,70,3,23.3,Giant Bouquet(70/3E:COL+COL+COL)
920,Tapu Bulu,POKEMON,140,GRASS,FIRE,,3,True,False,False,False,False,False,1,220,4,55.0,Wood Hammer(220/4E:GRA+GRA+COL+COL)
921,Dipplin,POKEMON,90,GRASS,FIRE,,3,False,True,False,False,False,False,1,20,1,20.0,Coated Attack(20/1E:GRA)
922,Sprigatito,POKEMON,60,GRASS,FIRE,,1,True,False,False,False,False,False,1,0,1,0.0,Tons of Treading(0/1E:COL)
923,Floragato,POKEMON,90,GRASS,FIRE,,1,False,True,False,False,False,False,1,30,2,15.0,Magical Leaf(30/2E:COL+COL)
924,Meowscarada,POKEMON,160,GRASS,FIRE,,1,False,False,True,False,False,False,1,90,2,45.0,Rising Bloom(90/2E:COL+COL)
925,Capsakid,POKEMON,70,GRASS,FIRE,,1,True,False,False,False,False,False,1,20,2,10.0,Headbutt Bounce(20/2E:COL+COL)
926,Charmander,POKEMON,80,FIRE,WATER,,1,True,False,False,False,False,False,1,30,2,15.0,Fire Claws(30/2E:FIR+COL)
927,Charmeleon,POKEMON,100,FIRE,WATER,,1,False,True,False,False,False,False,1,50,2,25.0,Heat Blast(50/2E:FIR+COL)
928,Mega Charizard Y ex,POKEMON,360,FIRE,WATER,,1,False,False,True,False,True,False,1,0,3,0.0,Explosion Y(0/3E:FIR+FIR+COL)
929,Magmar,POKEMON,80,FIRE,WATER,,2,True,False,False,False,False,False,1,30,2,15.0,Searing Flame(30/2E:FIR+COL)
930,Tepig,POKEMON,80,FIRE,WATER,,2,True,False,False,False,False,False,1,20,1,20.0,Steady Firebreathing(20/1E:FIR)
931,Pignite,POKEMON,110,FIRE,WATER,,3,False,True,False,False,False,False,1,70,3,23.3,Super Singe(70/3E:FIR+FIR+COL)
932,Mega Emboar ex,POKEMON,380,FIRE,WATER,,4,False,False,True,False,True,False,1,320,3,106.7,Crimson Blast(320/3E:FIR+FIR+COL)
933,Larvesta,POKEMON,70,FIRE,WATER,,2,True,False,False,False,False,False,2,20,2,10.0,Ram(10/1E:COL) | Steady Firebreathing(20/2E:FIR+COL)
934,Centiskorch,POKEMON,130,FIRE,WATER,,2,False,True,False,False,False,False,2,130,1,130.0,Billowing Heat Wave(130/1E:FIR) | Heat Blast(80/3E:COL+COL+COL)
935,Fuecoco,POKEMON,80,FIRE,WATER,,2,True,False,False,False,False,False,1,20,2,10.0,Heat Burn(20/2E:FIR+COL)
936,Crocalor,POKEMON,110,FIRE,WATER,,3,False,True,False,False,False,False,1,30,2,15.0,Heat Breath(30/2E:FIR+COL)
937,Totodile,POKEMON,80,WATER,LIGHTNING,,1,True,False,False,False,False,False,1,40,2,20.0,Slight Intrusion(40/2E:WAT+WAT)
938,Croconaw,POKEMON,100,WATER,LIGHTNING,,2,False,True,False,False,False,False,1,50,2,25.0,Crunch(50/2E:WAT+WAT)
939,Mega Feraligatr ex,POKEMON,370,WATER,LIGHTNING,,3,False,False,True,False,True,False,1,200,3,66.7,Mortal Crunch(200/3E:WAT+WAT+COL)
940,Glalie,POKEMON,120,WATER,METAL,,2,False,True,False,False,False,False,2,140,3,46.7,Damage Beat(0/1E:WAT) | Crazy Headbutt(140/3E:WAT+COL+COL)
941,Spheal,POKEMON,70,WATER,METAL,,2,True,False,False,False,False,False,1,10,1,10.0,Powder Snow(10/1E:WAT)
942,Sealeo,POKEMON,100,WATER,METAL,,3,False,True,False,False,False,False,2,60,2,30.0,Lunge Out(30/1E:WAT) | Ice Ball(60/2E:WAT+WAT)
943,Walrein,POKEMON,170,WATER,METAL,,3,False,False,True,False,False,False,2,170,2,85.0,Frigid Fangs(60/1E:WAT) | Megaton Fall(170/2E:WAT+WAT)
944,Regice ex,POKEMON,230,WATER,METAL,,3,True,False,False,True,False,False,2,140,4,35.0,Regi Charge(0/1E:COL) | Ice Prison(140/4E:WAT+COL+COL+COL)
945,Froakie,POKEMON,60,WATER,LIGHTNING,,1,True,False,False,False,False,False,1,20,2,10.0,Rain Splash(20/2E:WAT+COL)
946,Cramorant,POKEMON,110,WATER,LIGHTNING,,1,True,False,False,False,False,False,2,20,1,20.0,Water Gun(20/1E:WAT) | Spit Shot(0/3E:COL+COL+COL)
947,Quaxly,POKEMON,60,WATER,LIGHTNING,,1,True,False,False,False,False,False,1,10,1,10.0,Aerial Ace(10/1E:WAT)
948,Pikachu,POKEMON,70,LIGHTNING,FIGHTING,,1,True,False,False,False,False,False,2,30,2,15.0,Tail Smack(10/1E:LIG) | Tiny Bolt(30/2E:LIG+COL)
949,Raichu,POKEMON,130,LIGHTNING,FIGHTING,,1,False,True,False,False,False,False,2,150,3,50.0,Quick Blow(20/1E:LIG) | Strong Volt(150/3E:LIG+LIG+COL)
950,Magnemite,POKEMON,60,LIGHTNING,FIGHTING,,1,True,False,False,False,False,False,1,20,1,20.0,Lightning Ball(20/1E:LIG)
951,Voltorb ex,POKEMON,170,LIGHTNING,FIGHTING,,1,True,False,False,True,False,False,1,100,3,33.3,Hundred-Hitting Ball(100/3E:COL+COL+COL)
952,Zapdos,POKEMON,110,LIGHTNING,LIGHTNING,FIGHTING,1,True,False,False,False,False,False,2,80,3,26.7,Follow-Up Bolt(20/2E:LIG+COL) | Drill Peck(80/3E:LIG+COL+COL)
953,Zapdos,POKEMON,120,LIGHTNING,LIGHTNING,FIGHTING,2,True,False,False,False,False,False,2,190,3,63.3,Thunder Wave(0/1E:LIG) | Thunderbolt(190/3E:LIG+LIG+COL)
954,Luxray ex,POKEMON,310,LIGHTNING,FIGHTING,,1,False,False,True,True,False,False,2,250,2,125.0,Piercing Gaze(120/2E:COL+COL) | Volt Strike(250/2E:LIG+LIG)
955,Helioptile,POKEMON,60,LIGHTNING,FIGHTING,,1,True,False,False,False,False,False,2,10,1,10.0,Collect(0/1E:COL) | Static Shock(10/1E:LIG)
956,Zeraora,POKEMON,120,LIGHTNING,FIGHTING,,1,True,False,False,False,False,False,1,20,2,10.0,Combat Thunder(20/2E:LIG+COL)
957,Miraidon ex,POKEMON,220,LIGHTNING,FIGHTING,,1,True,False,False,True,False,False,2,120,3,40.0,Slashing Claw(40/1E:LIG) | Hadron Spark(120/3E:LIG+LIG+COL)
958,Clefable,POKEMON,120,PSYCHIC,METAL,,2,False,True,False,False,False,False,2,100,3,33.3,Metronome(0/2E:COL+COL) | Magical Shot(100/3E:PSY+COL+COL)
959,Togepi,POKEMON,50,PSYCHIC,METAL,,1,True,False,False,False,False,False,1,30,2,15.0,Pound(30/2E:COL+COL)
960,Togetic,POKEMON,90,PSYCHIC,METAL,,1,False,True,False,False,False,False,1,30,2,15.0,Draining Kiss(30/2E:COL+COL)
961,Marill,POKEMON,70,PSYCHIC,METAL,,1,True,False,False,False,False,False,2,20,2,10.0,Hide(0/1E:COL) | Flop(20/2E:PSY+COL)
962,Azumarill ex,POKEMON,270,PSYCHIC,METAL,,2,False,True,False,True,False,False,1,60,3,20.0,Energized Balloon(60/3E:COL+COL+COL)
963,Shuppet,POKEMON,60,PSYCHIC,DARKNESS,FIGHTING,1,True,False,False,False,False,False,1,20,1,20.0,Spooky Shot(20/1E:PSY)
964,Beheeyem,POKEMON,100,PSYCHIC,DARKNESS,FIGHTING,1,False,True,False,False,False,False,1,0,1,0.0,Cosmic Beatdown(0/1E:PSY)
965,Swirlix,POKEMON,60,PSYCHIC,METAL,,1,True,False,False,False,False,False,1,20,1,20.0,Ram(20/1E:PSY)
966,Slurpuff,POKEMON,120,PSYCHIC,METAL,,2,False,True,False,False,False,False,2,70,2,35.0,Tackle(40/1E:PSY) | Magical Shot(70/2E:PSY+COL)
967,Fidough,POKEMON,60,PSYCHIC,METAL,,2,True,False,False,False,False,False,2,10,1,10.0,Pleasant Aroma(0/1E:COL) | Stampede(10/1E:COL)
968,Dachsbun ex,POKEMON,250,PSYCHIC,METAL,,2,False,True,False,True,False,False,1,130,2,65.0,Wonder Shine(130/2E:COL+COL)
969,Scream Tail ex,POKEMON,190,PSYCHIC,DARKNESS,FIGHTING,1,True,False,False,True,False,False,2,120,3,40.0,Scream(0/1E:COL) | Crunch(120/3E:PSY+COL+COL)
970,Fezandipiti,POKEMON,120,PSYCHIC,METAL,,1,True,False,False,False,False,False,1,0,1,0.0,Energy Feather(0/1E:PSY)
971,Iron Boulder,POKEMON,140,PSYCHIC,DARKNESS,FIGHTING,3,True,False,False,False,False,False,1,170,2,85.0,Adjusted Horn(170/2E:PSY+COL)
972,Hitmontop,POKEMON,100,FIGHTING,PSYCHIC,,1,True,False,False,False,False,False,2,50,2,25.0,Spin and Draw(0/1E:COL) | Low Kick(50/2E:FIG+COL)
973,Groudon,POKEMON,140,FIGHTING,GRASS,,3,True,False,False,False,False,False,2,150,4,37.5,Hammer In(80/3E:FIG+FIG+COL) | Megaton Fall(150/4E:FIG+FIG+COL+COL)
974,Riolu,POKEMON,70,FIGHTING,PSYCHIC,,1,True,False,False,False,False,False,1,30,2,15.0,Punch(30/2E:FIG+COL)
975,Stunfisk ex,POKEMON,210,FIGHTING,GRASS,,2,True,False,False,True,False,False,2,100,3,33.3,Big Bite(30/1E:FIG) | Flopping Trap(100/3E:FIG+COL+COL)
976,Carbink,POKEMON,90,FIGHTING,GRASS,,1,True,False,False,False,False,False,1,70,3,23.3,Counter Jewel(70/3E:FIG+FIG+COL)
977,Crabrawler,POKEMON,90,FIGHTING,PSYCHIC,,3,True,False,False,False,False,False,2,50,3,16.7,Vise Grip(20/2E:COL+COL) | Crabhammer(50/3E:COL+COL+COL)
978,Passimian,POKEMON,110,FIGHTING,PSYCHIC,,1,True,False,False,False,False,False,1,0,2,0.0,Coordinated Throwing(0/2E:FIG+COL)
979,Koraidon ex,POKEMON,230,FIGHTING,PSYCHIC,,2,True,False,False,True,False,False,2,200,3,66.7,Tera(50/2E:FIG+COL) | Orichalcum Fang(200/3E:FIG+FIG+COL)
980,Venipede,POKEMON,80,DARKNESS,FIGHTING,,3,True,False,False,False,False,False,2,40,3,13.3,Spit Poison(0/1E:DAR) | Spinning Attack(40/3E:DAR+COL+COL)
981,Whirlipede,POKEMON,100,DARKNESS,FIGHTING,,3,False,True,False,False,False,False,2,60,3,20.0,Poison Ring(0/1E:DAR) | Spinning Attack(60/3E:DAR+COL+COL)
982,Scolipede,POKEMON,170,DARKNESS,FIGHTING,,3,False,False,True,False,False,False,2,160,3,53.3,Dastardly Jab(0/2E:DAR+COL) | Sludge Bomb(160/3E:DAR+COL+COL)
983,Vullaby,POKEMON,70,DARKNESS,LIGHTNING,FIGHTING,1,True,False,False,False,False,False,1,20,2,10.0,Flap(20/2E:COL+COL)
984,Mandibuzz ex,POKEMON,260,DARKNESS,LIGHTNING,FIGHTING,1,False,True,False,True,False,False,2,160,3,53.3,Bone Shot(0/2E:COL+COL) | Vulture Claw(160/3E:DAR+COL+COL)
985,Hoopa,POKEMON,120,DARKNESS,GRASS,,2,True,False,False,False,False,False,2,130,3,43.3,Filch(0/1E:COL) | Knuckle Impact(130/3E:DAR+DAR+COL)
986,Brute Bonnet,POKEMON,120,DARKNESS,GRASS,,3,True,False,False,False,False,False,2,50,3,16.7,Poison Spray(0/1E:DAR) | Relentless Punches(50/3E:DAR+DAR+DAR)
987,Mawile,POKEMON,90,METAL,FIRE,GRASS,1,True,False,False,False,False,False,2,90,3,30.0,Call for Family(0/1E:COL) | Bite(90/3E:MET+COL+COL)
988,Registeel ex,POKEMON,230,METAL,FIRE,GRASS,3,True,False,False,True,False,False,2,140,4,35.0,Regi Charge(0/1E:COL) | Protecting Steel(140/4E:MET+COL+COL+COL)
989,Bronzor,POKEMON,60,METAL,FIRE,GRASS,1,True,False,False,False,False,False,1,20,2,10.0,Shield Attack(20/2E:MET+COL)
990,Togedemaru ex,POKEMON,190,METAL,FIRE,GRASS,1,True,False,False,True,False,False,2,80,2,40.0,Stun Needle(20/1E:MET) | Spiky Rolling(80/2E:MET+COL)
991,Melmetal,POKEMON,160,METAL,FIRE,GRASS,4,False,True,False,False,False,False,2,230,5,46.0,Hammer In(120/3E:MET+MET+COL) | Iron Bash(230/5E:MET+MET+MET+MET+COL)
992,Duraludon,POKEMON,130,METAL,FIRE,GRASS,2,True,False,False,False,False,False,2,130,3,43.3,Confront(50/2E:MET+MET) | Duralubeam(130/3E:MET+MET+MET)
993,Orthworm ex,POKEMON,220,METAL,FIRE,GRASS,4,True,False,False,True,False,False,1,150,4,37.5,Rock Tomb(150/4E:COL+COL+COL+COL)
994,Fraxure,POKEMON,100,DRAGON,,,2,False,True,False,False,False,False,1,80,2,40.0,Dragon Pulse(80/2E:FIG+MET)
995,Haxorus,POKEMON,170,DRAGON,,,2,False,False,True,False,False,False,2,230,2,115.0,Bring Down the Axe(0/1E:FIG) | Dragon Pulse(230/2E:FIG+MET)
996,Larry's Dunsparce,POKEMON,70,COLORLESS,FIGHTING,,0,True,False,False,False,False,False,1,10,1,10.0,Rising Lunge(10/1E:COL)
997,Larry's Dudunsparce ex,POKEMON,270,COLORLESS,FIGHTING,,3,False,True,False,True,False,False,1,0,3,0.0,Work Rush(0/3E:COL+COL+COL)
998,Slakoth,POKEMON,60,COLORLESS,FIGHTING,,2,True,False,False,False,False,False,1,0,1,0.0,Take It Easy(0/1E:COL)
999,Vigoroth,POKEMON,90,COLORLESS,FIGHTING,,2,False,True,False,False,False,False,1,50,2,25.0,Slashing Claw(50/2E:COL+COL)
1000,Skitty,POKEMON,60,COLORLESS,FIGHTING,,1,True,False,False,False,False,False,1,20,1,20.0,Cat Kick(20/1E:COL)
1001,Delcatty,POKEMON,100,COLORLESS,FIGHTING,,1,False,True,False,False,False,False,2,40,1,40.0,Cat Kick(40/1E:COL) | Energy Crush(0/2E:COL+COL)
1002,Zangoose ex,POKEMON,200,COLORLESS,FIGHTING,,1,True,False,False,True,False,False,2,180,3,60.0,Spike Draw(20/1E:COL) | Wild Scissors(180/3E:COL+COL+COL)
1003,Larry's Starly,POKEMON,60,COLORLESS,LIGHTNING,FIGHTING,1,True,False,False,False,False,False,2,10,1,10.0,Minor Errand-Running(0/1E:COL) | Glide(10/1E:COL)
1004,Larry's Staravia,POKEMON,90,COLORLESS,LIGHTNING,FIGHTING,1,False,True,False,False,False,False,2,50,2,25.0,Flap(20/1E:COL) | Razor Wing(50/2E:COL+COL)
1005,Larry's Staraptor,POKEMON,150,COLORLESS,LIGHTNING,FIGHTING,1,False,False,True,False,False,False,2,150,3,50.0,Facade(60/1E:COL) | Feathery Strike(150/3E:COL+COL+COL)
1006,Mega Audino ex,POKEMON,270,COLORLESS,FIGHTING,,1,True,False,False,False,True,False,2,20,3,6.7,Kaleidowaltz(0/1E:COL) | Ear Force(20/3E:COL+COL+COL)
1007,Larry's Rufflet,POKEMON,70,COLORLESS,LIGHTNING,FIGHTING,1,True,False,False,False,False,False,1,20,2,10.0,Peck the Wound(20/2E:COL+COL)
1008,Larry's Braviary,POKEMON,130,COLORLESS,LIGHTNING,FIGHTING,1,False,True,False,False,False,False,2,120,3,40.0,Clutch(50/2E:COL+COL) | Brave Bird(120/3E:COL+COL+COL)
1009,Larry's Komala,POKEMON,90,COLORLESS,FIGHTING,,2,True,False,False,False,False,False,1,0,1,0.0,Dozing Draw(0/1E:COL)
1010,Drampa,POKEMON,130,COLORLESS,FIGHTING,,2,True,False,False,False,False,False,2,120,3,40.0,Gentle Slap(50/2E:COL+COL) | Dragon Strike(120/3E:COL+COL+COL)
1011,Spinarak,POKEMON,60,GRASS,FIRE,,1,True,False,False,False,False,False,1,10,1,10.0,Gooey Thread(10/1E:GRA)
1012,Ariados,POKEMON,110,GRASS,FIRE,,1,False,True,False,False,False,False,1,50,1,50.0,Poison Ring(50/1E:GRA)
1013,Shaymin,POKEMON,70,GRASS,FIRE,,0,True,False,False,False,False,False,2,30,1,30.0,Send Flowers(0/1E:GRA) | Leaf Step(30/1E:GRA)
1014,Snivy,POKEMON,70,GRASS,FIRE,,1,True,False,False,False,False,False,1,30,1,30.0,Reckless Charge(30/1E:GRA)
1015,Servine,POKEMON,100,GRASS,FIRE,,1,False,True,False,False,False,False,1,40,1,40.0,Solar Cutter(40/1E:GRA)
1016,Serperior,POKEMON,160,GRASS,FIRE,,2,False,False,True,False,False,False,2,100,3,33.3,Regal Command(0/1E:GRA) | Solar Coiling(100/3E:GRA+GRA+GRA)
1017,Scatterbug,POKEMON,40,GRASS,FIRE,,1,True,False,False,False,False,False,1,20,1,20.0,Gnaw(20/1E:GRA)
1018,Spewpa,POKEMON,80,GRASS,FIRE,,3,False,True,False,False,False,False,1,0,1,0.0,Hide(0/1E:GRA)
1019,Vivillon,POKEMON,120,GRASS,FIRE,,1,False,False,True,False,False,False,1,60,1,60.0,Blow Through(60/1E:GRA)
1020,Rowlet,POKEMON,80,GRASS,FIRE,,2,True,False,False,False,False,False,2,30,3,10.0,Find a Friend(0/1E:GRA) | Tackle(30/3E:COL+COL+COL)
1021,Dartrix,POKEMON,100,GRASS,FIRE,,2,False,True,False,False,False,False,2,20,1,20.0,Leafage(20/1E:GRA) | Feather Shot(0/3E:COL+COL+COL)
1022,Decidueye ex,POKEMON,320,GRASS,FIRE,,2,False,False,True,True,False,False,1,240,4,60.0,Crushing Arrow(240/4E:GRA+COL+COL+COL)
1023,Fletchinder,POKEMON,90,FIRE,LIGHTNING,FIGHTING,1,False,True,False,False,False,False,1,60,2,30.0,Flare(60/2E:FIR+FIR)
1024,Talonflame,POKEMON,150,FIRE,LIGHTNING,FIGHTING,1,False,False,True,False,False,False,1,110,2,55.0,Fire Wing(110/2E:FIR+FIR)
1025,Salandit,POKEMON,70,FIRE,WATER,,1,True,False,False,False,False,False,1,20,1,20.0,Fire Claws(20/1E:FIR)
1026,Salazzle ex,POKEMON,260,FIRE,WATER,,1,False,True,False,True,False,False,2,100,2,50.0,Nasty Plot(0/1E:FIR) | Dire Nails(100/2E:FIR+FIR)
1027,Turtonator,POKEMON,120,FIRE,WATER,,2,True,False,False,False,False,False,1,80,3,26.7,Heat Breath(80/3E:FIR+FIR+COL)
1028,Seel,POKEMON,80,WATER,LIGHTNING,,2,True,False,False,False,False,False,2,30,2,15.0,Rain Splash(10/1E:WAT) | Wave Splash(30/2E:WAT+WAT)
1029,Dewgong,POKEMON,130,WATER,LIGHTNING,,2,False,True,False,False,False,False,1,60,2,30.0,Wave Splash(60/2E:WAT+WAT)
1030,Staryu,POKEMON,70,WATER,LIGHTNING,,1,True,False,False,False,False,False,1,20,1,20.0,Water Gun(20/1E:WAT)
1031,Mega Starmie ex,POKEMON,330,WATER,LIGHTNING,,2,False,True,False,False,True,False,2,210,3,70.0,Jetting Blow(120/1E:WAT) | Nebula Beam(210/3E:COL+COL+COL)
1032,Amaura,POKEMON,100,WATER,METAL,,3,False,True,False,False,False,False,1,50,2,25.0,Icy Wind(50/2E:WAT+COL)
1033,Aurorus,POKEMON,170,WATER,METAL,,3,False,False,True,False,False,False,1,150,3,50.0,Freezing Chill(150/3E:WAT+WAT+COL)
1034,Volcanion,POKEMON,130,WATER,LIGHTNING,,3,True,False,False,False,False,False,2,50,2,25.0,Strength(50/2E:WAT+COL) | Powerful Steam(0/3E:WAT+WAT+COL)
1035,Shinx,POKEMON,70,LIGHTNING,FIGHTING,,1,True,False,False,False,False,False,1,0,1,0.0,Double Scratch(0/1E:LIG)
1036,Luxio,POKEMON,90,LIGHTNING,FIGHTING,,1,False,True,False,False,False,False,1,40,2,20.0,Static Shock(40/2E:LIG+COL)
1037,Luxray,POKEMON,150,LIGHTNING,FIGHTING,,0,False,False,True,False,False,False,2,200,3,66.7,Incessant Onslaught(0/2E:LIG+COL) | Strong Volt(200/3E:LIG+COL+COL)
1038,Dedenne,POKEMON,70,LIGHTNING,FIGHTING,,1,True,False,False,False,False,False,2,30,2,15.0,Tail Generator(0/1E:LIG) | Thunder Shock(30/2E:LIG+COL)
1039,Clefairy,POKEMON,70,PSYCHIC,METAL,,1,True,False,False,False,False,False,2,30,2,15.0,Follow Me(0/1E:PSY) | Flop(30/2E:PSY+PSY)
1040,Mega Clefable ex,POKEMON,320,PSYCHIC,METAL,,1,False,True,False,False,True,False,1,120,2,60.0,Shooting Moons(120/2E:PSY+PSY)
1041,Mawile,POKEMON,110,PSYCHIC,METAL,,2,True,False,False,False,False,False,1,0,2,0.0,Double Eater(0/2E:PSY+COL)
1042,Espurr,POKEMON,60,PSYCHIC,DARKNESS,FIGHTING,1,True,False,False,False,False,False,2,10,1,10.0,Nap(0/1E:COL) | Stampede(10/1E:PSY)
1043,Meowstic,POKEMON,100,PSYCHIC,DARKNESS,FIGHTING,1,False,True,False,False,False,False,2,30,1,30.0,Perplex(0/1E:PSY) | Psychic(30/1E:PSY)
1044,Spritzee,POKEMON,70,PSYCHIC,METAL,,1,True,False,False,False,False,False,2,10,1,10.0,Sweet Scent(0/1E:COL) | Ram(10/1E:PSY)
1045,Aromatisse,POKEMON,120,PSYCHIC,METAL,,1,False,True,False,False,False,False,1,50,2,25.0,Draining Kiss(50/2E:PSY+COL)
1046,Nosepass,POKEMON,90,FIGHTING,GRASS,,3,True,False,False,False,False,False,1,40,2,20.0,Rolling Rocks(40/2E:FIG+FIG)
1047,Probopass,POKEMON,140,FIGHTING,GRASS,,3,False,True,False,False,False,False,2,260,4,65.0,Rolling Rocks(60/2E:FIG+FIG) | Obliterating Nose(260/4E:FIG+FIG+FIG+COL)
1048,Hippopotas,POKEMON,100,FIGHTING,GRASS,,4,True,False,False,False,False,False,2,60,3,20.0,Sand Attack(10/1E:FIG) | Bite(60/3E:FIG+COL+COL)
1049,Hippowdon,POKEMON,150,FIGHTING,GRASS,,4,False,True,False,False,False,False,2,130,4,32.5,Twister Spewing(80/3E:FIG+FIG+COL) | Heavy Impact(130/4E:FIG+FIG+COL+COL)
1050,Landorus,POKEMON,120,FIGHTING,GRASS,,1,True,False,False,False,False,False,2,120,3,40.0,Rock Tumble(50/2E:FIG+FIG) | Screw Knuckle(120/3E:FIG+FIG+COL)
1051,Binacle,POKEMON,80,FIGHTING,GRASS,,2,True,False,False,False,False,False,2,30,2,15.0,Double Draw(0/1E:FIG) | Scratch(30/2E:FIG+FIG)
1052,Barbaracle,POKEMON,130,FIGHTING,GRASS,,2,False,True,False,False,False,False,1,80,3,26.7,Hammer In(80/3E:FIG+FIG+COL)
1053,Tyrunt,POKEMON,100,FIGHTING,GRASS,,3,False,True,False,False,False,False,1,0,2,0.0,Get Angry(0/2E:FIG+COL)
1054,Tyrantrum,POKEMON,180,FIGHTING,GRASS,,3,False,False,True,False,False,False,1,160,2,80.0,Wreak Havoc(160/2E:FIG+COL)
1055,Hawlucha,POKEMON,70,FIGHTING,PSYCHIC,,0,True,False,False,False,False,False,1,30,1,30.0,Vengeful Kick(30/1E:FIG)
1056,Mega Zygarde ex,POKEMON,310,FIGHTING,GRASS,,2,True,False,False,False,True,False,2,200,3,66.7,Gaia Wave(200/3E:FIG+FIG+FIG) | Nullifying Zero(0/5E:FIG+FIG+FIG+FIG+FIG)
1057,Gastly,POKEMON,70,DARKNESS,FIGHTING,,1,True,False,False,False,False,False,1,30,1,30.0,Surprise Attack(30/1E:DAR)
1058,Haunter,POKEMON,100,DARKNESS,FIGHTING,,1,False,True,False,False,False,False,1,0,1,0.0,Haunt(0/1E:DAR)
1059,Gengar,POKEMON,130,DARKNESS,FIGHTING,,1,False,False,True,False,False,False,1,10,1,10.0,Mind Jack(10/1E:DAR)
1060,Skorupi,POKEMON,80,DARKNESS,FIGHTING,,2,True,False,False,False,False,False,1,20,2,10.0,Poison Jab(20/2E:DAR+DAR)
1061,Drapion,POKEMON,140,DARKNESS,FIGHTING,,3,False,True,False,False,False,False,2,100,3,33.3,Wrack Down(60/2E:DAR+DAR) | Hazardous Tail(100/3E:DAR+DAR+DAR)
1062,Yveltal ex,POKEMON,210,DARKNESS,LIGHTNING,FIGHTING,1,True,False,False,True,False,False,2,210,3,70.0,Soul Destroyer(0/3E:DAR+DAR+COL) | Dark Strike(210/3E:DAR+DAR+COL)
1063,Chien-Pao,POKEMON,120,DARKNESS,GRASS,,1,True,False,False,False,False,False,2,80,3,26.7,Strafe(20/1E:DAR) | Rising Blade(80/3E:DAR+DAR+COL)
1064,Mega Skarmory ex,POKEMON,260,METAL,LIGHTNING,FIGHTING,0,True,False,False,False,True,False,1,0,3,0.0,Sonic Ripper(0/3E:MET+MET+COL)
1065,Honedge,POKEMON,70,METAL,FIRE,GRASS,2,True,False,False,False,False,False,1,10,1,10.0,Cut(10/1E:COL)
1066,Doublade,POKEMON,100,METAL,FIRE,GRASS,2,False,True,False,False,False,False,1,0,2,0.0,Weaponized Swords(0/2E:COL+COL)
1067,Aegislash,POKEMON,150,METAL,FIRE,GRASS,3,False,False,True,False,False,False,2,230,4,57.5,Slash(80/3E:COL+COL+COL) | Metal Slash(230/4E:MET+COL+COL+COL)
1068,Klefki,POKEMON,70,METAL,FIRE,GRASS,1,True,False,False,False,False,False,1,30,1,30.0,Memory Lock(30/1E:MET)
1069,Rattata,POKEMON,40,COLORLESS,FIGHTING,,1,True,False,False,False,False,False,1,30,1,30.0,Take Down(30/1E:COL)
1070,Raticate,POKEMON,90,COLORLESS,FIGHTING,,1,False,True,False,False,False,False,2,20,1,20.0,Scrape Off(20/1E:COL) | Retaliatory Incisors(0/1E:COL)
1071,Meowth ex,POKEMON,170,COLORLESS,FIGHTING,,1,True,False,False,True,False,False,1,60,3,20.0,Tuck Tail(60/3E:COL+COL+COL)
1072,Snorlax,POKEMON,160,COLORLESS,FIGHTING,,4,True,False,False,False,False,False,2,160,4,40.0,Gormandizer(0/1E:COL) | Collapse(160/4E:COL+COL+COL+COL)
1073,Bunnelby,POKEMON,70,COLORLESS,FIGHTING,,1,True,False,False,False,False,False,1,10,1,10.0,Smash Kick(10/1E:COL)
1074,Diggersby,POKEMON,150,COLORLESS,FIGHTING,,4,False,True,False,False,False,False,2,140,1,140.0,Earthquake(140/1E:COL) | Whap Down(100/3E:COL+COL+COL)
1075,Fletchling,POKEMON,60,COLORLESS,LIGHTNING,FIGHTING,1,True,False,False,False,False,False,2,20,2,10.0,Chirp(0/1E:COL) | Peck(20/2E:COL+COL)
1076,Furfrou,POKEMON,90,COLORLESS,FIGHTING,,1,True,False,False,False,False,False,2,30,1,30.0,Hand Trim(0/1E:COL) | Headbutt(30/1E:COL)
1077,Roto-Stick,ITEM,0,COLORLESS,,,0,False,False,False,False,False,False,0,0,99,0,
1078,Hole-Digging Shovel,ITEM,0,COLORLESS,,,0,False,False,False,False,False,False,0,0,99,0,
1079,Rare Candy,ITEM,0,COLORLESS,,,0,False,False,False,False,False,False,0,0,99,0,
1080,Unfair Stamp,ITEM,0,COLORLESS,,,0,False,False,False,False,False,True,0,0,99,0,
1081,Enhanced Hammer,ITEM,0,COLORLESS,,,0,False,False,False,False,False,False,0,0,99,0,
1082,Hyper Aroma,ITEM,0,COLORLESS,,,0,False,False,False,False,False,True,0,0,99,0,
1083,Love Ball,ITEM,0,COLORLESS,,,0,False,False,False,False,False,False,0,0,99,0,
1084,Boxed Order,ITEM,0,COLORLESS,,,0,False,False,False,False,False,False,0,0,99,0,
1085,Awakening Drum,ITEM,0,COLORLESS,,,0,False,False,False,False,False,True,0,0,99,0,
1086,Buddy-Buddy Poffin,ITEM,0,COLORLESS,,,0,False,False,False,False,False,False,0,0,99,0,
1087,Hand Trimmer,ITEM,0,COLORLESS,,,0,False,False,False,False,False,False,0,0,99,0,
1088,Prime Catcher,ITEM,0,COLORLESS,,,0,False,False,False,False,False,True,0,0,99,0,
1089,Reboot Pod,ITEM,0,COLORLESS,,,0,False,False,False,False,False,True,0,0,99,0,
1090,Ogre’s Mask,ITEM,0,COLORLESS,,,0,False,False,False,False,False,False,0,0,99,0,
1091,Accompanying Flute,ITEM,0,COLORLESS,,,0,False,False,False,False,False,False,0,0,99,0,
1092,Secret Box,ITEM,0,COLORLESS,,,0,False,False,False,False,False,True,0,0,99,0,
1093,Scoop Up Cyclone,ITEM,0,COLORLESS,,,0,False,False,False,False,False,True,0,0,99,0,
1094,Bug Catching Set,ITEM,0,COLORLESS,,,0,False,False,False,False,False,False,0,0,99,0,
1095,Dangerous Laser,ITEM,0,COLORLESS,,,0,False,False,False,False,False,True,0,0,99,0,
1096,Poké Vital A,ITEM,0,COLORLESS,,,0,False,False,False,False,False,True,0,0,99,0,
1097,Night Stretcher,ITEM,0,COLORLESS,,,0,False,False,False,False,False,False,0,0,99,0,
1098,Glass Trumpet,ITEM,0,COLORLESS,,,0,False,False,False,False,False,False,0,0,99,0,
1099,Antique Root Fossil,ITEM,60,COLORLESS,,,0,True,False,False,False,False,False,0,0,99,0,
1100,Energy Search Pro,ITEM,0,COLORLESS,,,0,False,False,False,False,False,True,0,0,99,0,
1101,Call Bell,ITEM,0,COLORLESS,,,0,False,False,False,False,False,False,0,0,99,0,
1102,Dusk Ball,ITEM,0,COLORLESS,,,0,False,False,False,False,False,False,0,0,99,0,
1103,Meddling Memo,ITEM,0,COLORLESS,,,0,False,False,False,False,False,False,0,0,99,0,
1104,Megaton Blower,ITEM,0,COLORLESS,,,0,False,False,False,False,False,True,0,0,99,0,
1105,Dragon Elixir,ITEM,0,COLORLESS,,,0,False,False,False,False,False,False,0,0,99,0,
1106,Deduction Kit,ITEM,0,COLORLESS,,,0,False,False,False,False,False,False,0,0,99,0,
1107,Scramble Switch,ITEM,0,COLORLESS,,,0,False,False,False,False,False,True,0,0,99,0,
1108,Chill Teaser Toy,ITEM,0,COLORLESS,,,0,False,False,False,False,False,False,0,0,99,0,
1109,Miracle Headset,ITEM,0,COLORLESS,,,0,False,False,False,False,False,True,0,0,99,0,
1110,Max Rod,ITEM,0,COLORLESS,,,0,False,False,False,False,False,True,0,0,99,0,
1111,Treasure Tracker,ITEM,0,COLORLESS,,,0,False,False,False,False,False,True,0,0,99,0,
1112,Super Potion,ITEM,0,COLORLESS,,,0,False,False,False,False,False,False,0,0,99,0,
1113,N’s PP Up,ITEM,0,COLORLESS,,,0,False,False,False,False,False,False,0,0,99,0,
1114,Redeemable Ticket,ITEM,0,COLORLESS,,,0,False,False,False,False,False,False,0,0,99,0,
1115,Hop’s Bag,ITEM,0,COLORLESS,,,0,False,False,False,False,False,False,0,0,99,0,
1116,Energy Switch,ITEM,0,COLORLESS,,,0,False,False,False,False,False,False,0,0,99,0,
1117,Potion,ITEM,0,COLORLESS,,,0,False,False,False,False,False,False,0,0,99,0,
1118,Energy Retrieval,ITEM,0,COLORLESS,,,0,False,False,False,False,False,False,0,0,99,0,
1119,Energy Search,ITEM,0,COLORLESS,,,0,False,False,False,False,False,False,0,0,99,0,
1120,Crushing Hammer,ITEM,0,COLORLESS,,,0,False,False,False,False,False,False,0,0,99,0,
1121,Ultra Ball,ITEM,0,COLORLESS,,,0,False,False,False,False,False,False,0,0,99,0,
1122,Pokégear 3.0,ITEM,0,COLORLESS,,,0,False,False,False,False,False,False,0,0,99,0,
1123,Switch,ITEM,0,COLORLESS,,,0,False,False,False,False,False,False,0,0,99,0,
1124,Pokémon Catcher,ITEM,0,COLORLESS,,,0,False,False,False,False,False,False,0,0,99,0,
1125,Master Ball,ITEM,0,COLORLESS,,,0,False,False,False,False,False,True,0,0,99,0,
1126,Precious Trolley,ITEM,0,COLORLESS,,,0,False,False,False,False,False,True,0,0,99,0,
1127,Tera Orb,ITEM,0,COLORLESS,,,0,False,False,False,False,False,False,0,0,99,0,
1128,Brilliant Blender,ITEM,0,COLORLESS,,,0,False,False,False,False,False,True,0,0,99,0,
1129,Sacred Ash,ITEM,0,COLORLESS,,,0,False,False,False,False,False,False,0,0,99,0,
1130,Arven's Sandwich,ITEM,0,COLORLESS,,,0,False,False,False,False,False,False,0,0,99,0,
1131,Team Rocket's Bother-Bot,ITEM,0,COLORLESS,,,0,False,False,False,False,False,False,0,0,99,0,
1132,Team Rocket's Great Ball,ITEM,0,COLORLESS,,,0,False,False,False,False,False,False,0,0,99,0,
1133,Team Rocket's Venture Bomb,ITEM,0,COLORLESS,,,0,False,False,False,False,False,False,0,0,99,0,
1134,Team Rocket's Transceiver,ITEM,0,COLORLESS,,,0,False,False,False,False,False,False,0,0,99,0,
1135,Energy Coin,ITEM,0,COLORLESS,,,0,False,False,False,False,False,False,0,0,99,0,
1136,Antique Cover Fossil,ITEM,60,COLORLESS,,,0,True,False,False,False,False,False,0,0,99,0,
1137,Tool Scrapper,ITEM,0,COLORLESS,,,0,False,False,False,False,False,False,0,0,99,0,
1138,Antique Plume Fossil,ITEM,60,COLORLESS,,,0,True,False,False,False,False,False,0,0,99,0,
1139,Energy Recycler,ITEM,0,COLORLESS,,,0,False,False,False,False,False,False,0,0,99,0,
1140,Iron Defender,ITEM,0,COLORLESS,,,0,False,False,False,False,False,False,0,0,99,0,
1141,Premium Power Pro,ITEM,0,COLORLESS,,,0,False,False,False,False,False,False,0,0,99,0,
1142,Fighting Gong,ITEM,0,COLORLESS,,,0,False,False,False,False,False,False,0,0,99,0,
1143,Repel,ITEM,0,COLORLESS,,,0,False,False,False,False,False,False,0,0,99,0,
1144,Strange Timepiece,ITEM,0,COLORLESS,,,0,False,False,False,False,False,False,0,0,99,0,
1145,Mega Signal,ITEM,0,COLORLESS,,,0,False,False,False,False,False,False,0,0,99,0,
1146,Wondrous Patch,ITEM,0,COLORLESS,,,0,False,False,False,False,False,False,0,0,99,0,
1147,Jumbo Ice Cream,ITEM,0,COLORLESS,,,0,False,False,False,False,False,False,0,0,99,0,
1148,Blowtorch,ITEM,0,COLORLESS,,,0,False,False,False,False,False,False,0,0,99,0,
1149,Energy Swatter,ITEM,0,COLORLESS,,,0,False,False,False,False,False,False,0,0,99,0,
1150,Antique Jaw Fossil,ITEM,60,COLORLESS,,,0,True,False,False,False,False,False,0,0,99,0,
1151,Antique Sail Fossil,ITEM,60,COLORLESS,,,0,True,False,False,False,False,False,0,0,99,0,
1152,Poké Pad,ITEM,0,COLORLESS,,,0,False,False,False,False,False,False,0,0,99,0,
1153,Lumiose Galette,ITEM,0,COLORLESS,,,0,False,False,False,False,False,False,0,0,99,0,
1154,Team Rocket’s Hypnotizer,TOOL,0,COLORLESS,,,0,False,False,False,False,False,False,0,0,99,0,
1155,Survival Brace,TOOL,0,COLORLESS,,,0,False,False,False,False,False,True,0,0,99,0,
1156,Lucky Helmet,TOOL,0,COLORLESS,,,0,False,False,False,False,False,False,0,0,99,0,
1157,Rescue Board,TOOL,0,COLORLESS,,,0,False,False,False,False,False,False,0,0,99,0,
1158,Maximum Belt,TOOL,0,COLORLESS,,,0,False,False,False,False,False,True,0,0,99,0,
1159,Hero’s Cape,TOOL,0,COLORLESS,,,0,False,False,False,False,False,True,0,0,99,0,
1160,Heavy Baton,TOOL,0,COLORLESS,,,0,False,False,False,False,False,False,0,0,99,0,
1161,Handheld Fan,TOOL,0,COLORLESS,,,0,False,False,False,False,False,False,0,0,99,0,
1162,Binding Mochi,TOOL,0,COLORLESS,,,0,False,False,False,False,False,False,0,0,99,0,
1163,Powerglass,TOOL,0,COLORLESS,,,0,False,False,False,False,False,False,0,0,99,0,
1164,Payapa Berry,TOOL,0,COLORLESS,,,0,False,False,False,False,False,False,0,0,99,0,
1165,Sparkling Crystal,TOOL,0,COLORLESS,,,0,False,False,False,False,False,True,0,0,99,0,
1166,Gravity Gemstone,TOOL,0,COLORLESS,,,0,False,False,False,False,False,False,0,0,99,0,
1167,Deluxe Bomb,TOOL,0,COLORLESS,,,0,False,False,False,False,False,True,0,0,99,0,
1168,Counter Gain,TOOL,0,COLORLESS,,,0,False,False,False,False,False,False,0,0,99,0,
1169,Amulet of Hope,TOOL,0,COLORLESS,,,0,False,False,False,False,False,True,0,0,99,0,
1170,Haban Berry,TOOL,0,COLORLESS,,,0,False,False,False,False,False,False,0,0,99,0,
1171,Hop’s Choice Band,TOOL,0,COLORLESS,,,0,False,False,False,False,False,False,0,0,99,0,
1172,Lillie’s Pearl,TOOL,0,COLORLESS,,,0,False,False,False,False,False,False,0,0,99,0,
1173,Cynthia's Power Weight,TOOL,0,COLORLESS,,,0,False,False,False,False,False,False,0,0,99,0,
1174,Air Balloon,TOOL,0,COLORLESS,,,0,False,False,False,False,False,False,0,0,99,0,
1175,Brave Bangle,TOOL,0,COLORLESS,,,0,False,False,False,False,False,False,0,0,99,0,
1176,Punk Helmet,TOOL,0,COLORLESS,,,0,False,False,False,False,False,False,0,0,99,0,
1177,Sacred Charm,TOOL,0,COLORLESS,,,0,False,False,False,False,False,False,0,0,99,0,
1178,Light Ball,TOOL,0,COLORLESS,,,0,False,False,False,False,False,False,0,0,99,0,
1179,Thick Scale,TOOL,0,COLORLESS,,,0,False,False,False,False,False,False,0,0,99,0,
1180,Core Memory,TOOL,0,COLORLESS,,,0,False,False,False,False,False,False,1,350,4,87.5,Geobuster(350/4E:FIG+FIG+FIG+FIG)
1181,Billy & O'Nare,SUPPORTER,0,COLORLESS,,,0,False,False,False,False,False,False,0,0,99,0,
1182,Boss’s Orders,SUPPORTER,0,COLORLESS,,,0,False,False,False,False,False,False,0,0,99,0,
1183,Perrin,SUPPORTER,0,COLORLESS,,,0,False,False,False,False,False,False,0,0,99,0,
1184,Lana’s Aid,SUPPORTER,0,COLORLESS,,,0,False,False,False,False,False,False,0,0,99,0,
1185,Explorer’s Guidance,SUPPORTER,0,COLORLESS,,,0,False,False,False,False,False,False,0,0,99,0,
1186,Eri,SUPPORTER,0,COLORLESS,,,0,False,False,False,False,False,False,0,0,99,0,
1187,Morty’s Conviction,SUPPORTER,0,COLORLESS,,,0,False,False,False,False,False,False,0,0,99,0,
1188,Ciphermaniac’s Codebreaking,SUPPORTER,0,COLORLESS,,,0,False,False,False,False,False,False,0,0,99,0,
1189,Salvatore,SUPPORTER,0,COLORLESS,,,0,False,False,False,False,False,False,0,0,99,0,
1190,Bianca’s Devotion,SUPPORTER,0,COLORLESS,,,0,False,False,False,False,False,False,0,0,99,0,
1191,Kieran,SUPPORTER,0,COLORLESS,,,0,False,False,False,False,False,False,0,0,99,0,
1192,Carmine,SUPPORTER,0,COLORLESS,,,0,False,False,False,False,False,False,0,0,99,0,
1193,Hassel,SUPPORTER,0,COLORLESS,,,0,False,False,False,False,False,False,0,0,99,0,
1194,Colress’s Tenacity,SUPPORTER,0,COLORLESS,,,0,False,False,False,False,False,False,0,0,99,0,
1195,Janine’s Secret Art,SUPPORTER,0,COLORLESS,,,0,False,False,False,False,False,False,0,0,99,0,
1196,Cassiopeia,SUPPORTER,0,COLORLESS,,,0,False,False,False,False,False,False,0,0,99,0,
1197,Xerosic’s Machinations,SUPPORTER,0,COLORLESS,,,0,False,False,False,False,False,False,0,0,99,0,
1198,Crispin,SUPPORTER,0,COLORLESS,,,0,False,False,False,False,False,False,0,0,99,0,
1199,Lacey,SUPPORTER,0,COLORLESS,,,0,False,False,False,False,False,False,0,0,99,0,
1200,Kofu,SUPPORTER,0,COLORLESS,,,0,False,False,False,False,False,False,0,0,99,0,
1201,Briar,SUPPORTER,0,COLORLESS,,,0,False,False,False,False,False,False,0,0,99,0,
1202,Drayton,SUPPORTER,0,COLORLESS,,,0,False,False,False,False,False,False,0,0,99,0,
1203,Surfer,SUPPORTER,0,COLORLESS,,,0,False,False,False,False,False,False,0,0,99,0,
1204,Lisia’s Appeal,SUPPORTER,0,COLORLESS,,,0,False,False,False,False,False,False,0,0,99,0,
1205,Cyrano,SUPPORTER,0,COLORLESS,,,0,False,False,False,False,False,False,0,0,99,0,
1206,Larry’s Skill,SUPPORTER,0,COLORLESS,,,0,False,False,False,False,False,False,0,0,99,0,
1207,Amarys,SUPPORTER,0,COLORLESS,,,0,False,False,False,False,False,False,0,0,99,0,
1208,Iris’s Fighting Spirit,SUPPORTER,0,COLORLESS,,,0,False,False,False,False,False,False,0,0,99,0,
1209,Ruffian,SUPPORTER,0,COLORLESS,,,0,False,False,False,False,False,False,0,0,99,0,
1210,Brock’s Scouting,SUPPORTER,0,COLORLESS,,,0,False,False,False,False,False,False,0,0,99,0,
1211,Black Belt’s Training,SUPPORTER,0,COLORLESS,,,0,False,False,False,False,False,False,0,0,99,0,
1212,Cook,SUPPORTER,0,COLORLESS,,,0,False,False,False,False,False,False,0,0,99,0,
1213,Judge,SUPPORTER,0,COLORLESS,,,0,False,False,False,False,False,False,0,0,99,0,
1214,Emcee's Hype,SUPPORTER,0,COLORLESS,,,0,False,False,False,False,False,False,0,0,99,0,
1215,Ethan's Adventure,SUPPORTER,0,COLORLESS,,,0,False,False,False,False,False,False,0,0,99,0,
1216,Team Rocket's Ariana,SUPPORTER,0,COLORLESS,,,0,False,False,False,False,False,False,0,0,99,0,
1217,Team Rocket's Archer,SUPPORTER,0,COLORLESS,,,0,False,False,False,False,False,False,0,0,99,0,
1218,Team Rocket's Giovanni,SUPPORTER,0,COLORLESS,,,0,False,False,False,False,False,False,0,0,99,0,
1219,Team Rocket's Petrel,SUPPORTER,0,COLORLESS,,,0,False,False,False,False,False,False,0,0,99,0,
1220,Team Rocket's Proton,SUPPORTER,0,COLORLESS,,,0,False,False,False,False,False,False,0,0,99,0,
1221,N's Plan,SUPPORTER,0,COLORLESS,,,0,False,False,False,False,False,False,0,0,99,0,
1222,Fennel,SUPPORTER,0,COLORLESS,,,0,False,False,False,False,False,False,0,0,99,0,
1223,Harlequin,SUPPORTER,0,COLORLESS,,,0,False,False,False,False,False,False,0,0,99,0,
1224,Cheren,SUPPORTER,0,COLORLESS,,,0,False,False,False,False,False,False,0,0,99,0,
1225,Hilda,SUPPORTER,0,COLORLESS,,,0,False,False,False,False,False,False,0,0,99,0,
1226,Lt. Surge's Bargain,SUPPORTER,0,COLORLESS,,,0,False,False,False,False,False,False,0,0,99,0,
1227,Lillie's Determination,SUPPORTER,0,COLORLESS,,,0,False,False,False,False,False,False,0,0,99,0,
1228,Acerola's Mischief,SUPPORTER,0,COLORLESS,,,0,False,False,False,False,False,False,0,0,99,0,
1229,Wally's Compassion,SUPPORTER,0,COLORLESS,,,0,False,False,False,False,False,False,0,0,99,0,
1230,Grimsley's Move,SUPPORTER,0,COLORLESS,,,0,False,False,False,False,False,False,0,0,99,0,
1231,Dawn,SUPPORTER,0,COLORLESS,,,0,False,False,False,False,False,False,0,0,99,0,
1232,Firebreather,SUPPORTER,0,COLORLESS,,,0,False,False,False,False,False,False,0,0,99,0,
1233,Canari,SUPPORTER,0,COLORLESS,,,0,False,False,False,False,False,False,0,0,99,0,
1234,Anthea & Concordia,SUPPORTER,0,COLORLESS,,,0,False,False,False,False,False,False,0,0,99,0,
1235,Waitress,SUPPORTER,0,COLORLESS,,,0,False,False,False,False,False,False,0,0,99,0,
1236,Urbain,SUPPORTER,0,COLORLESS,,,0,False,False,False,False,False,False,0,0,99,0,
1237,Lucian,SUPPORTER,0,COLORLESS,,,0,False,False,False,False,False,False,0,0,99,0,
1238,Tarragon,SUPPORTER,0,COLORLESS,,,0,False,False,False,False,False,False,0,0,99,0,
1239,Naveen,SUPPORTER,0,COLORLESS,,,0,False,False,False,False,False,False,0,0,99,0,
1240,Rosa's Encouragement,SUPPORTER,0,COLORLESS,,,0,False,False,False,False,False,False,0,0,99,0,
1241,Jacinthe,SUPPORTER,0,COLORLESS,,,0,False,False,False,False,False,False,0,0,99,0,
1242,Community Center,STADIUM,0,COLORLESS,,,0,False,False,False,False,False,False,0,0,99,0,
1243,Perilous Jungle,STADIUM,0,COLORLESS,,,0,False,False,False,False,False,False,0,0,99,0,
1244,Full Metal Lab,STADIUM,0,COLORLESS,,,0,False,False,False,False,False,False,0,0,99,0,
1245,Festival Grounds,STADIUM,0,COLORLESS,,,0,False,False,False,False,False,False,0,0,99,0,
1246,Jamming Tower,STADIUM,0,COLORLESS,,,0,False,False,False,False,False,False,0,0,99,0,
1247,Neutralization Zone,STADIUM,0,COLORLESS,,,0,False,False,False,False,False,True,0,0,99,0,
1248,Academy at Night,STADIUM,0,COLORLESS,,,0,False,False,False,False,False,False,0,0,99,0,
1249,Grand Tree,STADIUM,0,COLORLESS,,,0,False,False,False,False,False,True,0,0,99,0,
1250,Area Zero Underdepths,STADIUM,0,COLORLESS,,,0,False,False,False,False,False,False,0,0,99,0,
1251,Lively Stadium,STADIUM,0,COLORLESS,,,0,False,False,False,False,False,False,0,0,99,0,
1252,Gravity Mountain,STADIUM,0,COLORLESS,,,0,False,False,False,False,False,False,0,0,99,0,
1253,N’s Castle,STADIUM,0,COLORLESS,,,0,False,False,False,False,False,False,0,0,99,0,
1254,Levincia,STADIUM,0,COLORLESS,,,0,False,False,False,False,False,False,0,0,99,0,
1255,Postwick,STADIUM,0,COLORLESS,,,0,False,False,False,False,False,False,0,0,99,0,
1256,Team Rocket's Watchtower,STADIUM,0,COLORLESS,,,0,False,False,False,False,False,False,0,0,99,0,
1257,Team Rocket's Factory,STADIUM,0,COLORLESS,,,0,False,False,False,False,False,False,0,0,99,0,
1258,Granite Cave,STADIUM,0,COLORLESS,,,0,False,False,False,False,False,False,0,0,99,0,
1259,Spikemuth Gym,STADIUM,0,COLORLESS,,,0,False,False,False,False,False,False,0,0,99,0,
1260,Risky Ruins,STADIUM,0,COLORLESS,,,0,False,False,False,False,False,False,0,0,99,0,
1261,Forest of Vitality,STADIUM,0,COLORLESS,,,0,False,False,False,False,False,False,0,0,99,0,
1262,Surfing Beach,STADIUM,0,COLORLESS,,,0,False,False,False,False,False,False,0,0,99,0,
1263,Mystery Garden,STADIUM,0,COLORLESS,,,0,False,False,False,False,False,False,0,0,99,0,
1264,Battle Cage,STADIUM,0,COLORLESS,,,0,False,False,False,False,False,False,0,0,99,0,
1265,Dizzying Valley,STADIUM,0,COLORLESS,,,0,False,False,False,False,False,False,0,0,99,0,
1266,Nighttime Mine,STADIUM,0,COLORLESS,,,0,False,False,False,False,False,False,0,0,99,0,
1267,Lumiose City,STADIUM,0,COLORLESS,,,0,False,False,False,False,False,False,0,0,99,0,
